date,IEF.Open,IEF.High,IEF.Low,IEF.Close,IEF.Volume,IEF.Adjusted
2010-01-04,88.73999786376953,88.94999694824219,88.62999725341797,88.81999969482422,619100,61.54884338378906
2010-01-05,89.05999755859375,89.3499984741211,89.05999755859375,89.20999908447266,1547500,61.81914520263672
2010-01-06,89.1500015258789,89.19999694824219,88.779998779296875,88.8499984741211,365500,61.56965255737305
2010-01-07,88.87000274658203,89.05000305175781,88.80999755859375,88.8499984741211,390900,61.56965255737305
2010-01-08,89.12999725341797,89.13999938964844,88.81999969482422,88.95999908447266,382500,61.645870208740234
2010-01-11,89.01000213623047,89.1500015258789,88.93000030517578,89.0199966430664,653600,61.68751907348633
2010-01-12,89.5999984741211,89.720001220703125,89.4800033569336,89.660003662109375,403000,62.13096618652344
2010-01-13,89.4800033569336,89.66999816894531,89.19999694824219,89.2300033569336,281900,61.83299255371094
2010-01-14,89.48999786376953,89.7699966430664,89.38999938964844,89.6500015258789,511700,62.124027252197266
2010-01-15,89.9800033569336,90.1500015258789,89.95999908447266,90.05000305175781,429200,62.40119552612305
2010-01-19,89.86000061035156,89.95999908447266,89.70999908447266,89.88999938964844,411900,62.29033279418945
2010-01-20,90.13999938964844,90.31999969482422,90.12999725341797,90.19999694824219,228800,62.505165100097656
2010-01-21,90.08000183105469,90.5999984741211,90.05999755859375,90.529998779296875,349200,62.73382568359375
2010-01-22,90.45999908447266,90.68000030517578,90.43000030517578,90.61000061035156,272900,62.7892951965332
2010-01-25,90.410003662109375,90.529998779296875,90.4000015258789,90.410003662109375,1699000,62.650665283203125
2010-01-26,90.69000244140625,90.70999908447266,90.41999816894531,90.589996337890625,490600,62.775394439697266
2010-01-27,90.63999938964844,90.80999755859375,90.30000305175781,90.37999725341797,342100,62.62980270385742
2010-01-28,90.089996337890625,90.44999694824219,90.089996337890625,90.3499984741211,318100,62.60908508300781
2010-01-29,90.26000213623047,90.69999694824219,90.1500015258789,90.69999694824219,396700,62.851619720458984
2010-02-01,90.26000213623047,90.26000213623047,89.98999786376953,90.089996337890625,634300,62.63613510131836
2010-02-02,90.12999725341797,90.25,90.0999984741211,90.23999786376953,426000,62.74038314819336
2010-02-03,89.9800033569336,90.05000305175781,89.779998779296875,89.80999755859375,435300,62.44144821166992
2010-02-04,90.19999694824219,90.589996337890625,90.19999694824219,90.55000305175781,503400,62.95592498779297
2010-02-05,90.48999786376953,91,90.43000030517578,90.839996337890625,694700,63.157562255859375
2010-02-08,90.68000030517578,90.779998779296875,90.55999755859375,90.76000213623047,257600,63.10191345214844
2010-02-09,90.5199966430664,90.7300033569336,90.25,90.2699966430664,481200,62.761199951171875
2010-02-10,90.410003662109375,90.45999908447266,89.88999938964844,90.0199966430664,496200,62.58745193481445
2010-02-11,90.029998779296875,90.029998779296875,89.66999816894531,89.910003662109375,496900,62.51095962524414
2010-02-12,90.19999694824219,90.2699966430664,90.0999984741211,90.12000274658203,219800,62.65697479248047
2010-02-16,89.94000244140625,90.3499984741211,89.910003662109375,90.31999969482422,175400,62.796016693115234
2010-02-17,90.089996337890625,90.220001220703125,89.68000030517578,89.839996337890625,358000,62.46229934692383
2010-02-18,89.9000015258789,89.9000015258789,89.30999755859375,89.5199966430664,474300,62.23985290527344
2010-02-19,89.45999908447266,89.56999969482422,89.26000213623047,89.56999969482422,527900,62.27458190917969
2010-02-22,89.44000244140625,89.58000183105469,89.41999816894531,89.5,349700,62.225860595703125
2010-02-23,89.61000061035156,90.2300033569336,89.58000183105469,90.18000030517578,557200,62.69875717163086
2010-02-24,90.20999908447266,90.37999725341797,90.05000305175781,90.2300033569336,394300,62.73344802856445
2010-02-25,90.56999969482422,90.62000274658203,90.41999816894531,90.55999755859375,256600,62.962867736816406
2010-02-26,90.62000274658203,90.910003662109375,90.61000061035156,90.69999694824219,609900,63.06021499633789
2010-03-01,90.55999755859375,90.62000274658203,90.4000015258789,90.55000305175781,468600,63.12572479248047
2010-03-02,90.36000061035156,90.62000274658203,90.31999969482422,90.5999984741211,417900,63.16057205200195
2010-03-03,90.410003662109375,90.55999755859375,90.30000305175781,90.51000213623047,476700,63.09782791137695
2010-03-04,90.470001220703125,90.779998779296875,90.37000274658203,90.66999816894531,431100,63.20945358276367
2010-03-05,90.30999755859375,90.33000183105469,90.05000305175781,90.23999786376953,549900,62.90958023071289
2010-03-08,90.01000213623047,90.08000183105469,89.970001220703125,90,399800,62.74230194091797
2010-03-09,90.18000030517578,90.2300033569336,90,90.2300033569336,350500,62.90265655517578
2010-03-10,89.93000030517578,90.0999984741211,89.87999725341797,90.08000183105469,329800,62.798057556152344
2010-03-11,89.910003662109375,90.13999938964844,89.8499984741211,90,283100,62.74230194091797
2010-03-12,89.80000305175781,90.25,89.79000091552734,90.13999938964844,276400,62.83991622924805
2010-03-15,90.12999725341797,90.19999694824219,89.970001220703125,90.13999938964844,190100,62.83991622924805
2010-03-16,90.160003662109375,90.529998779296875,90.12999725341797,90.48999786376953,388200,63.083919525146484
2010-03-17,90.55999755859375,90.62999725341797,90.44999694824219,90.5999984741211,288300,63.16057205200195
2010-03-18,90.529998779296875,90.589996337890625,90.33000183105469,90.36000061035156,202600,62.99325942993164
2010-03-19,90.23999786376953,90.5199966430664,90.2300033569336,90.23999786376953,171300,62.90958023071289
2010-03-22,90.45999908447266,90.54000091552734,90.38999938964844,90.54000091552734,338100,63.11880111694336
2010-03-23,90.51000213623047,90.5999984741211,90.3499984741211,90.3499984741211,244100,62.98634338378906
2010-03-24,89.87000274658203,89.98999786376953,89.31999969482422,89.44999694824219,531300,62.35889434814453
2010-03-25,89.2699966430664,89.37000274658203,88.81999969482422,89.12000274658203,601900,62.128841400146484
2010-03-26,89.029998779296875,89.36000061035156,89.0199966430664,89.33000183105469,734100,62.2752571105957
2010-03-29,89.30000305175781,89.37000274658203,89.0999984741211,89.19999694824219,521400,62.18460464477539
2010-03-30,89.19000244140625,89.29000091552734,89.0199966430664,89.29000091552734,246500,62.2474250793457
2010-03-31,89.45999908447266,89.58000183105469,89.3499984741211,89.5,398900,62.39377212524414
2010-04-01,89.11000061035156,89.160003662109375,88.94000244140625,89.05999755859375,397600,62.26439666748047
2010-04-05,88.44000244140625,88.529998779296875,88.12000274658203,88.26000213623047,656100,61.70512390136719
2010-04-06,88.55999755859375,88.5999984741211,88.37000274658203,88.5199966430664,566100,61.88691329956055
2010-04-07,88.51000213623047,89.16999816894531,88.48999786376953,89.06999969482422,562000,62.271392822265625
2010-04-08,89.160003662109375,89.30999755859375,88.91999816894531,88.970001220703125,465400,62.20146560668945
2010-04-09,88.8499984741211,89.0999984741211,88.75,89.06999969482422,314600,62.271392822265625
2010-04-12,89.20999908447266,89.410003662109375,89.12000274658203,89.30999755859375,402000,62.43920135498047
2010-04-13,89.529998779296875,89.589996337890625,89.33000183105469,89.4800033569336,309100,62.55807876586914
2010-04-14,89.4800033569336,89.56999969482422,89.19999694824219,89.23999786376953,315800,62.390235900878906
2010-04-15,89.11000061035156,89.470001220703125,89.06999969482422,89.38999938964844,299900,62.49513244628906
2010-04-16,89.54000091552734,89.95999908447266,89.43000030517578,89.93000030517578,409900,62.87264633178711
2010-04-19,89.8499984741211,89.87999725341797,89.63999938964844,89.70999908447266,215300,62.71884536743164
2010-04-20,89.66999816894531,89.75,89.55000305175781,89.75,171300,62.74683380126953
2010-04-21,89.839996337890625,90.08000183105469,89.75,90.04000091552734,446500,62.9495849609375
2010-04-22,90.1500015258789,90.25,89.80000305175781,89.83000183105469,169300,62.80268859863281
2010-04-23,89.61000061035156,89.68000030517578,89.48999786376953,89.58000183105469,174200,62.6279182434082
2010-04-26,89.779998779296875,89.80999755859375,89.55000305175781,89.63999938964844,161900,62.66989517211914
2010-04-27,90.05000305175781,90.54000091552734,89.94999694824219,90.4800033569336,442800,63.25721740722656
2010-04-28,90.160003662109375,90.29000091552734,89.86000061035156,90.0199966430664,409700,62.935569763183594
2010-04-29,90.01000213623047,90.2300033569336,89.88999938964844,90.16999816894531,350500,63.04042053222656
2010-04-30,90.279998779296875,90.7300033569336,90.2699966430664,90.720001220703125,423200,63.42495346069336
2010-05-03,90.16999816894531,90.279998779296875,90.11000061035156,90.20999908447266,300500,63.258758544921875
2010-05-04,90.76000213623047,90.88999938964844,90.61000061035156,90.81999969482422,355000,63.68655014038086
2010-05-05,91.18000030517578,91.589996337890625,90.9800033569336,91.16999816894531,672000,63.93194580078125
2010-05-06,91.23999786376953,93.05999755859375,91.0999984741211,92.16999816894531,902400,64.633209228515625
2010-05-07,91.93000030517578,92.75,91.779998779296875,91.91999816894531,3856500,64.45784759521484
2010-05-10,90.98999786376953,91.410003662109375,90.9800033569336,91.220001220703125,836200,63.96706771850586
2010-05-11,91.410003662109375,91.45999908447266,91.029998779296875,91.33000183105469,891400,64.044158935546875
2010-05-12,91.220001220703125,91.339996337890625,91.04000091552734,91.0999984741211,424000,63.882904052734375
2010-05-13,91.3499984741211,91.43000030517578,90.88999938964844,91.3499984741211,420300,64.058197021484375
2010-05-14,91.76000213623047,92.20999908447266,91.69999694824219,91.94000244140625,488700,64.47188568115234
2010-05-17,91.93000030517578,92.33000183105469,91.69999694824219,91.73999786376953,535100,64.33164978027344
2010-05-18,91.779998779296875,92.4800033569336,91.73999786376953,92.410003662109375,1711400,64.801483154296875
2010-05-19,92.43000030517578,92.88999938964844,92.37999725341797,92.48999786376953,839700,64.85758972167969
2010-05-20,93.20999908447266,93.62999725341797,93.05000305175781,93.38999938964844,1221600,65.48869323730469
2010-05-21,94.13999938964844,94.20999908447266,93.2699966430664,93.44000244140625,1196200,65.52376556396484
2010-05-24,93.5199966430664,93.66999816894531,93.33000183105469,93.44000244140625,2949400,65.52376556396484
2010-05-25,94.029998779296875,94.19999694824219,93.62000274658203,93.76000213623047,1064000,65.748138427734375
2010-05-26,93.45999908447266,93.5999984741211,93.11000061035156,93.56999969482422,551600,65.61493682861328
2010-05-27,92.87999725341797,92.9000015258789,92.56999969482422,92.68000030517578,522800,64.99083709716797
2010-05-28,92.9000015258789,93.13999938964844,92.720001220703125,93.0999984741211,511700,65.28536224365234
2010-06-01,93.160003662109375,93.19000244140625,92.7300033569336,92.95999908447266,978900,65.3697509765625
2010-06-02,92.91999816894531,93.029998779296875,92.38999938964844,92.43000030517578,519100,64.99702453613281
2010-06-03,92.13999938964844,92.55999755859375,92.08000183105469,92.30000305175781,274300,64.905609130859375
2010-06-04,93.19000244140625,93.61000061035156,93.089996337890625,93.58000183105469,728300,65.8057632446289
2010-06-07,93.470001220703125,93.9800033569336,93.41999816894531,93.95999908447266,413800,66.07292938232422
2010-06-08,93.68000030517578,93.91999816894531,93.62999725341797,93.66999816894531,604300,65.8690185546875
2010-06-09,93.410003662109375,93.79000091552734,93.30000305175781,93.68000030517578,264000,65.87604522705078
2010-06-10,93.29000091552734,93.33000183105469,92.7699966430664,92.80999755859375,655200,65.26419830322266
2010-06-11,93.23999786376953,93.55999755859375,93,93.4000015258789,404800,65.67915344238281
2010-06-14,92.93000030517578,93.33000183105469,92.80999755859375,93.31999969482422,627700,65.62288665771484
2010-06-15,93.339996337890625,93.43000030517578,92.9000015258789,93.029998779296875,1114400,65.418975830078125
2010-06-16,93.30999755859375,93.37000274658203,93.0199966430664,93.29000091552734,621900,65.6017837524414
2010-06-17,93.38999938964844,93.87000274658203,93.38999938964844,93.7300033569336,792500,65.911224365234375
2010-06-18,93.66999816894531,93.70999908447266,93.529998779296875,93.54000091552734,463400,65.77758026123047
2010-06-21,93.029998779296875,93.51000213623047,93,93.470001220703125,569100,65.728363037109375
2010-06-22,93.54000091552734,94.06999969482422,93.48999786376953,94.029998779296875,549200,66.12215423583984
2010-06-23,94.12000274658203,94.529998779296875,94.0999984741211,94.37999725341797,632500,66.3682632446289
2010-06-24,94.56999969482422,94.660003662109375,94.16999816894531,94.30000305175781,1075100,66.31201934814453
2010-06-25,94.20999908447266,94.68000030517578,94.19000244140625,94.44999694824219,455400,66.417510986328125
2010-06-28,94.779998779296875,95.12999725341797,94.779998779296875,95.12000274658203,924300,66.88866424560547
2010-06-29,95.339996337890625,95.5999984741211,95.30000305175781,95.529998779296875,920400,67.17694854736328
2010-06-30,95.61000061035156,95.66999816894531,95.33000183105469,95.66999816894531,891500,67.27540588378906
2010-07-01,95.43000030517578,95.839996337890625,95.339996337890625,95.37999725341797,1293700,67.245849609375
2010-07-02,95.20999908447266,95.41999816894531,95.08000183105469,95.20999908447266,1072400,67.12596130371094
2010-07-06,95.160003662109375,95.56999969482422,95.05000305175781,95.44000244140625,914100,67.28815460205078
2010-07-07,95.51000213623047,95.5199966430664,95.11000061035156,95.13999938964844,473900,67.07660675048828
2010-07-08,94.8499984741211,95.04000091552734,94.70999908447266,94.910003662109375,508400,66.914459228515625
2010-07-09,94.779998779296875,94.86000061035156,94.660003662109375,94.660003662109375,439800,66.73824310302734
2010-07-12,94.81999969482422,95.05999755859375,94.75,94.81999969482422,685200,66.8509750366211
2010-07-13,94.62999725341797,94.66999816894531,94.33000183105469,94.3499984741211,679700,66.51963806152344
2010-07-14,94.68000030517578,94.9800033569336,94.5,94.81999969482422,566500,66.8509750366211
2010-07-15,95.0199966430664,95.48999786376953,95.0199966430664,95.30999755859375,703600,67.19645690917969
2010-07-16,95.38999938964844,95.91999816894531,95.38999938964844,95.86000061035156,864200,67.58419036865234
2010-07-19,95.720001220703125,95.839996337890625,95.5199966430664,95.61000061035156,489800,67.40795135498047
2010-07-20,95.9000015258789,96.11000061035156,95.69000244140625,95.70999908447266,895900,67.47844696044922
2010-07-21,95.779998779296875,96.410003662109375,95.7699966430664,96.31999969482422,470700,67.9085464477539
2010-07-22,96.05000305175781,96.05000305175781,95.779998779296875,95.79000091552734,656800,67.534820556640625
2010-07-23,95.86000061035156,95.93000030517578,95.1500015258789,95.4800033569336,799500,67.3163070678711
2010-07-26,95.44000244140625,95.55000305175781,95.2300033569336,95.44999694824219,626300,67.2951431274414
2010-07-27,95.13999938964844,95.36000061035156,95.0999984741211,95.12000274658203,528200,67.0625
2010-07-28,95.18000030517578,95.61000061035156,95.0999984741211,95.529998779296875,933000,67.35155487060547
2010-07-29,95.48999786376953,95.91999816894531,95.43000030517578,95.7300033569336,737300,67.4925765991211
2010-07-30,96.2300033569336,96.3499984741211,96.029998779296875,96.29000091552734,563600,67.88736724853516
2010-08-02,95.79000091552734,95.91999816894531,95.68000030517578,95.73999786376953,1160900,67.67742156982422
2010-08-03,96.029998779296875,96.26000213623047,95.98999786376953,96.19000244140625,911900,67.99553680419922
2010-08-04,96.1500015258789,96.16999816894531,95.79000091552734,95.79000091552734,777600,67.71278381347656
2010-08-05,96.12000274658203,96.29000091552734,96.029998779296875,96.25,817400,68.03797149658203
2010-08-06,96.68000030517578,96.88999938964844,96.529998779296875,96.87999725341797,438400,68.48326110839844
2010-08-09,96.75,96.87999725341797,96.69999694824219,96.86000061035156,464800,68.46915435791016
2010-08-10,96.80999755859375,97.41999816894531,96.720001220703125,97.3499984741211,641200,68.81556701660156
2010-08-11,97.69999694824219,97.93000030517578,97.63999938964844,97.9000015258789,911200,69.204345703125
2010-08-12,97.95999908447266,97.970001220703125,97.55000305175781,97.6500015258789,1701100,69.02764129638672
2010-08-13,97.839996337890625,98.089996337890625,97.779998779296875,98.06999969482422,705800,69.32447052001953
2010-08-16,98.660003662109375,98.80999755859375,98.54000091552734,98.779998779296875,1453200,69.82635498046875
2010-08-17,98.5199966430664,98.54000091552734,98.0999984741211,98.279998779296875,774300,69.4729232788086
2010-08-18,98.54000091552734,98.660003662109375,98.13999938964844,98.18000030517578,1148600,69.40227508544922
2010-08-19,98.1500015258789,98.7699966430664,98.12000274658203,98.62000274658203,684100,69.71329498291016
2010-08-20,98.61000061035156,98.68000030517578,98.25,98.30000305175781,306000,69.487091064453125
2010-08-23,98.26000213623047,98.5,98.160003662109375,98.43000030517578,575600,69.5789566040039
2010-08-24,98.970001220703125,99.38999938964844,98.839996337890625,99.20999908447266,973400,70.13031768798828
2010-08-25,99.470001220703125,99.660003662109375,98.66999816894531,98.76000213623047,690100,69.81221771240234
2010-08-26,98.80999755859375,99.20999908447266,98.70999908447266,99.20999908447266,845000,70.13031768798828
2010-08-27,98.779998779296875,99.12999725341797,97.9000015258789,98.06999969482422,1014100,69.32447052001953
2010-08-30,98.38999938964844,98.83000183105469,98.30999755859375,98.81999969482422,463500,69.85462951660156
2010-08-31,99.220001220703125,99.339996337890625,99.01000213623047,99.26000213623047,1276700,70.16568756103516
2010-09-01,98.63999938964844,98.69000244140625,97.91999816894531,98.30000305175781,1268700,69.6604232788086
2010-09-02,98.06999969482422,98.089996337890625,97.83000183105469,97.88999938964844,1273500,69.369903564453125
2010-09-03,97.12000274658203,97.5,97.08000183105469,97.33000183105469,1308300,68.97303771972656
2010-09-07,97.8499984741211,98.12999725341797,97.7300033569336,98.0999984741211,778200,69.51866912841797
2010-09-08,97.839996337890625,98,97.62000274658203,97.83000183105469,1124900,69.32733917236328
2010-09-09,97.38999938964844,97.470001220703125,97.01000213623047,97.05999755859375,929300,68.7817153930664
2010-09-10,96.79000091552734,96.9000015258789,96.58000183105469,96.779998779296875,725300,68.583282470703125
2010-09-13,96.720001220703125,97.30000305175781,96.720001220703125,97.23999786376953,1450100,68.909271240234375
2010-09-14,97.41999816894531,97.79000091552734,97.410003662109375,97.7300033569336,590900,69.2564926147461
2010-09-15,97.5999984741211,97.83000183105469,97.339996337890625,97.38999938964844,900600,69.015472412109375
2010-09-16,97.279998779296875,97.36000061035156,96.86000061035156,97.05000305175781,2902900,68.77459716796875
2010-09-17,97.339996337890625,97.54000091552734,97.16999816894531,97.2699966430664,1738600,68.9305191040039
2010-09-20,97.41999816894531,97.56999969482422,97.20999908447266,97.56999969482422,619900,69.14314270019531
2010-09-21,97.8499984741211,98.48999786376953,97.51000213623047,98.4800033569336,1279500,69.787994384765625
2010-09-22,98.76000213623047,99.0199966430664,98.55999755859375,98.62999725341797,978800,69.89427185058594
2010-09-23,99.13999938964844,99.13999938964844,98.55000305175781,98.7699966430664,514000,69.9935073852539
2010-09-24,98.36000061035156,98.45999908447266,98.23999786376953,98.279998779296875,1317500,69.646270751953125
2010-09-27,98.63999938964844,99.05000305175781,98.63999938964844,99.04000091552734,782100,70.18485260009766
2010-09-28,99.06999969482422,99.5,99.05999755859375,99.37000274658203,776000,70.41870880126953
2010-09-29,99.38999938964844,99.44000244140625,99.08000183105469,99.12999725341797,820400,70.2485580444336
2010-09-30,99.05999755859375,99.06999969482422,98.4000015258789,99.01000213623047,813200,70.16358947753906
2010-10-01,98.51000213623047,98.94999694824219,98.37999725341797,98.83000183105469,846600,70.20122528076172
2010-10-04,99.029998779296875,99.23999786376953,98.95999908447266,99.18000030517578,1260800,70.44977569580078
2010-10-05,99.23999786376953,99.30000305175781,99.089996337890625,99.19999694824219,1092900,70.46403503417969
2010-10-06,99.87999725341797,100.12000274658203,99.75,99.839996337890625,614400,70.91864013671875
2010-10-07,99.91999816894531,100.05999755859375,99.83000183105469,99.94000244140625,534700,70.98969268798828
2010-10-08,100.19999694824219,100.37999725341797,99.970001220703125,99.9800033569336,868200,71.018096923828125
2010-10-11,100.12000274658203,100.19999694824219,99.95999908447266,100.08000183105469,400300,71.08910369873047
2010-10-12,100.0999984741211,100.26000213623047,99.7300033569336,99.79000091552734,991900,70.88311004638672
2010-10-13,99.4800033569336,99.83000183105469,99.31999969482422,99.79000091552734,473800,70.88311004638672
2010-10-14,99.75,99.80999755859375,99.1500015258789,99.220001220703125,955100,70.47821807861328
2010-10-15,99.08000183105469,99.1500015258789,98.62000274658203,98.79000091552734,807100,70.17276763916016
2010-10-18,99.2300033569336,99.48999786376953,99.089996337890625,99.26000213623047,1149600,70.50663757324219
2010-10-19,99.12999725341797,99.73999786376953,99.11000061035156,99.5999984741211,763700,70.7481918334961
2010-10-20,99.37000274658203,99.76000213623047,99.29000091552734,99.54000091552734,615100,70.70555877685547
2010-10-21,99.37000274658203,99.45999908447266,98.98999786376953,98.98999786376953,594300,70.31486511230469
2010-10-22,98.87999725341797,99.11000061035156,98.87000274658203,99.0199966430664,643600,70.33613586425781
2010-10-25,99.4000015258789,99.5,98.94999694824219,98.98999786376953,1436800,70.31486511230469
2010-10-26,98.66999816894531,98.720001220703125,98.33000183105469,98.33000183105469,831800,69.846099853515625
2010-10-27,98.12000274658203,98.19000244140625,97.75,97.76000213623047,1223500,69.44114685058594
2010-10-28,98.12999725341797,98.41999816894531,98.08000183105469,98.33000183105469,738700,69.846099853515625
2010-10-29,98.54000091552734,98.839996337890625,98.48999786376953,98.7699966430664,768600,70.15863037109375
2010-11-01,98.839996337890625,98.839996337890625,98.30000305175781,98.37000274658203,1042700,70.04109191894531
2010-11-02,98.62000274658203,98.7300033569336,98.55999755859375,98.69999694824219,356700,70.27607727050781
2010-11-03,99.029998779296875,99.19000244140625,98.41999816894531,99.0199966430664,912000,70.50390625
2010-11-04,99.5999984741211,99.94999694824219,99.5999984741211,99.81999969482422,1092500,71.07353973388672
2010-11-05,99.68000030517578,99.8499984741211,99.4000015258789,99.4000015258789,1108100,70.774444580078125
2010-11-08,99.55000305175781,99.66999816894531,99.31999969482422,99.43000030517578,469400,70.79582977294922
2010-11-09,99.43000030517578,99.4800033569336,98.55999755859375,98.589996337890625,744600,70.19774627685547
2010-11-10,98.6500015258789,99.04000091552734,98.05999755859375,98.95999908447266,1298900,70.4612045288086
2010-11-11,99.0199966430664,99.06999969482422,98.58000183105469,98.8499984741211,403500,70.38285827636719
2010-11-12,98.61000061035156,98.80000305175781,98.0199966430664,98.029998779296875,2041400,69.79898834228516
2010-11-15,97.45999908447266,97.7300033569336,96.76000213623047,96.7699966430664,1174200,68.90189361572266
2010-11-16,97.19999694824219,97.54000091552734,96.6500015258789,97.48999786376953,954600,69.4145278930664
2010-11-17,97.5199966430664,97.7699966430664,97.089996337890625,97.20999908447266,580200,69.21514892578125
2010-11-18,96.95999908447266,97.05000305175781,96.5999984741211,96.9800033569336,2968200,69.05138397216797
2010-11-19,96.970001220703125,97.19000244140625,96.91999816894531,97.18000030517578,530600,69.19377899169922
2010-11-22,97.4800033569336,97.70999908447266,97.37000274658203,97.69999694824219,495400,69.56404876708984
2010-11-23,98.089996337890625,98.2300033569336,97.79000091552734,97.9000015258789,659400,69.706451416015625
2010-11-24,97.48999786376953,97.54000091552734,96.779998779296875,96.8499984741211,1112700,68.95882415771484
2010-11-26,97.11000061035156,97.279998779296875,97.0199966430664,97.2699966430664,210100,69.25787353515625
2010-11-29,97.55000305175781,97.61000061035156,97.30000305175781,97.4800033569336,527800,69.40740966796875
2010-11-30,98.01000213623047,98.029998779296875,97.55999755859375,97.6500015258789,874200,69.5284652709961
2010-12-01,96.410003662109375,96.68000030517578,96.08000183105469,96.12999725341797,1967700,68.61409759521484
2010-12-02,96.06999969482422,96.3499984741211,95.87000274658203,95.88999938964844,983500,68.44280242919922
2010-12-03,96.5,96.54000091552734,95.80000305175781,95.9000015258789,374500,68.4499740600586
2010-12-06,96.36000061035156,96.51000213623047,96.16999816894531,96.5,902000,68.87821197509766
2010-12-07,95.6500015258789,95.73999786376953,94.66999816894531,94.9000015258789,1335700,67.7362060546875
2010-12-08,94.25,94.29000091552734,93.43000030517578,94.089996337890625,2155300,67.158050537109375
2010-12-09,94.33000183105469,94.51000213623047,93.9000015258789,94.29000091552734,1664700,67.30077362060547
2010-12-10,93.9800033569336,94.089996337890625,93.48999786376953,93.48999786376953,1002400,66.72978973388672
2010-12-13,93.3499984741211,94.05999755859375,93.20999908447266,93.79000091552734,1323400,66.94390869140625
2010-12-14,93.4000015258789,93.62000274658203,92.5,92.80000305175781,1878500,66.23731994628906
2010-12-15,93.04000091552734,93.20999908447266,92.0999984741211,92.41999816894531,1871900,65.96602630615234
2010-12-16,92.45999908447266,92.98999786376953,92.05999755859375,92.970001220703125,1351000,66.35862731933594
2010-12-17,93.19999694824219,93.87000274658203,93.12000274658203,93.7699966430664,1361700,66.92962646484375
2010-12-20,94.12000274658203,94.36000061035156,93.55000305175781,93.76000213623047,804000,66.92247772216797
2010-12-21,93.91999816894531,93.970001220703125,93.470001220703125,93.95999908447266,848500,67.06526184082031
2010-12-22,93.910003662109375,93.94999694824219,93.56999969482422,93.69999694824219,308900,66.87964630126953
2010-12-23,93.54000091552734,93.54000091552734,93.23999786376953,93.37000274658203,540600,66.644134521484375
2010-12-27,93.37000274658203,93.7699966430664,93.12000274658203,93.7300033569336,407100,66.90107727050781
2010-12-28,93.31999969482422,93.37000274658203,92.5,92.5,955200,66.19831848144531
2010-12-29,92.61000061035156,93.69999694824219,92.470001220703125,93.54000091552734,1362200,66.94258117675781
2010-12-30,93.36000061035156,93.48999786376953,93.04000091552734,93.3499984741211,529800,66.806640625
2010-12-31,93.43000030517578,94.1500015258789,93.410003662109375,93.81999969482422,674300,67.1429443359375
2011-01-03,93.19000244140625,93.79000091552734,93.04000091552734,93.529998779296875,1396100,66.93543243408203
2011-01-04,93.6500015258789,93.87999725341797,93.4800033569336,93.75,1234100,67.0928726196289
2011-01-05,93.05999755859375,93.16999816894531,92.55000305175781,92.73999786376953,1111900,66.37006378173828
2011-01-06,93.01000213623047,93.29000091552734,92.839996337890625,93.220001220703125,1452400,66.71356201171875
2011-01-07,93.30000305175781,94.01000213623047,93.18000030517578,93.839996337890625,736500,67.157257080078125
2011-01-10,94.01000213623047,94.160003662109375,93.81999969482422,94.160003662109375,1096400,67.38630676269531
2011-01-11,94.04000091552734,94.04000091552734,93.55999755859375,93.79000091552734,760400,67.12154388427734
2011-01-12,93.410003662109375,93.69000244140625,93.23999786376953,93.5199966430664,753000,66.92827606201172
2011-01-13,93.48999786376953,94.1500015258789,93.45999908447266,94.1500015258789,1051500,67.379150390625
2011-01-14,94.33000183105469,94.43000030517578,93.86000061035156,93.88999938964844,734500,67.19306182861328
2011-01-18,93.68000030517578,93.839996337890625,93.339996337890625,93.660003662109375,1063800,67.02849578857422
2011-01-19,93.62000274658203,93.970001220703125,93.61000061035156,93.9000015258789,732200,67.20020294189453
2011-01-20,93.48999786376953,93.55999755859375,92.94000244140625,93.16999816894531,697000,66.67778778076172
2011-01-21,93.0999984741211,93.4800033569336,92.9800033569336,93.4800033569336,523900,66.89966583251953
2011-01-24,93.5199966430664,93.660003662109375,93.43000030517578,93.48999786376953,497800,66.9068374633789
2011-01-25,93.66999816894531,94.18000030517578,93.410003662109375,93.95999908447266,1126500,67.2431411743164
2011-01-26,93.76000213623047,93.7699966430664,93.30000305175781,93.38999938964844,869900,66.8352279663086
2011-01-27,93.470001220703125,93.80000305175781,93.26000213623047,93.73999786376953,531500,67.08576202392578
2011-01-28,93.51000213623047,94.31999969482422,93.48999786376953,94.16999816894531,1056600,67.393463134765625
2011-01-31,94.06999969482422,94.20999908447266,93.69000244140625,93.80000305175781,555100,67.12867736816406
2011-02-01,93.25,93.36000061035156,93.0199966430664,93.12999725341797,1009200,66.81658172607422
2011-02-02,93.37000274658203,93.41999816894531,92.76000213623047,92.910003662109375,1120000,66.65873718261719
2011-02-03,92.589996337890625,92.7699966430664,92.339996337890625,92.37999725341797,1310900,66.27851104736328
2011-02-04,92.13999938964844,92.2699966430664,91.6500015258789,91.80999755859375,1523900,65.8695068359375
2011-02-07,91.56999969482422,91.80000305175781,91.45999908447266,91.7699966430664,850700,65.84085845947266
2011-02-08,91.69999694824219,91.779998779296875,91.06999969482422,91.13999938964844,997200,65.38883972167969
2011-02-09,91.31999969482422,91.8499984741211,91.0999984741211,91.660003662109375,786000,65.76188659667969
2011-02-10,91.55999755859375,91.69999694824219,91.279998779296875,91.36000061035156,617000,65.5466537475586
2011-02-11,91.76000213623047,92.0199966430664,91.5999984741211,91.779998779296875,1492700,65.8480453491211
2011-02-14,91.6500015258789,92.0199966430664,91.6500015258789,91.80999755859375,1311100,65.8695068359375
2011-02-15,91.779998779296875,92.04000091552734,91.75,92.0199966430664,603700,66.02014923095703
2011-02-16,91.91999816894531,92.160003662109375,91.68000030517578,91.88999938964844,620100,65.92694091796875
2011-02-17,92.23999786376953,92.37999725341797,92.11000061035156,92.2300033569336,776500,66.17085266113281
2011-02-18,91.98999786376953,92.220001220703125,91.86000061035156,92.20999908447266,418400,66.1565170288086
2011-02-22,92.5199966430664,93.11000061035156,92.470001220703125,93.0999984741211,1383500,66.795074462890625
2011-02-23,93.08000183105469,93.25,92.80000305175781,92.87000274658203,651700,66.63008117675781
2011-02-24,93.1500015258789,93.3499984741211,93,93.11000061035156,508800,66.80223083496094
2011-02-25,93.08000183105469,93.410003662109375,93.08000183105469,93.410003662109375,571900,67.01749420166016
2011-02-28,93.41999816894531,93.48999786376953,93.33000183105469,93.37000274658203,372400,66.9887466430664
2011-03-01,92.7300033569336,93.30000305175781,92.69000244140625,93.26000213623047,530800,67.06498718261719
2011-03-02,93.0999984741211,93.29000091552734,92.7699966430664,92.7699966430664,425400,66.71260070800781
2011-03-03,92.44999694824219,92.5,92.12000274658203,92.13999938964844,616800,66.25958251953125
2011-03-04,92.36000061035156,92.81999969482422,92.33000183105469,92.80000305175781,637300,66.73418426513672
2011-03-07,92.410003662109375,92.9000015258789,92.36000061035156,92.56999969482422,489600,66.56883239746094
2011-03-08,92.5199966430664,92.62000274658203,92.339996337890625,92.3499984741211,538100,66.410614013671875
2011-03-09,92.55999755859375,93.05999755859375,92.44000244140625,92.88999938964844,626000,66.79889678955078
2011-03-10,93.13999938964844,93.68000030517578,93,93.68000030517578,1576500,67.36702728271484
2011-03-11,93.69000244140625,93.7300033569336,93.33000183105469,93.45999908447266,690300,67.20882415771484
2011-03-14,93.73999786376953,93.9800033569336,93.66999816894531,93.66999816894531,806200,67.35980224609375
2011-03-15,94.529998779296875,94.660003662109375,93.970001220703125,94.01000213623047,1661100,67.604339599609375
2011-03-16,94.4800033569336,95.29000091552734,94.31999969482422,94.80999755859375,1588800,68.179656982421875
2011-03-17,94.529998779296875,94.720001220703125,94.26000213623047,94.5199966430664,639900,67.97110748291016
2011-03-18,94.2300033569336,94.5199966430664,94.19999694824219,94.45999908447266,1513200,67.92792510986328
2011-03-21,94.1500015258789,94.18000030517578,93.73999786376953,93.970001220703125,1029000,67.57554626464844
2011-03-22,93.80000305175781,94.029998779296875,93.779998779296875,94.0199966430664,573500,67.61149597167969
2011-03-23,94.29000091552734,94.33000183105469,93.779998779296875,93.9000015258789,696900,67.5252456665039
2011-03-24,93.62999725341797,93.76000213623047,93.37999725341797,93.41999816894531,1098100,67.18004608154297
2011-03-25,93.58000183105469,93.62000274658203,93.0999984741211,93.16999816894531,782400,67.00025177001953
2011-03-28,93.04000091552734,93.279998779296875,92.94999694824219,93.19999694824219,634900,67.02184295654297
2011-03-29,93.089996337890625,93.33000183105469,92.80000305175781,92.93000030517578,1047300,66.82769775390625
2011-03-30,92.94999694824219,93.279998779296875,92.91999816894531,93.25,773500,67.05782318115234
2011-03-31,93.410003662109375,93.44000244140625,92.970001220703125,93.01000213623047,1093100,66.88523864746094
2011-04-01,92.54000091552734,92.95999908447266,92.51000213623047,92.95999908447266,1062700,67.02802276611328
2011-04-04,93.089996337890625,93.30999755859375,93.0199966430664,93.16999816894531,886100,67.179412841796875
2011-04-05,93.029998779296875,93.089996337890625,92.61000061035156,92.69999694824219,777000,66.84049987792969
2011-04-06,92.58000183105469,92.58000183105469,92.26000213623047,92.30000305175781,857500,66.55210876464844
2011-04-07,92.31999969482422,92.4800033569336,92.12000274658203,92.30999755859375,743800,66.55928039550781
2011-04-08,92.01000213623047,92.20999908447266,91.94000244140625,92.04000091552734,595100,66.36457824707031
2011-04-11,92.06999969482422,92.2699966430664,91.95999908447266,92.160003662109375,364200,66.45115661621094
2011-04-12,92.55000305175781,92.87000274658203,92.529998779296875,92.68000030517578,1055400,66.826080322265625
2011-04-13,92.48999786376953,93.04000091552734,92.45999908447266,93.04000091552734,678700,67.08570861816406
2011-04-14,93.19000244140625,93.19000244140625,92.7300033569336,92.7300033569336,1036300,66.8621597290039
2011-04-15,93.2699966430664,93.44999694824219,93.1500015258789,93.410003662109375,881400,67.35245513916016
2011-04-18,93.339996337890625,93.75,93.13999938964844,93.63999938964844,902400,67.51830291748047
2011-04-19,93.62999725341797,93.8499984741211,93.5999984741211,93.76000213623047,532000,67.60478210449219
2011-04-20,93.62999725341797,93.6500015258789,93.36000061035156,93.38999938964844,708200,67.33800506591797
2011-04-21,93.470001220703125,93.69000244140625,93.43000030517578,93.45999908447266,670600,67.3885269165039
2011-04-25,93.56999969482422,93.81999969482422,93.5199966430664,93.79000091552734,826200,67.62638854980469
2011-04-26,93.9000015258789,94.19000244140625,93.8499984741211,94.19000244140625,519700,67.91487884521484
2011-04-27,93.87000274658203,93.970001220703125,93.660003662109375,93.91999816894531,1379500,67.72020721435547
2011-04-28,94.18000030517578,94.3499984741211,94,94.279998779296875,975600,67.979766845703125
2011-04-29,94.1500015258789,94.4800033569336,94.11000061035156,94.470001220703125,436000,68.11677551269531
2011-05-02,94.13999938964844,94.38999938964844,94.08000183105469,94.19999694824219,632300,68.09577941894531
2011-05-03,94.410003662109375,94.5,94.2699966430664,94.44999694824219,1660700,68.276519775390625
2011-05-04,94.45999908447266,94.779998779296875,94.45999908447266,94.69000244140625,1169500,68.45002746582031
2011-05-05,94.9000015258789,95.19000244140625,94.8499984741211,95.160003662109375,898400,68.78977966308594
2011-05-06,94.7699966430664,95.38999938964844,94.720001220703125,95.20999908447266,1034800,68.82588958740234
2011-05-09,95.2300033569336,95.38999938964844,95.20999908447266,95.3499984741211,559600,68.92708587646484
2011-05-10,95.13999938964844,95.19999694824219,94.86000061035156,94.88999938964844,661600,68.59458923339844
2011-05-11,94.8499984741211,95.2699966430664,94.76000213623047,95.2300033569336,611100,68.840362548828125
2011-05-12,95.26000213623047,95.3499984741211,94.87999725341797,95.0199966430664,652000,68.6885986328125
2011-05-13,95.2699966430664,95.70999908447266,95.2300033569336,95.38999938964844,494100,68.9560546875
2011-05-16,95.41999816894531,95.63999938964844,95.26000213623047,95.62000274658203,590800,69.12226867675781
2011-05-17,95.83000183105469,95.970001220703125,95.70999908447266,95.9000015258789,986400,69.32472229003906
2011-05-18,95.80000305175781,95.83000183105469,95.3499984741211,95.3499984741211,790700,68.92708587646484
2011-05-19,94.98999786376953,95.48999786376953,94.94999694824219,95.44999694824219,718000,68.99938201904297
2011-05-20,95.44999694824219,95.70999908447266,95.44000244140625,95.68000030517578,669600,69.16566467285156
2011-05-23,96.05999755859375,96.089996337890625,95.76000213623047,95.80999755859375,928000,69.25963592529297
2011-05-24,95.69000244140625,95.9800033569336,95.63999938964844,95.910003662109375,639300,69.33189392089844
2011-05-25,96.0199966430664,96.08000183105469,95.80000305175781,95.91999816894531,1345600,69.33915710449219
2011-05-26,96.05000305175781,96.44999694824219,96.0199966430664,96.44999694824219,806200,69.72224426269531
2011-05-27,96.339996337890625,96.51000213623047,96.30999755859375,96.44000244140625,943800,69.71503448486328
2011-05-31,96.2699966430664,96.62999725341797,96.220001220703125,96.589996337890625,2917900,69.823455810546875
2011-06-01,96.69999694824219,97.16999816894531,96.660003662109375,97.13999938964844,2997200,70.39892578125
2011-06-02,96.75,97,96.55000305175781,96.55999755859375,1744400,69.97859191894531
2011-06-03,97.19000244140625,97.19000244140625,96.68000030517578,96.94000244140625,1531200,70.25394439697266
2011-06-06,96.70999908447266,96.970001220703125,96.62999725341797,96.87999725341797,1106900,70.210479736328125
2011-06-07,96.68000030517578,97.08000183105469,96.51000213623047,97.05999755859375,1710300,70.34095001220703
2011-06-08,97.12000274658203,97.410003662109375,97.08000183105469,97.2699966430664,1471600,70.49315643310547
2011-06-09,97.30000305175781,97.37999725341797,96.779998779296875,96.87999725341797,1016900,70.210479736328125
2011-06-10,97.11000061035156,97.37999725341797,97.0999984741211,97.19000244140625,1020500,70.43512725830078
2011-06-13,96.95999908447266,97.31999969482422,96.9000015258789,96.9800033569336,1009900,70.2829360961914
2011-06-14,96.470001220703125,96.55000305175781,96.19999694824219,96.20999908447266,2088800,69.72489929199219
2011-06-15,96.44999694824219,97.26000213623047,96.44999694824219,97.25,1352300,70.47856903076172
2011-06-16,97.37999725341797,97.66999816894531,97.220001220703125,97.5199966430664,1958400,70.67436981201172
2011-06-17,97.30999755859375,97.51000213623047,97.23999786376953,97.44999694824219,998000,70.62357330322266
2011-06-20,97.58000183105469,97.58000183105469,97.160003662109375,97.30000305175781,774100,70.51487731933594
2011-06-21,97.2300033569336,97.33000183105469,97,97.16999816894531,1064900,70.42061614990234
2011-06-22,97.38999938964844,97.44999694824219,96.98999786376953,97.12999725341797,1119300,70.3917007446289
2011-06-23,97.55999755859375,97.87000274658203,97.55999755859375,97.63999938964844,1264700,70.76127624511719
2011-06-24,97.69000244140625,98.19000244140625,97.66999816894531,98.05000305175781,997200,71.0583724975586
2011-06-27,98.12999725341797,98.1500015258789,97.62000274658203,97.66999816894531,1185700,70.78304290771484
2011-06-28,97.5199966430664,97.55000305175781,96.589996337890625,96.7699966430664,1315300,70.1307601928711
2011-06-29,96.58000183105469,96.66999816894531,96.12999725341797,96.19000244140625,1376300,69.71045684814453
2011-06-30,96.4000015258789,96.410003662109375,95.5199966430664,95.86000061035156,1948200,69.47130584716797
2011-07-01,95.76000213623047,95.80000305175781,95.25,95.38999938964844,1921800,69.29771423339844
2011-07-05,95.79000091552734,96.0199966430664,95.73999786376953,95.98999786376953,2896800,69.73350524902344
2011-07-06,96.2300033569336,96.4000015258789,96.08000183105469,96.160003662109375,1234900,69.85701751708984
2011-07-07,95.83000183105469,95.86000061035156,95.6500015258789,95.79000091552734,1289100,69.58826446533203
2011-07-08,96.58000183105469,96.9000015258789,96.54000091552734,96.80999755859375,1278100,70.329254150390625
2011-07-11,97.25,97.55999755859375,97.12999725341797,97.55000305175781,1158800,70.8667984008789
2011-07-12,97.69000244140625,97.720001220703125,97.36000061035156,97.69000244140625,1205400,70.96849060058594
2011-07-13,97.48999786376953,97.86000061035156,97.30000305175781,97.8499984741211,1247900,71.08479309082031
2011-07-14,97.48999786376953,97.720001220703125,97.279998779296875,97.29000091552734,959000,70.67792510986328
2011-07-15,97.1500015258789,97.73999786376953,97.12999725341797,97.69000244140625,874200,70.96849060058594
2011-07-18,97.779998779296875,97.9000015258789,97.55999755859375,97.62999725341797,883600,70.9249496459961
2011-07-19,97.529998779296875,98,97.44000244140625,98,1211400,71.1937255859375
2011-07-20,97.70999908447266,97.779998779296875,97.470001220703125,97.5199966430664,752900,70.845062255859375
2011-07-21,97.29000091552734,97.4000015258789,96.79000091552734,96.9800033569336,1211000,70.4527359008789
2011-07-22,97.19000244140625,97.36000061035156,97.13999938964844,97.3499984741211,813700,70.72151947021484
2011-07-25,97,97.5199966430664,96.91999816894531,97.04000091552734,1541700,70.49634552001953
2011-07-26,97.19000244140625,97.56999969482422,97.1500015258789,97.44999694824219,655600,70.7941665649414
2011-07-27,97.30999755859375,97.54000091552734,97.06999969482422,97.29000091552734,1066600,70.67792510986328
2011-07-28,97.589996337890625,97.63999938964844,97.4000015258789,97.4800033569336,671500,70.816009521484375
2011-07-29,98.029998779296875,98.79000091552734,98,98.660003662109375,1602200,71.67322540283203
2011-08-01,98.30999755859375,98.98999786376953,98.30000305175781,98.779998779296875,2389600,71.93389129638672
2011-08-02,99.12000274658203,99.79000091552734,98.94000244140625,99.69000244140625,2287600,72.5965576171875
2011-08-03,99.69000244140625,100.12999725341797,99.589996337890625,99.7699966430664,1922600,72.65489959716797
2011-08-04,99.910003662109375,101.11000061035156,99.87000274658203,101.08999633789062,2813700,73.61608123779297
2011-08-05,100.30000305175781,100.9000015258789,99.79000091552734,99.91999816894531,3041500,72.76404571533203
2011-08-08,100.61000061035156,101.63999938964844,100.54000091552734,101.51000213623047,5178100,73.921905517578125
2011-08-09,101.20999908447266,103.76000213623047,101,102.0999984741211,3768400,74.351593017578125
2011-08-10,102.8499984741211,103.69000244140625,102.4800033569336,103.44999694824219,2768900,75.33467102050781
2011-08-11,102.7699966430664,103.02999877929688,101.66999816894531,101.93000030517578,2344700,74.22782135009766
2011-08-12,102.25,102.69000244140625,102.12999725341797,102.63999938964844,1176300,74.744842529296875
2011-08-15,102.52999877929688,102.72000122070312,102.25,102.26000213623047,986300,74.46813201904297
2011-08-16,102.30999755859375,103.02999877929688,102.29000091552734,102.7300033569336,2025400,74.8104019165039
2011-08-17,102.91000366210938,103.44999694824219,102.62000274658203,103.44999694824219,826200,75.33467102050781
2011-08-18,104.13999938964844,104.72000122070312,103.75,103.98999786376953,2211800,75.72794342041016
2011-08-19,103.97000122070312,104.0999984741211,103.62000274658203,104.0999984741211,683200,75.808074951171875
2011-08-22,103.63999938964844,103.94999694824219,103.58000183105469,103.91000366210938,913600,75.66967010498047
2011-08-23,103.5999984741211,104.12999725341797,103.45999908447266,103.48999786376953,1414200,75.36383819580078
2011-08-24,103.33000183105469,103.3499984741211,102.37999725341797,102.37999725341797,1089800,74.5555419921875
2011-08-25,102.6500015258789,103.12000274658203,102.55999755859375,103.01000213623047,1391200,75.0142593383789
2011-08-26,103.47000122070312,103.7699966430664,103.0199966430664,103.33999633789062,1080300,75.25459289550781
2011-08-29,102.52999877929688,102.8499984741211,102.52999877929688,102.66000366210938,1106000,74.759429931640625
2011-08-30,103.19000244140625,103.58000183105469,103.16000366210938,103.37000274658203,693800,75.27640533447266
2011-08-31,103.61000061035156,103.62000274658203,102.9800033569336,103,1069300,75.00700378417969
2011-09-01,103.05000305175781,103.5999984741211,102.5,103.58999633789062,1566800,75.60474395751953
2011-09-02,104.25,104.66000366210938,104.01000213623047,104.54000091552734,1137900,76.298126220703125
2011-09-06,105.01000213623047,105.05999755859375,104.58000183105469,104.68000030517578,1200500,76.4002914428711
2011-09-07,104.2699966430664,104.48999786376953,104.04000091552734,104.12000274658203,945800,75.99156188964844
2011-09-08,104.44999694824219,104.66000366210938,104.19000244140625,104.62999725341797,935700,76.36383056640625
2011-09-09,104.81999969482422,105.29000091552734,104.73999786376953,105.13999938964844,1014200,76.735992431640625
2011-09-12,105.04000091552734,105.18000030517578,104.80000305175781,104.81999969482422,2177800,76.502471923828125
2011-09-13,104.70999908447266,104.80999755859375,104.41999816894531,104.51000213623047,932600,76.2762451171875
2011-09-14,104.51000213623047,104.80999755859375,104.30000305175781,104.56999969482422,1214000,76.31996154785156
2011-09-15,103.79000091552734,103.9800033569336,103.5999984741211,103.79000091552734,1037900,75.75068664550781
2011-09-16,103.58999633789062,104.0199966430664,103.55000305175781,103.98999786376953,699000,75.89668273925781
2011-09-19,104.76000213623047,105.02999877929688,104.69999694824219,104.83999633789062,896500,76.51702117919922
2011-09-20,104.81999969482422,104.9800033569336,104.70999908447266,104.9800033569336,1005000,76.6192398071289
2011-09-21,104.94000244140625,105.56999969482422,104.79000091552734,105.43000030517578,929500,76.94769287109375
2011-09-22,106.30999755859375,106.66000366210938,106,106.41000366210938,3436500,77.66292572021484
2011-09-23,106.3499984741211,106.44000244140625,105.5199966430664,105.52999877929688,1764700,77.020660400390625
2011-09-26,105.33999633789062,105.5,105,105.08999633789062,1214800,76.699493408203125
2011-09-27,104.33000183105469,104.51000213623047,104.16999816894531,104.38999938964844,1159700,76.1886215209961
2011-09-28,104.30999755859375,104.41000366210938,103.80000305175781,104.41000366210938,1270500,76.20320892333984
2011-09-29,104.2300033569336,104.69999694824219,104.0999984741211,104.41000366210938,1096000,76.20320892333984
2011-09-30,105.06999969482422,105.16999816894531,104.69999694824219,105.06999969482422,1604500,76.68494415283203
2011-10-03,105.08000183105469,105.83000183105469,104.97000122070312,105.83000183105469,2105600,77.3949966430664
2011-10-04,106.05999755859375,106.26000213623047,105.29000091552734,105.29000091552734,2056100,77.00008392333984
2011-10-05,105.18000030517578,105.23999786376953,104.76000213623047,104.8499984741211,1174300,76.67830657958984
2011-10-06,104.58000183105469,104.70999908447266,104.08999633789062,104.12000274658203,1336400,76.14447021484375
2011-10-07,103.58000183105469,103.87999725341797,103.25,103.58000183105469,2276300,75.74954986572266
2011-10-10,102.69000244140625,102.93000030517578,102.12999725341797,102.48999786376953,803900,74.95243835449219
2011-10-11,102.9800033569336,103.06999969482422,102.72000122070312,102.83000183105469,978400,75.201080322265625
2011-10-12,102.41000366210938,102.6500015258789,102.05000305175781,102.4800033569336,2324400,74.94515228271484
2011-10-13,102.80000305175781,103.23999786376953,102.69999694824219,102.88999938964844,1474100,75.24497985839844
2011-10-14,102.36000061035156,102.58999633789062,102.2300033569336,102.37999725341797,703100,74.87201690673828
2011-10-17,102.55999755859375,103.08000183105469,102.55999755859375,103.05000305175781,1274600,75.36198425292969
2011-10-18,103.16000366210938,103.44999694824219,102.70999908447266,102.94000244140625,912600,75.281524658203125
2011-10-19,102.80999755859375,103.29000091552734,102.73999786376953,103.0999984741211,733400,75.39854431152344
2011-10-20,102.97000122070312,103.44999694824219,102.61000061035156,102.88999938964844,700200,75.24497985839844
2011-10-21,102.80000305175781,102.98999786376953,102.5199966430664,102.69999694824219,1276000,75.106048583984375
2011-10-24,102.76000213623047,102.80999755859375,102.52999877929688,102.6500015258789,1381500,75.06941223144531
2011-10-25,102.55999755859375,103.56999969482422,102.55000305175781,103.52999877929688,1020200,75.71302032470703
2011-10-26,103.23999786376953,103.48999786376953,102.75,102.7699966430664,989900,75.15718841552734
2011-10-27,102.13999938964844,102.31999969482422,101.36000061035156,101.52999877929688,1636600,74.250396728515625
2011-10-28,101.9000015258789,102.2699966430664,101.87999725341797,102.13999938964844,936300,74.69648742675781
2011-10-31,102.79000091552734,103.51000213623047,102.73999786376953,103.51000213623047,1182700,75.69835662841797
2011-11-01,104.2300033569336,104.58000183105469,103.86000061035156,104.54000091552734,2251700,76.60631561279297
2011-11-02,103.9000015258789,104.4000015258789,103.81999969482422,104.29000091552734,1088000,76.42310333251953
2011-11-03,103.80000305175781,104.16999816894531,103.70999908447266,103.80000305175781,739700,76.06404113769531
2011-11-04,103.81999969482422,104.20999908447266,103.76000213623047,104.11000061035156,735400,76.29117584228516
2011-11-07,104.05000305175781,104.6500015258789,103.97000122070312,104.2300033569336,844100,76.379150390625
2011-11-08,104.11000061035156,104.4000015258789,103.69000244140625,103.76000213623047,418300,76.03472900390625
2011-11-09,104.62999725341797,104.88999938964844,103.7699966430664,104.68000030517578,760300,76.708892822265625
2011-11-10,104.25,104.52999877929688,103.83999633789062,104.16999816894531,664200,76.33515930175781
2011-11-11,103.88999938964844,103.91000366210938,103.58000183105469,103.69000244140625,323600,75.98336029052734
2011-11-14,104.08000183105469,104.41000366210938,104.02999877929688,104.33999633789062,586500,76.45972442626953
2011-11-15,104.4000015258789,104.66999816894531,104.08999633789062,104.19999694824219,480100,76.35713958740234
2011-11-16,104.51000213623047,104.5999984741211,104.23999786376953,104.58000183105469,335200,76.63563537597656
2011-11-17,104.41000366210938,105.01000213623047,104.33000183105469,104.79000091552734,805500,76.78951263427734
2011-11-18,104.61000061035156,104.70999908447266,104.25,104.4000015258789,1883100,76.50371551513672
2011-11-21,104.75,104.91000366210938,104.63999938964844,104.69000244140625,692300,76.716217041015625
2011-11-22,104.79000091552734,105.02999877929688,104.55999755859375,105.01000213623047,2619500,76.95069885253906
2011-11-23,104.77999877929688,105.43000030517578,104.70999908447266,105.37000274658203,2189500,77.21453857421875
2011-11-25,104.9800033569336,104.9800033569336,104.68000030517578,104.69999694824219,466700,76.72352600097656
2011-11-28,103.95999908447266,104.83999633789062,103.91999816894531,104.70999908447266,1286600,76.73087310791016
2011-11-29,104.38999938964844,104.76000213623047,104.12999725341797,104.51000213623047,602100,76.5843734741211
2011-11-30,104.02999877929688,104.19999694824219,103.80999755859375,103.9000015258789,962800,76.13731384277344
2011-12-01,103.5,103.87999725341797,103.29000091552734,103.66999816894531,1027100,76.11529541015625
2011-12-02,103.48999786376953,104.16999816894531,103.47000122070312,104.12999725341797,892400,76.45301818847656
2011-12-05,103.56999969482422,104.20999908447266,103.56999969482422,104.06999969482422,979100,76.408966064453125
2011-12-06,103.7699966430664,104.0199966430664,103.6500015258789,103.80000305175781,543000,76.21073150634766
2011-12-07,104.01000213623047,104.3499984741211,103.91000366210938,104.2699966430664,739300,76.5558090209961
2011-12-08,104.2300033569336,104.80999755859375,104.12000274658203,104.80000305175781,658200,76.9449462890625
2011-12-09,104.70999908447266,104.7699966430664,104.08000183105469,104.08000183105469,961100,76.41632843017578
2011-12-12,104.47000122070312,104.68000030517578,104.37000274658203,104.44000244140625,1068900,76.680633544921875
2011-12-13,104.23999786376953,105.01000213623047,104.1500015258789,104.91999816894531,512500,77.033050537109375
2011-12-14,105.0199966430664,105.37999725341797,104.91000366210938,105.36000061035156,760100,77.35608673095703
2011-12-15,105.05000305175781,105.37000274658203,105.02999877929688,105.2699966430664,968900,77.28997802734375
2011-12-16,105.43000030517578,105.9000015258789,105.43000030517578,105.77999877929688,748700,77.664459228515625
2011-12-19,105.75,106.18000030517578,105.68000030517578,106.13999938964844,1126600,77.92874908447266
2011-12-20,105.69999694824219,105.69999694824219,105.18000030517578,105.18000030517578,1365000,77.22392272949219
2011-12-21,105.31999969482422,105.37000274658203,104.83000183105469,104.83999633789062,479000,76.97431182861328
2011-12-22,105.1500015258789,105.31999969482422,104.94000244140625,104.97000122070312,731900,77.06975555419922
2011-12-23,104.72000122070312,104.77999877929688,104.37999725341797,104.54000091552734,435500,76.75407409667969
2011-12-27,104.43000030517578,104.44000244140625,104.25,104.41000366210938,616500,76.797454833984375
2011-12-28,104.58000183105469,105.18000030517578,104.54000091552734,105.06999969482422,919900,77.28290557861328
2011-12-29,105.02999877929688,105.31999969482422,104.91000366210938,105.19999694824219,556000,77.3785171508789
2011-12-30,105.33000183105469,106.04000091552734,105.27999877929688,105.56999969482422,1230000,77.65065002441406
2012-01-03,104.9000015258789,105.19000244140625,104.7699966430664,104.9000015258789,1297700,77.1578598022461
2012-01-04,104.88999938964844,104.93000030517578,104.44999694824219,104.56999969482422,1789000,76.9151382446289
2012-01-05,104.66000366210938,105.01000213623047,104.5199966430664,104.58999633789062,1311300,76.92985534667969
2012-01-06,104.72000122070312,105.05999755859375,104.72000122070312,105,998200,77.231414794921875
2012-01-09,104.94000244140625,105.2699966430664,104.9000015258789,105.0199966430664,379900,77.24610137939453
2012-01-10,104.73999786376953,105.01000213623047,104.69000244140625,104.80999755859375,1636100,77.0916519165039
2012-01-11,105.08000183105469,105.44999694824219,105.08000183105469,105.41999816894531,931600,77.54036712646484
2012-01-12,105.36000061035156,105.41000366210938,105.08999633789062,105.19999694824219,685000,77.3785171508789
2012-01-13,105.69999694824219,105.91000366210938,105.63999938964844,105.66999816894531,554000,77.72418975830078
2012-01-17,105.62000274658203,105.83000183105469,105.5999984741211,105.7699966430664,1158100,77.79777526855469
2012-01-18,105.91999816894531,105.91999816894531,105.38999938964844,105.44000244140625,455200,77.55503845214844
2012-01-19,105.2300033569336,105.30000305175781,104.69000244140625,104.80999755859375,1587200,77.0916519165039
2012-01-20,104.61000061035156,104.77999877929688,104.41999816894531,104.44999694824219,650600,76.82686614990234
2012-01-23,104.13999938964844,104.31999969482422,104,104.22000122070312,734000,76.657684326171875
2012-01-24,104.33999633789062,104.33999633789062,104.05000305175781,104.33999633789062,1388100,76.74598693847656
2012-01-25,104.27999877929688,105.44000244140625,104.2300033569336,104.83999633789062,1149200,77.11375427246094
2012-01-26,105.12000274658203,105.45999908447266,105.12000274658203,105.4000015258789,1055000,77.52558135986328
2012-01-27,105.55999755859375,105.75,105.37000274658203,105.72000122070312,767600,77.76102447509766
2012-01-30,106.0999984741211,106.30999755859375,106.0199966430664,106.08000183105469,1152400,78.02580261230469
2012-01-31,105.93000030517578,106.48999786376953,105.93000030517578,106.4800033569336,1001800,78.319976806640625
2012-02-01,106.04000091552734,106.08000183105469,105.83999633789062,105.91999816894531,1698800,78.04811096191406
2012-02-02,105.9800033569336,106.12999725341797,105.87999725341797,106.06999969482422,839900,78.1586685180664
2012-02-03,105.27999877929688,105.41000366210938,105.08999633789062,105.2300033569336,1112600,77.5396957397461
2012-02-06,105.2699966430664,105.58999633789062,105.1500015258789,105.5199966430664,2968500,77.753387451171875
2012-02-07,105.06999969482422,105.1500015258789,104.76000213623047,104.83999633789062,1164900,77.25231170654297
2012-02-08,104.83000183105469,105,104.7300033569336,104.88999938964844,404800,77.289093017578125
2012-02-09,104.69999694824219,104.80000305175781,104.37999725341797,104.6500015258789,1802500,77.11231231689453
2012-02-10,105.1500015258789,105.33999633789062,105.0199966430664,105.23999786376953,1322600,77.54707336425781
2012-02-13,105.04000091552734,105.30000305175781,105,105.16999816894531,299300,77.49544525146484
2012-02-14,105.31999969482422,105.55000305175781,105.2300033569336,105.38999938964844,615500,77.65763092041016
2012-02-15,105.36000061035156,105.68000030517578,105.3499984741211,105.47000122070312,344100,77.71650695800781
2012-02-16,105.20999908447266,105.33999633789062,104.80999755859375,104.98999786376953,1540500,77.36283111572266
2012-02-17,104.66999816894531,104.91999816894531,104.63999938964844,104.87999725341797,653600,77.28174591064453
2012-02-21,104.66999816894531,104.70999908447266,104.37000274658203,104.5,635300,77.001739501953125
2012-02-22,104.66000366210938,105,104.66000366210938,104.91000366210938,538200,77.30384063720703
2012-02-23,104.81999969482422,105.19000244140625,104.68000030517578,105.05999755859375,805900,77.41444396972656
2012-02-24,105.12999725341797,105.20999908447266,105.05999755859375,105.13999938964844,360100,77.47331237792969
2012-02-27,105.5999984741211,105.66000366210938,105.44999694824219,105.48999786376953,588600,77.73127746582031
2012-02-28,105.69000244140625,105.80000305175781,105.45999908447266,105.54000091552734,817900,77.768096923828125
2012-02-29,105.5,105.52999877929688,104.98999786376953,105.12000274658203,787500,77.458587646484375
2012-03-01,104.4800033569336,104.63999938964844,104.33999633789062,104.61000061035156,1185200,77.20767974853516
2012-03-02,104.7300033569336,105.0999984741211,104.7300033569336,105.02999877929688,360100,77.51763153076172
2012-03-05,104.94000244140625,105.08999633789062,104.77999877929688,104.81999969482422,1406100,77.3626480102539
2012-03-06,105.2300033569336,105.41999816894531,105.19999694824219,105.26000213623047,605800,77.68742370605469
2012-03-07,105.20999908447266,105.25,105.01000213623047,105.05999755859375,436100,77.53987884521484
2012-03-08,104.97000122070312,105.06999969482422,104.70999908447266,104.75,329900,77.311004638671875
2012-03-09,104.62999725341797,104.70999908447266,104.43000030517578,104.66999816894531,286800,77.25196075439453
2012-03-12,104.86000061035156,104.9000015258789,104.63999938964844,104.63999938964844,503100,77.2298583984375
2012-03-13,104.4000015258789,104.44000244140625,103.87000274658203,103.88999938964844,618600,76.67627716064453
2012-03-14,103.38999938964844,103.44000244140625,102.62000274658203,102.69999694824219,1733100,75.79798889160156
2012-03-15,102.56999969482422,102.9000015258789,102.56999969482422,102.66999816894531,2302300,75.77584075927734
2012-03-16,102.23999786376953,102.6500015258789,102.1500015258789,102.63999938964844,681200,75.75373840332031
2012-03-19,102.5,102.55999755859375,101.83000183105469,102.01000213623047,1133200,75.28874969482422
2012-03-20,102.11000061035156,102.25,101.7699966430664,102.05999755859375,769100,75.32560729980469
2012-03-21,102.2699966430664,102.62999725341797,102.26000213623047,102.58000183105469,458100,75.7094497680664
2012-03-22,102.81999969482422,102.9000015258789,102.62999725341797,102.70999908447266,326200,75.80535888671875
2012-03-23,102.9800033569336,103.25,102.94999694824219,103.08999633789062,396100,76.08586120605469
2012-03-26,103.0199966430664,103.12999725341797,102.66999816894531,102.97000122070312,471700,75.997283935546875
2012-03-27,103.16000366210938,103.61000061035156,103.13999938964844,103.54000091552734,579200,76.41797637939453
2012-03-28,103.36000061035156,103.73999786376953,103.36000061035156,103.36000061035156,314700,76.28516387939453
2012-03-29,103.7300033569336,103.79000091552734,103.56999969482422,103.79000091552734,727700,76.60247039794922
2012-03-30,103.7699966430664,103.91000366210938,103.1500015258789,103.27999877929688,502600,76.22605895996094
2012-04-02,103.52999877929688,103.54000091552734,103.25,103.3499984741211,1433800,76.40870666503906
2012-04-03,103.51000213623047,103.69000244140625,102.51000213623047,102.58999633789062,833100,75.84674835205078
2012-04-04,103.01000213623047,103.12000274658203,102.9000015258789,103.11000061035156,461300,76.2313003540039
2012-04-05,103.56999969482422,103.5999984741211,103.29000091552734,103.56999969482422,456400,76.57133483886719
2012-04-09,104.66000366210938,104.76000213623047,104.52999877929688,104.62999725341797,573700,77.3550033569336
2012-04-10,104.80000305175781,105.19999694824219,104.72000122070312,105.12000274658203,900500,77.71722412109375
2012-04-11,104.70999908447266,104.83000183105469,104.61000061035156,104.70999908447266,435000,77.41416931152344
2012-04-12,104.79000091552734,104.81999969482422,104.47000122070312,104.5,451500,77.258880615234375
2012-04-13,104.9000015258789,105.1500015258789,104.87000274658203,105.12999725341797,461400,77.72465515136719
2012-04-16,105.08999633789062,105.41999816894531,105.05000305175781,105.0999984741211,1179600,77.70249938964844
2012-04-17,104.97000122070312,105.08000183105469,104.87999725341797,104.98999786376953,923400,77.62114715576172
2012-04-18,105.13999938964844,105.2300033569336,105.08000183105469,105.19999694824219,502900,77.77643585205078
2012-04-19,105.30999755859375,105.4000015258789,105.2699966430664,105.31999969482422,408800,77.86519622802734
2012-04-20,105.12999725341797,105.33000183105469,105.06999969482422,105.33000183105469,377500,77.87252044677734
2012-04-23,105.5999984741211,105.72000122070312,105.51000213623047,105.54000091552734,746600,78.02777862548828
2012-04-24,105.43000030517578,105.45999908447266,105.25,105.2699966430664,506100,77.8282241821289
2012-04-25,105.0199966430664,105.31999969482422,104.7699966430664,105.13999938964844,681200,77.7320556640625
2012-04-26,105.5,105.52999877929688,105.30999755859375,105.48999786376953,314300,77.990875244140625
2012-04-27,105.41999816894531,105.61000061035156,105.41000366210938,105.5999984741211,368100,78.07218933105469
2012-04-30,105.69000244140625,105.80999755859375,105.63999938964844,105.69000244140625,1820300,78.1386947631836
2012-05-01,105.66000366210938,105.69999694824219,105.22000122070312,105.33000183105469,864100,77.99647521972656
2012-05-02,105.56999969482422,105.61000061035156,105.38999938964844,105.52999877929688,1030200,78.14464569091797
2012-05-03,105.30999755859375,105.58000183105469,105.30999755859375,105.5199966430664,360000,78.13719940185547
2012-05-04,105.68000030517578,105.94000244140625,105.66999816894531,105.94000244140625,814100,78.44822692871094
2012-05-07,105.9800033569336,106.04000091552734,105.87000274658203,105.91000366210938,490800,78.42601776123047
2012-05-08,106.12000274658203,106.37999725341797,106.0999984741211,106.1500015258789,522300,78.6037368774414
2012-05-09,106.44000244140625,106.5,106.13999938964844,106.23999786376953,961400,78.67034912109375
2012-05-10,106,106.12999725341797,105.8499984741211,106.08999633789062,347000,78.55928039550781
2012-05-11,106.44000244140625,106.47000122070312,106.2699966430664,106.44000244140625,403500,78.81846618652344
2012-05-14,106.87999725341797,107,106.7300033569336,106.91000366210938,650200,79.16650390625
2012-05-15,106.83999633789062,107,106.76000213623047,106.94000244140625,922100,79.188720703125
2012-05-16,106.6500015258789,107.08000183105469,106.62000274658203,107.0199966430664,761600,79.24797821044922
2012-05-17,106.91999816894531,107.43000030517578,106.9000015258789,107.41999816894531,764000,79.54413604736328
2012-05-18,107.0999984741211,107.44000244140625,107.06999969482422,107.3499984741211,831900,79.49234771728516
2012-05-21,107.18000030517578,107.26000213623047,107.06999969482422,107.06999969482422,791600,79.28498840332031
2012-05-22,106.79000091552734,106.94000244140625,106.62999725341797,106.83999633789062,538300,79.11466217041016
2012-05-23,107.12999725341797,107.4000015258789,107.08000183105469,107.12000274658203,658000,79.32203674316406
2012-05-24,106.95999908447266,107.04000091552734,106.8499984741211,106.88999938964844,417700,79.15167999267578
2012-05-25,107.11000061035156,107.25,107.05999755859375,107.19999694824219,370400,79.38123321533203
2012-05-29,107.26000213623047,107.47000122070312,107.11000061035156,107.11000061035156,865400,79.31458282470703
2012-05-30,107.8499984741211,108.20999908447266,107.80999755859375,108.12999725341797,645600,80.0699691772461
2012-05-31,108.33999633789062,108.88999938964844,108.30000305175781,108.55000305175781,2994300,80.380889892578125
2012-06-01,109.05999755859375,109.37000274658203,108.91000366210938,109.30999755859375,2186400,81.07140350341797
2012-06-04,108.83999633789062,108.98999786376953,108.63999938964844,108.68000030517578,849500,80.6041259765625
2012-06-05,108.51000213623047,108.6500015258789,108.30999755859375,108.31999969482422,836700,80.33714294433594
2012-06-06,108.29000091552734,108.31999969482422,107.58000183105469,107.61000061035156,1492800,79.81060028076172
2012-06-07,107.58000183105469,107.94000244140625,107.51000213623047,107.87000274658203,631800,80.0033950805664
2012-06-08,108.38999938964844,108.43000030517578,107.86000061035156,107.94999694824219,468000,80.0627212524414
2012-06-11,107.70999908447266,108.31999969482422,107.70999908447266,108.23999786376953,1050900,80.27778625488281
2012-06-12,107.91999816894531,108.0999984741211,107.63999938964844,107.66000366210938,569700,79.84769439697266
2012-06-13,107.8499984741211,108.30999755859375,107.70999908447266,108.2300033569336,1332100,80.2704086303711
2012-06-14,108.16000366210938,108.25,107.83000183105469,107.94000244140625,802600,80.055328369140625
2012-06-15,108.38999938964844,108.54000091552734,108.26000213623047,108.44000244140625,769400,80.42615509033203
2012-06-18,108.45999908447266,108.52999877929688,108.23999786376953,108.41000366210938,718800,80.40393829345703
2012-06-19,108.16999816894531,108.20999908447266,107.87999725341797,108.04000091552734,1536800,80.12945556640625
2012-06-20,107.69999694824219,108.12000274658203,107.52999877929688,107.81999969482422,913100,79.96636199951172
2012-06-21,107.93000030517578,108.19999694824219,107.87000274658203,108.05000305175781,1655900,80.13691711425781
2012-06-22,107.62999725341797,107.81999969482422,107.56999969482422,107.58000183105469,1770300,79.78833770751953
2012-06-25,107.98999786376953,108.18000030517578,107.9800033569336,108.16999816894531,594900,80.2259292602539
2012-06-26,107.9000015258789,108.12000274658203,107.81999969482422,107.93000030517578,2395600,80.04789733886719
2012-06-27,108.06999969482422,108.12000274658203,107.8499984741211,108.08000183105469,3445300,80.1591796875
2012-06-28,108.47000122070312,108.54000091552734,108.3499984741211,108.43000030517578,413400,80.41873931884766
2012-06-29,107.81999969482422,108.04000091552734,107.77999877929688,107.93000030517578,646900,80.04789733886719
2012-07-02,108,108.54000091552734,107.9800033569336,108.2699966430664,1580800,80.41931915283203
2012-07-03,108.25,108.2699966430664,107.94999694824219,108,588000,80.21868896484375
2012-07-05,108.13999938964844,108.36000061035156,108.08000183105469,108.29000091552734,1602600,80.43412780761719
2012-07-06,108.62000274658203,108.76000213623047,108.55999755859375,108.66999816894531,1146900,80.71639251708984
2012-07-09,108.7699966430664,108.98999786376953,108.73999786376953,108.97000122070312,495300,80.9392318725586
2012-07-10,108.88999938964844,109.08000183105469,108.86000061035156,109.0199966430664,631900,80.97635650634766
2012-07-11,109.06999969482422,109.33999633789062,108.87999725341797,108.91999816894531,825800,80.9020767211914
2012-07-12,109.08000183105469,109.19999694824219,109.04000091552734,109.16999816894531,840400,81.08781433105469
2012-07-13,109.12999725341797,109.12999725341797,108.91000366210938,109.08000183105469,307900,81.02091979980469
2012-07-16,109.41999816894531,109.54000091552734,109.27999877929688,109.31999969482422,349400,81.19918060302734
2012-07-17,109.1500015258789,109.30000305175781,109,109.04000091552734,637900,80.99120330810547
2012-07-18,109.22000122070312,109.27999877929688,109.12999725341797,109.1500015258789,606000,81.07292938232422
2012-07-19,109.05999755859375,109.19999694824219,108.94000244140625,108.98999786376953,949100,80.95410919189453
2012-07-20,109.29000091552734,109.5,109.29000091552734,109.41999816894531,250900,81.27347564697266
2012-07-23,109.73999786376953,109.7699966430664,109.5199966430664,109.5999984741211,1675600,81.40717315673828
2012-07-24,109.44000244140625,109.88999938964844,109.41999816894531,109.80999755859375,905500,81.56314849853516
2012-07-25,109.76000213623047,109.87999725341797,109.69000244140625,109.87000274658203,1246800,81.60774993896484
2012-07-26,109.66000366210938,109.73999786376953,109.5,109.52999877929688,742000,81.35521697998047
2012-07-27,109.18000030517578,109.18000030517578,108.36000061035156,108.73999786376953,1072300,80.7684097290039
2012-07-30,108.77999877929688,109.12000274658203,108.70999908447266,109.08999633789062,666000,81.02832794189453
2012-07-31,109.26000213623047,109.31999969482422,108.94000244140625,109.27999877929688,2209700,81.16941833496094
2012-08-01,108.83999633789062,109.05000305175781,108.55000305175781,108.72000122070312,977300,80.87340545654297
2012-08-02,109.05000305175781,109.27999877929688,108.93000030517578,108.9800033569336,620000,81.06684875488281
2012-08-03,108.5199966430664,108.62999725341797,108.19000244140625,108.41000366210938,765500,80.642852783203125
2012-08-06,108.4800033569336,108.66000366210938,108.43000030517578,108.4800033569336,850800,80.69486236572266
2012-08-07,107.9800033569336,108.0199966430664,107.79000091552734,107.91000366210938,1228200,80.27088165283203
2012-08-08,107.94999694824219,108.05999755859375,107.68000030517578,107.76000213623047,862800,80.159332275390625
2012-08-09,107.62999725341797,107.83000183105469,107.41999816894531,107.68000030517578,833700,80.09977722167969
2012-08-10,108.13999938964844,108.18000030517578,107.68000030517578,107.98999786376953,466900,80.33036041259766
2012-08-13,108.0999984741211,108.19000244140625,107.91999816894531,107.91999816894531,729500,80.27830505371094
2012-08-14,107.5,107.62999725341797,107.38999938964844,107.38999938964844,642100,79.8840560913086
2012-08-15,107.13999938964844,107.20999908447266,106.80000305175781,106.8499984741211,934600,79.48238372802734
2012-08-16,106.87999725341797,106.9800033569336,106.43000030517578,106.58999633789062,861400,79.288970947265625
2012-08-17,106.68000030517578,106.9000015258789,106.68000030517578,106.72000122070312,784300,79.38570404052734
2012-08-20,106.69999694824219,106.91999816894531,106.68000030517578,106.77999877929688,1000100,79.43028259277344
2012-08-21,106.66999816894531,106.88999938964844,106.41999816894531,106.87000274658203,684500,79.49727630615234
2012-08-22,107.26000213623047,107.69999694824219,107.18000030517578,107.69999694824219,730600,80.11467742919922
2012-08-23,107.86000061035156,108.01000213623047,107.69999694824219,107.88999938964844,440200,80.25599670410156
2012-08-24,108.06999969482422,108.13999938964844,107.80000305175781,107.83999633789062,311500,80.21875
2012-08-27,108.01000213623047,108.12999725341797,107.9800033569336,108.12000274658203,467400,80.42713165283203
2012-08-28,108.19000244140625,108.37000274658203,108.13999938964844,108.16000366210938,615000,80.4568099975586
2012-08-29,108.16000366210938,108.16000366210938,107.91999816894531,108.08999633789062,764700,80.40482330322266
2012-08-30,108.3499984741211,108.44999694824219,108.27999877929688,108.29000091552734,642200,80.553558349609375
2012-08-31,108.29000091552734,108.98999786376953,108.22000122070312,108.98999786376953,912700,81.07430267333984
2012-09-04,108.5999984741211,108.83000183105469,108.5199966430664,108.58999633789062,1200200,80.88880157470703
2012-09-05,108.55999755859375,108.68000030517578,108.44000244140625,108.55000305175781,782300,80.858978271484375
2012-09-06,108.05999755859375,108.08000183105469,107.79000091552734,107.80999755859375,1376700,80.30777740478516
2012-09-07,108.52999877929688,108.56999969482422,107.94999694824219,107.94999694824219,2748500,80.41199493408203
2012-09-10,108.04000091552734,108.0999984741211,107.81999969482422,108,1614100,80.44927215576172
2012-09-11,107.93000030517578,107.94999694824219,107.70999908447266,107.80000305175781,375200,80.30030822753906
2012-09-12,107.38999938964844,107.80000305175781,107.19999694824219,107.2699966430664,660700,79.905517578125
2012-09-13,107.55999755859375,107.7699966430664,106.7699966430664,107.58000183105469,1458700,80.13646697998047
2012-09-14,106.9800033569336,107.58000183105469,106.41999816894531,106.56999969482422,1050800,79.38404846191406
2012-09-17,106.66999816894531,106.95999908447266,106.6500015258789,106.79000091552734,745300,79.5479507446289
2012-09-18,107.22000122070312,107.27999877929688,107.01000213623047,107.05999755859375,578700,79.74907684326172
2012-09-19,107.36000061035156,107.41000366210938,107.18000030517578,107.30999755859375,437200,79.935302734375
2012-09-20,107.69000244140625,107.73999786376953,107.23999786376953,107.37000274658203,422300,79.98001861572266
2012-09-21,107.26000213623047,107.61000061035156,107.2300033569336,107.5999984741211,682000,80.15130615234375
2012-09-24,107.73999786376953,107.93000030517578,107.73999786376953,107.83999633789062,943800,80.330047607421875
2012-09-25,107.94999694824219,108.25,107.69999694824219,108.23999786376953,471900,80.62803649902344
2012-09-26,108.48999786376953,108.69000244140625,108.43000030517578,108.69000244140625,444600,80.96326446533203
2012-09-27,108.43000030517578,108.54000091552734,108.31999969482422,108.45999908447266,295400,80.79195404052734
2012-09-28,108.58000183105469,108.69999694824219,108.36000061035156,108.45999908447266,612500,80.79195404052734
2012-10-01,108.41000366210938,108.54000091552734,108.2300033569336,108.5199966430664,1213500,80.94184875488281
2012-10-02,108.30000305175781,108.55999755859375,108.29000091552734,108.44999694824219,846500,80.88963317871094
2012-10-03,108.44000244140625,108.55999755859375,108.30000305175781,108.55999755859375,938000,80.97172546386719
2012-10-04,108.31999969482422,108.41999816894531,108.08999633789062,108.12999725341797,376700,80.65096282958984
2012-10-05,107.76000213623047,107.80999755859375,107.56999969482422,107.63999938964844,805200,80.28551483154297
2012-10-08,107.87999725341797,108.01000213623047,107.86000061035156,107.98999786376953,403700,80.54658508300781
2012-10-09,107.69999694824219,107.94999694824219,107.68000030517578,107.7699966430664,387200,80.38245391845703
2012-10-10,107.5999984741211,108.06999969482422,107.52999877929688,108.02999877929688,318100,80.5764389038086
2012-10-11,107.69000244140625,108.13999938964844,107.62999725341797,108.12999725341797,1217500,80.65096282958984
2012-10-12,108.20999908447266,108.37999725341797,108.11000061035156,108.13999938964844,427900,80.658447265625
2012-10-15,108.18000030517578,108.25,108.05999755859375,108.16999816894531,635000,80.68080139160156
2012-10-16,107.93000030517578,107.93000030517578,107.66000366210938,107.66000366210938,585500,80.3004150390625
2012-10-17,107.33999633789062,107.37999725341797,106.94000244140625,106.9800033569336,597300,79.79322814941406
2012-10-18,107.08000183105469,107.18000030517578,106.75,106.79000091552734,1157500,79.6515121459961
2012-10-19,106.94999694824219,107.33999633789062,106.91999816894531,107.23999786376953,808100,79.9871597290039
2012-10-22,107.02999877929688,107.12999725341797,106.87999725341797,106.87999725341797,760000,79.71864318847656
2012-10-23,107.19999694824219,107.38999938964844,107.19999694824219,107.38999938964844,414600,80.0989990234375
2012-10-24,107.1500015258789,107.31999969482422,107.08999633789062,107.16000366210938,682400,79.927490234375
2012-10-25,106.6500015258789,107.04000091552734,106.58999633789062,106.7699966430664,437300,79.6365737915039
2012-10-26,107.13999938964844,107.45999908447266,107.11000061035156,107.44999694824219,414800,80.1437759399414
2012-10-31,107.69000244140625,107.9800033569336,107.6500015258789,107.88999938964844,728100,80.47193908691406
2012-11-01,107.63999938964844,107.68000030517578,107.4000015258789,107.52999877929688,918300,80.31138610839844
2012-11-02,107.29000091552734,107.63999938964844,107.25,107.62000274658203,527200,80.37861633300781
2012-11-05,107.83999633789062,107.98999786376953,107.80999755859375,107.87999725341797,805400,80.57276916503906
2012-11-06,107.79000091552734,107.86000061035156,107.37000274658203,107.38999938964844,486000,80.206817626953125
2012-11-07,108.33000183105469,108.54000091552734,108.19999694824219,108.29000091552734,979800,80.87901306152344
2012-11-08,108.2699966430664,108.79000091552734,108.1500015258789,108.7699966430664,514700,81.2375259399414
2012-11-09,108.70999908447266,108.81999969482422,108.55000305175781,108.77999877929688,368200,81.244964599609375
2012-11-12,108.77999877929688,108.87000274658203,108.69999694824219,108.8499984741211,267900,81.29725646972656
2012-11-13,108.98999786376953,109,108.80999755859375,108.9800033569336,1608900,81.39437103271484
2012-11-14,108.69999694824219,109.02999877929688,108.66999816894531,109.01000213623047,1477300,81.416778564453125
2012-11-15,108.79000091552734,109.06999969482422,108.7699966430664,108.95999908447266,1448500,81.37946319580078
2012-11-16,108.94000244140625,109.19999694824219,108.91000366210938,109.02999877929688,578100,81.43174743652344
2012-11-19,108.72000122070312,108.81999969482422,108.68000030517578,108.80999755859375,712300,81.26741027832031
2012-11-20,108.63999938964844,108.69999694824219,108.36000061035156,108.36000061035156,970700,80.93134307861328
2012-11-21,108.19999694824219,108.27999877929688,108.16000366210938,108.19999694824219,291500,80.81177520751953
2012-11-23,108.19999694824219,108.20999908447266,108.12999725341797,108.13999938964844,466000,80.76697540283203
2012-11-26,108.4000015258789,108.5199966430664,108.29000091552734,108.31999969482422,1522400,80.90143585205078
2012-11-27,108.38999938964844,108.58000183105469,108.33000183105469,108.56999969482422,579100,81.08809661865234
2012-11-28,108.7699966430664,108.87000274658203,108.66000366210938,108.70999908447266,1057500,81.19270324707031
2012-11-29,108.70999908447266,108.86000061035156,108.6500015258789,108.81999969482422,814200,81.274871826171875
2012-11-30,108.9000015258789,108.91000366210938,108.76000213623047,108.80000305175781,557800,81.259918212890625
2012-12-03,108.44000244140625,108.63999938964844,108.37000274658203,108.62000274658203,750400,81.227783203125
2012-12-04,108.69000244140625,108.81999969482422,108.66000366210938,108.80999755859375,479300,81.36985778808594
2012-12-05,108.91999816894531,109.05999755859375,108.87000274658203,108.9000015258789,505500,81.43717193603516
2012-12-06,109.0999984741211,109.1500015258789,108.94999694824219,108.95999908447266,443700,81.4820327758789
2012-12-07,108.69000244140625,108.86000061035156,108.62999725341797,108.6500015258789,515700,81.25023651123047
2012-12-10,108.79000091552734,108.81999969482422,108.6500015258789,108.75,707500,81.32500457763672
2012-12-11,108.51000213623047,108.55000305175781,108.41999816894531,108.54000091552734,734300,81.16792297363281
2012-12-12,108.41999816894531,108.5999984741211,108.08000183105469,108.08000183105469,1165600,80.82393646240234
2012-12-13,107.94999694824219,108.0999984741211,107.80000305175781,107.87000274658203,862900,80.666839599609375
2012-12-14,108,108.1500015258789,108,108.11000061035156,380700,80.84642028808594
2012-12-17,108.01000213623047,108.02999877929688,107.51000213623047,107.54000091552734,660100,80.42015075683594
2012-12-18,107.4800033569336,107.54000091552734,107,107.12000274658203,846400,80.10607147216797
2012-12-19,107.2699966430664,107.52999877929688,107.22000122070312,107.2699966430664,675300,80.21820831298828
2012-12-20,107.41999816894531,107.58000183105469,107.29000091552734,107.33999633789062,377100,80.27058410644531
2012-12-21,107.73999786376953,107.80999755859375,107.61000061035156,107.62999725341797,499200,80.4874038696289
2012-12-24,107.55000305175781,107.58000183105469,107.5,107.5199966430664,903400,80.4051742553711
2012-12-26,107.48999786376953,107.63999938964844,107.4800033569336,107.58999633789062,780000,80.57067108154297
2012-12-27,107.54000091552734,108.0199966430664,107.5199966430664,107.80999755859375,446700,80.73541259765625
2012-12-28,108.01000213623047,108.06999969482422,107.9000015258789,108.05999755859375,552200,80.92266845703125
2012-12-31,107.91000366210938,107.95999908447266,107.44999694824219,107.48999786376953,1742800,80.49576568603516
2013-01-02,107,107.1500015258789,106.94999694824219,107,2561300,80.12883758544922
2013-01-03,107.02999877929688,107.05000305175781,106.44000244140625,106.44999694824219,2131900,79.716949462890625
2013-01-04,106.33999633789062,106.5,106.20999908447266,106.5,975400,79.754425048828125
2013-01-07,106.5,106.5999984741211,106.41999816894531,106.55999755859375,1387400,79.79933166503906
2013-01-08,106.70999908447266,106.83999633789062,106.69000244140625,106.81999969482422,364200,79.99402618408203
2013-01-09,106.8499984741211,106.9800033569336,106.73999786376953,106.87999725341797,517700,80.038970947265625
2013-01-10,106.58000183105469,106.7699966430664,106.52999877929688,106.56999969482422,689100,79.80680084228516
2013-01-11,106.41000366210938,106.91000366210938,106.37000274658203,106.91000366210938,553900,80.0614242553711
2013-01-14,107.0199966430664,107.05999755859375,106.8499984741211,106.87000274658203,971700,80.03144073486328
2013-01-15,107.22000122070312,107.2699966430664,107.08999633789062,107.12999725341797,428800,80.22618103027344
2013-01-16,107.30000305175781,107.33999633789062,107.1500015258789,107.2699966430664,534000,80.33106231689453
2013-01-17,106.83999633789062,106.91000366210938,106.66999816894531,106.77999877929688,436100,79.96405029296875
2013-01-18,106.95999908447266,107.12999725341797,106.93000030517578,107.08000183105469,560100,80.188720703125
2013-01-22,106.87000274658203,107.22000122070312,106.8499984741211,107.16999816894531,595400,80.25617980957031
2013-01-23,107.25,107.3499984741211,107.1500015258789,107.22000122070312,603600,80.29359436035156
2013-01-24,107.13999938964844,107.16000366210938,106.91000366210938,107.04000091552734,376300,80.158782958984375
2013-01-25,106.52999877929688,106.62999725341797,106.26000213623047,106.33000183105469,570600,79.6270980834961
2013-01-28,105.88999938964844,106.13999938964844,105.88999938964844,106.11000061035156,1328000,79.46240234375
2013-01-29,106.1500015258789,106.31999969482422,105.93000030517578,105.94999694824219,480600,79.3425064086914
2013-01-30,105.87000274658203,106.02999877929688,105.72000122070312,106.01000213623047,453200,79.38748931884766
2013-01-31,106.11000061035156,106.11000061035156,105.93000030517578,106.0999984741211,902500,79.45488739013672
2013-02-01,106.41000366210938,106.43000030517578,105.55999755859375,105.5999984741211,2587800,79.18489837646484
2013-02-04,105.93000030517578,106.2699966430664,105.88999938964844,106.20999908447266,693400,79.642364501953125
2013-02-05,105.80999755859375,105.87999725341797,105.7300033569336,105.83000183105469,797700,79.3573989868164
2013-02-06,106.05999755859375,106.19999694824219,105.94999694824219,106.1500015258789,816800,79.5973129272461
2013-02-07,106.1500015258789,106.44999694824219,106.13999938964844,106.19999694824219,970000,79.63481903076172
2013-02-08,106.22000122070312,106.31999969482422,105.97000122070312,106.27999877929688,952800,79.69483184814453
2013-02-11,106.19999694824219,106.30999755859375,106.16999816894531,106.16999816894531,558800,79.61235046386719
2013-02-12,106.01000213623047,106.16999816894531,105.9800033569336,106.05999755859375,531500,79.52985382080078
2013-02-13,105.72000122070312,105.87000274658203,105.63999938964844,105.69000244140625,610700,79.25240325927734
2013-02-14,105.94999694824219,106.1500015258789,105.80999755859375,106.13999938964844,988000,79.58982849121094
2013-02-15,106.04000091552734,106.0999984741211,105.8499984741211,106.04000091552734,681700,79.514862060546875
2013-02-19,106.19000244140625,106.20999908447266,105.86000061035156,105.87000274658203,498800,79.38737487792969
2013-02-20,105.83000183105469,106.12000274658203,105.79000091552734,106.0999984741211,869900,79.55989074707031
2013-02-21,106.33000183105469,106.5,106.27999877929688,106.30999755859375,681000,79.717315673828125
2013-02-22,106.33999633789062,106.4800033569336,106.33000183105469,106.44000244140625,412800,79.81476593017578
2013-02-25,106.16999816894531,107.26000213623047,106.16000366210938,107.26000213623047,2909000,80.42963409423828
2013-02-26,107.05999755859375,107.37999725341797,106.9800033569336,107.05999755859375,860900,80.27973937988281
2013-02-27,107.33999633789062,107.37000274658203,106.91999816894531,107.01000213623047,398800,80.24223327636719
2013-02-28,107.12000274658203,107.16999816894531,106.98999786376953,107.16000366210938,534400,80.35469055175781
2013-03-01,107.19000244140625,107.33000183105469,107.11000061035156,107.30000305175781,876500,80.555145263671875
2013-03-04,107.22000122070312,107.26000213623047,107.05000305175781,107.05000305175781,572600,80.367431640625
2013-03-05,106.97000122070312,107.01000213623047,106.81999969482422,106.94000244140625,224700,80.28485107421875
2013-03-06,106.62000274658203,106.77999877929688,106.5999984741211,106.5999984741211,1091700,80.0296401977539
2013-03-07,106.41000366210938,106.43000030517578,106.16999816894531,106.19000244140625,804500,79.7218246459961
2013-03-08,105.63999938964844,105.83999633789062,105.56999969482422,105.6500015258789,1651900,79.31641387939453
2013-03-11,105.75,105.80000305175781,105.6500015258789,105.69999694824219,1465800,79.35395812988281
2013-03-12,105.86000061035156,106.05000305175781,105.8499984741211,105.98999786376953,525300,79.57164001464844
2013-03-13,105.80000305175781,106.01000213623047,105.72000122070312,105.9000015258789,1116500,79.504058837890625
2013-03-14,105.69000244140625,106.01000213623047,105.66000366210938,105.93000030517578,557400,79.52662658691406
2013-03-15,105.98999786376953,106.31999969482422,105.98999786376953,106.30000305175781,1184700,79.80439758300781
2013-03-18,106.68000030517578,106.69000244140625,106.48999786376953,106.6500015258789,1442000,80.06712341308594
2013-03-19,106.7699966430664,107.11000061035156,106.73999786376953,106.9800033569336,545300,80.31486511230469
2013-03-20,106.69999694824219,106.83000183105469,106.55999755859375,106.56999969482422,742800,80.007080078125
2013-03-21,106.8499984741211,106.86000061035156,106.68000030517578,106.8499984741211,669700,80.21734619140625
2013-03-22,106.91999816894531,106.94999694824219,106.68000030517578,106.88999938964844,297000,80.24730682373047
2013-03-25,106.70999908447266,107.12000274658203,106.68000030517578,106.97000122070312,319500,80.30741119384766
2013-03-26,106.75,107.12000274658203,106.7300033569336,107.08000183105469,546300,80.38993072509766
2013-03-27,107.45999908447266,107.66000366210938,107.45999908447266,107.54000091552734,623700,80.73529052734375
2013-03-28,107.43000030517578,107.56999969482422,107.31999969482422,107.33999633789062,378400,80.585205078125
2013-04-01,107.22000122070312,107.55000305175781,107.22000122070312,107.4800033569336,2471100,80.79947662353516
2013-04-02,107.31999969482422,107.3499984741211,107.22000122070312,107.2699966430664,984900,80.64154815673828
2013-04-03,107.41000366210938,107.81999969482422,107.41000366210938,107.72000122070312,1234000,80.9798812866211
2013-04-04,107.91000366210938,108.16000366210938,107.87999725341797,108.1500015258789,584800,81.3031234741211
2013-04-05,108.52999877929688,108.69999694824219,108.43000030517578,108.48999786376953,663800,81.55867767333984
2013-04-08,108.43000030517578,108.51000213623047,108.12999725341797,108.13999938964844,858200,81.29561614990234
2013-04-09,108.31999969482422,108.37999725341797,108.12000274658203,108.18000030517578,507800,81.32564544677734
2013-04-10,107.94000244140625,107.97000122070312,107.70999908447266,107.7300033569336,340900,80.98735046386719
2013-04-11,107.8499984741211,107.97000122070312,107.79000091552734,107.8499984741211,1132200,81.07759094238281
2013-04-12,108.25,108.44999694824219,108.12999725341797,108.44999694824219,827700,81.52863311767578
2013-04-15,108.4000015258789,108.69000244140625,108.36000061035156,108.69000244140625,587300,81.709075927734375
2013-04-16,108.3499984741211,108.51000213623047,108.33000183105469,108.37999725341797,1226700,81.47602844238281
2013-04-17,108.44000244140625,108.80999755859375,108.4000015258789,108.58000183105469,988300,81.6263427734375
2013-04-18,108.66000366210938,108.76000213623047,108.56999969482422,108.63999938964844,705600,81.67143249511719
2013-04-19,108.58000183105469,108.58000183105469,108.48999786376953,108.58000183105469,750500,81.6263427734375
2013-04-22,108.62999725341797,108.75,108.58000183105469,108.63999938964844,379900,81.67143249511719
2013-04-23,108.7699966430664,109.04000091552734,108.54000091552734,108.56999969482422,449800,81.61891174316406
2013-04-24,108.55999755859375,108.69000244140625,108.55000305175781,108.62000274658203,279400,81.65641784667969
2013-04-25,108.47000122070312,108.54000091552734,108.38999938964844,108.5,293300,81.56620788574219
2013-04-26,108.77999877929688,108.91999816894531,108.75,108.88999938964844,433300,81.85935974121094
2013-04-29,108.95999908447266,108.98999786376953,108.83000183105469,108.8499984741211,810000,81.829315185546875
2013-04-30,109.01000213623047,109.13999938964844,108.79000091552734,108.83000183105469,752700,81.81427001953125
2013-05-01,108.91999816894531,109.16999816894531,108.91999816894531,109.05000305175781,803600,82.081512451171875
2013-05-02,108.98999786376953,109.05999755859375,108.93000030517578,109.05000305175781,921300,82.081512451171875
2013-05-03,108.47000122070312,108.5,108.05000305175781,108.12000274658203,879500,81.38154602050781
2013-05-06,108.1500015258789,108.19000244140625,107.88999938964844,107.9800033569336,434000,81.27613067626953
2013-05-07,107.80999755859375,107.94000244140625,107.80999755859375,107.83000183105469,544000,81.1632080078125
2013-05-08,107.93000030517578,108.08999633789062,107.9000015258789,107.95999908447266,1114400,81.2610855102539
2013-05-09,108.04000091552734,108.23999786376953,107.91000366210938,107.94000244140625,587300,81.2459716796875
2013-05-10,107.75,107.75,107.08000183105469,107.33000183105469,529700,80.78685760498047
2013-05-13,107.0999984741211,107.16999816894531,107.06999969482422,107.13999938964844,417600,80.64385986328125
2013-05-14,107.27999877929688,107.31999969482422,106.66999816894531,106.70999908447266,876900,80.32020568847656
2013-05-15,107.02999877929688,107.12999725341797,106.7300033569336,106.98999786376953,768200,80.53096008300781
2013-05-16,107.23999786376953,107.62000274658203,107.22000122070312,107.5,697900,80.914825439453125
2013-05-17,107.33000183105469,107.37000274658203,106.9000015258789,106.91999816894531,365800,80.478271484375
2013-05-20,107.08999633789062,107.12000274658203,106.7300033569336,106.83999633789062,1440000,80.41803741455078
2013-05-21,106.80000305175781,107.13999938964844,106.58000183105469,107.12000274658203,530600,80.628814697265625
2013-05-22,107.19999694824219,107.43000030517578,106.22000122070312,106.2699966430664,1797400,79.989013671875
2013-05-23,106.61000061035156,106.63999938964844,106.12999725341797,106.37999725341797,950100,80.07183837890625
2013-05-24,106.5,106.68000030517578,106.36000061035156,106.41999816894531,349800,80.10191345214844
2013-05-28,106.08000183105469,106.1500015258789,105.1500015258789,105.16999816894531,1157000,79.16101837158203
2013-05-29,105.25,105.5999984741211,105.19000244140625,105.5999984741211,1588400,79.48469543457031
2013-05-30,105.56999969482422,105.75,105.41000366210938,105.61000061035156,578000,79.49220275878906
2013-05-31,105.70999908447266,105.75,104.83000183105469,105.31999969482422,1639400,79.27400207519531
2013-06-03,104.9800033569336,105.83999633789062,104.22000122070312,105.33000183105469,3269200,79.3885269165039
2013-06-04,105.08999633789062,105.31999969482422,105.01000213623047,105.05999755859375,1235100,79.18498992919922
2013-06-05,105.29000091552734,105.61000061035156,105.25,105.56999969482422,1298900,79.56940460205078
2013-06-06,105.4800033569336,106.33000183105469,105.30000305175781,105.69999694824219,2471900,79.66736602783203
2013-06-07,105.3499984741211,105.55000305175781,104.87999725341797,104.87999725341797,652300,79.049346923828125
2013-06-10,104.68000030517578,104.80999755859375,104.47000122070312,104.62000274658203,694600,78.8533935546875
2013-06-11,104.25,104.87999725341797,104.19000244140625,104.87999725341797,756100,79.049346923828125
2013-06-12,104.48999786376953,104.94999694824219,104.41000366210938,104.41000366210938,528700,78.69510650634766
2013-06-13,104.66999816894531,105.31999969482422,104.66000366210938,105.19999694824219,1180100,79.2905502319336
2013-06-14,105.41000366210938,105.63999938964844,105.2699966430664,105.33999633789062,599700,79.3960189819336
2013-06-17,105.45999908447266,105.4800033569336,105.0199966430664,105.08999633789062,478400,79.2076187133789
2013-06-18,104.8499984741211,105.12000274658203,104.79000091552734,105.02999877929688,429000,79.16239929199219
2013-06-19,105.08999633789062,107.58999633789062,103.4800033569336,103.58999633789062,1281500,78.077056884765625
2013-06-20,103.22000122070312,103.43000030517578,102.80999755859375,103.12000274658203,1982500,77.7227783203125
2013-06-21,102.91000366210938,103,102.0199966430664,102.02999877929688,1777200,76.9012451171875
2013-06-24,101.26000213623047,102.19999694824219,101.25,101.77999877929688,2731500,76.71284484863281
2013-06-25,102.05999755859375,102.12000274658203,101.55999755859375,101.66000366210938,772000,76.62236785888672
2013-06-26,102.23999786376953,102.30999755859375,101.76000213623047,102.06999969482422,1015300,76.93145751953125
2013-06-27,102.48999786376953,102.66000366210938,102.22000122070312,102.62000274658203,949000,77.345947265625
2013-06-28,102.12999725341797,102.55999755859375,101.97000122070312,102.5,1017700,77.2554931640625
2013-07-01,102.20999908447266,102.4800033569336,102.02999877929688,102.4000015258789,1127100,77.28498077392578
2013-07-02,102.41999816894531,102.56999969482422,102.27999877929688,102.44000244140625,385400,77.31519317626953
2013-07-03,102.44999694824219,102.6500015258789,102.2300033569336,102.23999786376953,1233200,77.16414642333984
2013-07-05,100.88999938964844,100.93000030517578,100.44999694824219,100.5199966430664,924100,75.86602020263672
2013-07-08,100.86000061035156,101.19000244140625,100.83999633789062,101.11000061035156,1137200,76.31134033203125
2013-07-09,101.27999877929688,101.38999938964844,101.19999694824219,101.27999877929688,558400,76.439666748046875
2013-07-10,101.23999786376953,101.37999725341797,100.9000015258789,100.91999816894531,1005500,76.167938232421875
2013-07-11,101.66000366210938,101.93000030517578,101.56999969482422,101.93000030517578,818700,76.93017578125
2013-07-12,102.20999908447266,102.30999755859375,101.68000030517578,101.8499984741211,1919500,76.86985778808594
2013-07-15,101.97000122070312,102.16999816894531,101.94000244140625,102.16999816894531,563700,77.111358642578125
2013-07-16,102.16000366210938,102.31999969482422,102.0999984741211,102.22000122070312,713300,77.1490707397461
2013-07-17,102.80999755859375,102.8499984741211,102.5199966430664,102.66999816894531,696300,77.48872375488281
2013-07-18,102.63999938964844,102.63999938964844,102.19000244140625,102.19000244140625,717800,77.12645721435547
2013-07-19,102.44999694824219,102.76000213623047,102.44000244140625,102.75,459500,77.549072265625
2013-07-22,102.73999786376953,102.86000061035156,102.66999816894531,102.73999786376953,450300,77.54149627685547
2013-07-23,102.51000213623047,102.6500015258789,102.38999938964844,102.62000274658203,13316500,77.4509506225586
2013-07-24,102,102.11000061035156,101.6500015258789,101.93000030517578,837400,76.93017578125
2013-07-25,101.62000274658203,102.08999633789062,101.5999984741211,102.08000183105469,712300,77.0434341430664
2013-07-26,102.18000030517578,102.23999786376953,102.05999755859375,102.16999816894531,544900,77.111358642578125
2013-07-29,102.04000091552734,102.08999633789062,101.8499984741211,101.95999908447266,420300,76.952850341796875
2013-07-30,102.05999755859375,102.0999984741211,101.80999755859375,101.93000030517578,306800,76.93017578125
2013-07-31,101.22000122070312,102.08000183105469,101.13999938964844,102,930500,76.98307037353516
2013-08-01,101.48999786376953,101.52999877929688,100.86000061035156,100.95999908447266,1177300,76.30355072021484
2013-08-02,101.4800033569336,101.81999969482422,101.41999816894531,101.81999969482422,4360000,76.95360565185547
2013-08-05,101.61000061035156,101.6500015258789,101.41000366210938,101.5,390400,76.71174621582031
2013-08-06,101.44000244140625,101.58999633789062,101.38999938964844,101.52999877929688,257000,76.73445892333984
2013-08-07,101.6500015258789,101.95999908447266,101.62999725341797,101.9000015258789,493200,77.01403045654297
2013-08-08,102.04000091552734,102.1500015258789,101.93000030517578,102.05000305175781,804900,77.127349853515625
2013-08-09,101.9000015258789,102.12999725341797,101.87999725341797,102.12000274658203,557600,77.18029022216797
2013-08-12,102.2699966430664,102.2699966430664,101.87999725341797,101.91999816894531,400400,77.02918243408203
2013-08-13,101.30000305175781,101.30000305175781,100.91999816894531,101,566500,76.33380889892578
2013-08-14,101,101.1500015258789,100.97000122070312,101.08999633789062,1672300,76.4018325805664
2013-08-15,100.52999877929688,100.86000061035156,100.30000305175781,100.52999877929688,15452300,75.97862243652344
2013-08-16,100.55999755859375,100.55999755859375,99.8499984741211,100.13999938964844,1066900,75.683837890625
2013-08-19,99.86000061035156,99.91999816894531,99.61000061035156,99.70999908447266,892200,75.3588638305664
2013-08-20,100.06999969482422,100.2699966430664,100.05000305175781,100.25,1221100,75.76702880859375
2013-08-21,100,100.25,99.58000183105469,99.62000274658203,945100,75.29085540771484
2013-08-22,99.54000091552734,99.75,99.33000183105469,99.58000183105469,755100,75.26062774658203
2013-08-23,99.5,100.20999908447266,99.410003662109375,100.13999938964844,991100,75.683837890625
2013-08-26,100.36000061035156,100.38999938964844,100.1500015258789,100.33999633789062,512600,75.83500671386719
2013-08-27,100.68000030517578,100.97000122070312,100.52999877929688,100.91000366210938,532500,76.265777587890625
2013-08-28,100.62000274658203,100.6500015258789,100.30000305175781,100.5,761700,75.9559097290039
2013-08-29,100.20999908447266,100.7300033569336,100.16000366210938,100.5999984741211,470900,76.03153228759766
2013-08-30,100.66999816894531,100.72000122070312,100.41000366210938,100.41000366210938,1038200,75.88794708251953
2013-09-03,99.83000183105469,99.91999816894531,99.2699966430664,99.69000244140625,796000,75.45722961425781
2013-09-04,99.75,99.79000091552734,99.29000091552734,99.36000061035156,824400,75.20745086669922
2013-09-05,99.029998779296875,99.11000061035156,98.5999984741211,98.5999984741211,1722700,74.6321792602539
2013-09-06,99.30999755859375,99.589996337890625,99.04000091552734,99.19999694824219,1033900,75.086334228515625
2013-09-09,99.589996337890625,99.62999725341797,99.3499984741211,99.4000015258789,764300,75.237701416015625
2013-09-10,99.05000305175781,99.2699966430664,98.94000244140625,98.94000244140625,1895300,74.8895492553711
2013-09-11,99.26000213623047,99.45999908447266,99,99.44000244140625,885300,75.26801300048828
2013-09-12,99.720001220703125,99.81999969482422,99.410003662109375,99.44999694824219,796800,75.2755355834961
2013-09-13,99.470001220703125,99.69000244140625,99.44999694824219,99.58000183105469,1166500,75.3740005493164
2013-09-16,100.4800033569336,100.5,99.76000213623047,99.80000305175781,1855200,75.54051208496094
2013-09-17,100.05000305175781,100.05999755859375,99.80000305175781,100,943300,75.69184112548828
2013-09-18,99.9000015258789,101.48999786376953,99.589996337890625,101.23999786376953,1341800,76.630462646484375
2013-09-19,101.2300033569336,101.2300033569336,100,100.88999938964844,1592800,76.36555480957031
2013-09-20,100.95999908447266,101.1500015258789,100.83000183105469,100.98999786376953,300600,76.44129943847656
2013-09-23,101.08999633789062,101.37999725341797,101.08999633789062,101.37000274658203,2003200,76.72882843017578
2013-09-24,101.45999908447266,101.80000305175781,101.41000366210938,101.73999786376953,1149800,77.008941650390625
2013-09-25,101.69999694824219,102.04000091552734,101.66999816894531,102.0199966430664,569900,77.22089385986328
2013-09-26,101.7699966430664,101.87000274658203,101.66999816894531,101.80000305175781,568100,77.05430603027344
2013-09-27,101.83999633789062,102.1500015258789,101.83999633789062,101.94000244140625,2349400,77.16029357910156
2013-09-30,102.05999755859375,102.11000061035156,101.83999633789062,102.11000061035156,3785200,77.28899383544922
2013-10-01,101.8499984741211,101.88999938964844,101.66000366210938,101.7300033569336,1937000,77.11690521240234
2013-10-02,101.87000274658203,102.1500015258789,101.86000061035156,101.9000015258789,799900,77.245819091796875
2013-10-03,101.83000183105469,102.27999877929688,101.77999877929688,102.04000091552734,651800,77.35188293457031
2013-10-04,101.91999816894531,101.95999908447266,101.63999938964844,101.76000213623047,1160900,77.13964080810547
2013-10-07,102.05999755859375,102.08000183105469,101.80999755859375,101.8499984741211,454400,77.20783996582031
2013-10-08,101.80000305175781,102,101.69999694824219,101.80000305175781,818100,77.169952392578125
2013-10-09,101.79000091552734,101.83000183105469,101.54000091552734,101.62000274658203,506500,77.03352355957031
2013-10-10,101.2699966430664,101.4800033569336,101.19000244140625,101.4000015258789,649100,76.86670684814453
2013-10-11,101.69000244140625,101.83000183105469,101.5,101.55000305175781,850100,76.98046875
2013-10-14,101.55000305175781,101.69000244140625,101.12999725341797,101.20999908447266,183200,76.72271728515625
2013-10-15,101.41000366210938,101.45999908447266,101.16999816894531,101.2300033569336,368100,76.73785400390625
2013-10-16,101.12999725341797,101.7300033569336,101,101.72000122070312,2339600,77.10929107666016
2013-10-17,102.0999984741211,102.41000366210938,102.04000091552734,102.30000305175781,2950500,77.54898834228516
2013-10-18,102.43000030517578,102.45999908447266,102.27999877929688,102.30999755859375,582600,77.55658721923828
2013-10-21,102.27999877929688,102.29000091552734,102.11000061035156,102.23999786376953,321700,77.50350189208984
2013-10-22,102.75,102.97000122070312,102.72000122070312,102.94999694824219,484700,78.04174041748047
2013-10-23,103.0199966430664,103.30999755859375,103.0199966430664,103.12999725341797,280800,78.17813873291016
2013-10-24,103.20999908447266,103.2300033569336,102.91000366210938,102.91999816894531,591200,78.01896667480469
2013-10-25,103.01000213623047,103.13999938964844,102.9800033569336,103.0999984741211,552800,78.15544891357422
2013-10-28,103,103.12000274658203,102.95999908447266,103,600800,78.0796127319336
2013-10-29,102.91000366210938,103.13999938964844,102.87999725341797,103.13999938964844,274700,78.18573760986328
2013-10-30,103.19999694824219,103.4000015258789,102.76000213623047,102.87000274658203,1753100,77.98107147216797
2013-10-31,103.11000061035156,103.12999725341797,102.55999755859375,102.75,893000,77.89008331298828
2013-11-01,102.37999725341797,102.41999816894531,101.98999786376953,102.0199966430664,680100,77.45813751220703
2013-11-04,102.20999908447266,102.31999969482422,102.16999816894531,102.22000122070312,437000,77.6099853515625
2013-11-05,101.93000030517578,101.98999786376953,101.66999816894531,101.76000213623047,656900,77.26069641113281
2013-11-06,101.91999816894531,102.11000061035156,101.91999816894531,102.06999969482422,692700,77.49605560302734
2013-11-07,102.16000366210938,102.41999816894531,102.12999725341797,102.33999633789062,415000,77.70109558105469
2013-11-08,101.33000183105469,101.4000015258789,101.16000366210938,101.19000244140625,2497700,76.82793426513672
2013-11-11,101.25,101.26000213623047,101.13999938964844,101.13999938964844,144000,76.78997039794922
2013-11-12,101.08999633789062,101.25,100.9800033569336,101.05000305175781,1052100,76.72164154052734
2013-11-13,101.36000061035156,101.5199966430664,101.31999969482422,101.47000122070312,1122700,77.0405044555664
2013-11-14,101.55000305175781,101.98999786376953,101.55000305175781,101.95999908447266,694100,77.41254425048828
2013-11-15,101.97000122070312,101.98999786376953,101.79000091552734,101.87999725341797,359200,77.351837158203125
2013-11-18,101.94000244140625,102.2699966430664,101.94000244140625,102.23999786376953,2853000,77.6251220703125
2013-11-19,102.04000091552734,102.0999984741211,101.83000183105469,101.86000061035156,559100,77.33660125732422
2013-11-20,101.87999725341797,102.11000061035156,101.26000213623047,101.30000305175781,1562700,76.9114761352539
2013-11-21,101.08999633789062,101.44000244140625,100.95999908447266,101.38999938964844,804800,76.979766845703125
2013-11-22,101.48999786376953,101.70999908447266,101.44999694824219,101.68000030517578,807900,77.19999694824219
2013-11-25,101.62999725341797,101.83999633789062,101.61000061035156,101.76000213623047,487400,77.26069641113281
2013-11-26,101.8499984741211,102.08000183105469,101.80999755859375,101.9800033569336,425400,77.42777252197266
2013-11-27,101.94000244140625,101.94999694824219,101.5,101.75,476900,77.253082275390625
2013-11-29,101.55999755859375,101.7699966430664,101.55000305175781,101.69000244140625,652100,77.207550048828125
2013-12-02,101.30000305175781,101.33000183105469,101.01000213623047,101.08999633789062,2912200,76.87598419189453
2013-12-03,101.3499984741211,101.44000244140625,101.2300033569336,101.2699966430664,477200,77.01287841796875
2013-12-04,100.7699966430664,100.93000030517578,100.70999908447266,100.80999755859375,943600,76.66309356689453
2013-12-05,100.6500015258789,100.77999877929688,100.51000213623047,100.55999755859375,374100,76.47295379638672
2013-12-06,100.5,100.80999755859375,100.45999908447266,100.6500015258789,415600,76.54139709472656
2013-12-09,100.70999908447266,100.8499984741211,100.6500015258789,100.7699966430664,540900,76.63264465332031
2013-12-10,101.0999984741211,101.2300033569336,100.97000122070312,101.19000244140625,334700,76.9520263671875
2013-12-11,101.02999877929688,101.11000061035156,100.80000305175781,100.80000305175781,371700,76.65546417236328
2013-12-12,100.61000061035156,100.69000244140625,100.4800033569336,100.51000213623047,1156200,76.43495178222656
2013-12-13,100.66000366210938,100.72000122070312,100.55000305175781,100.66000366210938,434000,76.54894256591797
2013-12-16,100.86000061035156,100.87000274658203,100.5199966430664,100.61000061035156,572400,76.5109634399414
2013-12-17,100.5999984741211,100.93000030517578,100.5999984741211,100.93000030517578,694800,76.75431823730469
2013-12-18,100.6500015258789,101.04000091552734,100.1500015258789,100.55000305175781,1997700,76.46534729003906
2013-12-19,100.11000061035156,100.22000122070312,100,100.12999725341797,978700,76.14592742919922
2013-12-20,100.26000213623047,100.45999908447266,100.18000030517578,100.44000244140625,510500,76.38167572021484
2013-12-23,100.27999877929688,100.37999725341797,100.0999984741211,100.12000274658203,5238400,76.13832092285156
2013-12-24,99.839996337890625,99.910003662109375,99.69999694824219,99.7300033569336,770600,75.84174346923828
2013-12-26,99.48999786376953,99.55999755859375,99.43000030517578,99.4800033569336,787500,75.7762451171875
2013-12-27,99.470001220703125,99.5999984741211,99.37999725341797,99.41999816894531,640400,75.73052215576172
2013-12-30,99.55000305175781,99.69999694824219,99.54000091552734,99.69000244140625,1328000,75.936187744140625
2013-12-31,99.51000213623047,99.62999725341797,99.18000030517578,99.23999786376953,1553600,75.59343719482422
2014-01-02,99.38999938964844,99.68000030517578,99.37999725341797,99.62999725341797,1161800,75.8904800415039
2014-01-03,99.51000213623047,99.73999786376953,99.4800033569336,99.56999969482422,637500,75.84478759765625
2014-01-06,99.660003662109375,99.970001220703125,99.660003662109375,99.8499984741211,666200,76.058074951171875
2014-01-07,99.91999816894531,100.05000305175781,99.8499984741211,100.01000213623047,1055700,76.179962158203125
2014-01-08,99.68000030517578,99.73999786376953,99.45999908447266,99.5199966430664,1216700,75.80670928955078
2014-01-09,99.66999816894531,99.83000183105469,99.5,99.779998779296875,806100,76.00474548339844
2014-01-10,100.30000305175781,100.66999816894531,100.29000091552734,100.62000274658203,713300,76.64463806152344
2014-01-13,100.72000122070312,100.97000122070312,100.69999694824219,100.91000366210938,581600,76.86552429199219
2014-01-14,100.69999694824219,100.77999877929688,100.51000213623047,100.52999877929688,366700,76.5760498046875
2014-01-15,100.26000213623047,100.48999786376953,100.2300033569336,100.44000244140625,997300,76.50746154785156
2014-01-16,100.68000030517578,100.7699966430664,100.61000061035156,100.72000122070312,333300,76.72074127197266
2014-01-17,100.69999694824219,100.95999908447266,100.61000061035156,100.95999908447266,754400,76.90363311767578
2014-01-21,100.80000305175781,100.91999816894531,100.77999877929688,100.8499984741211,1927100,76.81980895996094
2014-01-22,100.62000274658203,100.7300033569336,100.55000305175781,100.56999969482422,1150900,76.60649108886719
2014-01-23,100.9000015258789,101.37999725341797,100.9000015258789,101.25,1080200,77.1244888305664
2014-01-24,101.5999984741211,101.75,101.44999694824219,101.66000366210938,564300,77.43680572509766
2014-01-27,101.48999786376953,101.69000244140625,101.33000183105469,101.3499984741211,758600,77.20064544677734
2014-01-28,101.48999786376953,101.51000213623047,101.30999755859375,101.5,452700,77.31492614746094
2014-01-29,101.80999755859375,102.12999725341797,101.62000274658203,101.9800033569336,1420200,77.68055725097656
2014-01-30,101.73999786376953,101.91000366210938,101.63999938964844,101.87999725341797,685400,77.60438537597656
2014-01-31,102.20999908447266,102.27999877929688,102.05000305175781,102.27999877929688,670500,77.909088134765625
2014-02-03,101.95999908447266,102.66999816894531,101.86000061035156,102.66000366210938,4629800,78.33262634277344
2014-02-04,102.31999969482422,102.38999938964844,102.23999786376953,102.3499984741211,2617300,78.09600067138672
2014-02-05,102.20999908447266,102.25,101.9800033569336,101.9800033569336,817600,77.813690185546875
2014-02-06,101.86000061035156,101.87999725341797,101.70999908447266,101.79000091552734,885900,77.668731689453125
2014-02-07,101.87999725341797,102.20999908447266,101.86000061035156,102.05999755859375,1065800,77.87467956542969
2014-02-10,101.94999694824219,102.13999938964844,101.94999694824219,102.11000061035156,589300,77.9128646850586
2014-02-11,101.75,101.81999969482422,101.61000061035156,101.66000366210938,625800,77.56947326660156
2014-02-12,101.5199966430664,101.5199966430664,101.27999877929688,101.41999816894531,743500,77.38640594482422
2014-02-13,101.79000091552734,101.91999816894531,101.7300033569336,101.9000015258789,941400,77.75269317626953
2014-02-14,101.8499984741211,101.9000015258789,101.72000122070312,101.83000183105469,463400,77.699188232421875
2014-02-18,101.9800033569336,102.16999816894531,101.93000030517578,102.08000183105469,1003600,77.889984130859375
2014-02-19,102.29000091552734,102.30999755859375,101.83000183105469,101.87999725341797,907200,77.7374267578125
2014-02-20,101.76000213623047,101.94000244140625,101.56999969482422,101.7699966430664,842900,77.65343475341797
2014-02-21,101.66000366210938,101.91000366210938,101.63999938964844,101.9000015258789,405000,77.75269317626953
2014-02-24,101.9000015258789,101.91000366210938,101.6500015258789,101.80000305175781,1531100,77.676361083984375
2014-02-25,101.98999786376953,102.16999816894531,101.94999694824219,102.1500015258789,402600,77.94341278076172
2014-02-26,102.1500015258789,102.44999694824219,102.11000061035156,102.44999694824219,486000,78.17232513427734
2014-02-27,102.51000213623047,102.63999938964844,102.4800033569336,102.56999969482422,559400,78.26387023925781
2014-02-28,102.37999725341797,102.55999755859375,102.16000366210938,102.47000122070312,609900,78.187591552734375
2014-03-03,102.5999984741211,102.83000183105469,102.43000030517578,102.80999755859375,2540500,78.57427215576172
2014-03-04,102.44000244140625,102.44000244140625,102,102.0199966430664,1080200,77.97053527832031
2014-03-05,101.87999725341797,102.13999938964844,101.80999755859375,102.12999725341797,614700,78.054595947265625
2014-03-06,101.69000244140625,101.80999755859375,101.61000061035156,101.69000244140625,534700,77.71830749511719
2014-03-07,101.16999816894531,101.37000274658203,101.1500015258789,101.25,645100,77.38202667236328
2014-03-10,101.27999877929688,101.43000030517578,101.25,101.36000061035156,1013900,77.46612548828125
2014-03-11,101.31999969482422,101.54000091552734,101.2300033569336,101.45999908447266,1571000,77.54253387451172
2014-03-12,101.7699966430664,101.91999816894531,101.69000244140625,101.86000061035156,819000,77.84825134277344
2014-03-13,101.58999633789062,102.47000122070312,101.58000183105469,102.45999908447266,1638900,78.306793212890625
2014-03-14,102.5999984741211,102.61000061035156,102.29000091552734,102.47000122070312,1314400,78.3144302368164
2014-03-17,102.26000213623047,102.33000183105469,102.04000091552734,102.05999755859375,1085400,78.00109100341797
2014-03-18,102.08000183105469,102.30999755859375,102.05999755859375,102.30999755859375,861200,78.19213104248047
2014-03-19,102.16000366210938,102.22000122070312,101.20999908447266,101.36000061035156,1355500,77.46612548828125
2014-03-20,101.31999969482422,101.45999908447266,101.2300033569336,101.37999725341797,1748100,77.48138427734375
2014-03-21,101.37000274658203,101.5999984741211,101.36000061035156,101.56999969482422,466500,77.62657928466797
2014-03-24,101.31999969482422,101.70999908447266,101.30999755859375,101.61000061035156,1222600,77.6572036743164
2014-03-25,101.52999877929688,101.70999908447266,101.44999694824219,101.55000305175781,739400,77.61133575439453
2014-03-26,101.58999633789062,101.9800033569336,101.58000183105469,101.9800033569336,830000,77.93994903564453
2014-03-27,101.83999633789062,102.19000244140625,101.83999633789062,102.08000183105469,303600,78.01641082763672
2014-03-28,101.9800033569336,102.02999877929688,101.63999938964844,101.72000122070312,661600,77.74124908447266
2014-03-31,101.44999694824219,101.76000213623047,101.37999725341797,101.7300033569336,1982900,77.7488784790039
2014-04-01,101.4000015258789,101.41999816894531,101.26000213623047,101.33000183105469,2562600,77.58807373046875
2014-04-02,101.05000305175781,101.08000183105469,100.86000061035156,100.88999938964844,806800,77.25113677978516
2014-04-03,100.97000122070312,101.12000274658203,100.91000366210938,100.95999908447266,298000,77.304779052734375
2014-04-04,101.25,101.62999725341797,101.25,101.58000183105469,731900,77.77949523925781
2014-04-07,101.73999786376953,101.91999816894531,101.72000122070312,101.81999969482422,1751700,77.9632797241211
2014-04-08,101.80000305175781,102,101.66000366210938,101.95999908447266,666100,78.07050323486328
2014-04-09,101.72000122070312,102.06999969482422,101.62999725341797,101.93000030517578,1350500,78.04747772216797
2014-04-10,102,102.58999633789062,102,102.36000061035156,1056600,78.37674713134766
2014-04-11,102.62000274658203,102.6500015258789,102.44000244140625,102.56999969482422,918500,78.5375747680664
2014-04-14,102.44000244140625,102.52999877929688,102.30000305175781,102.41000366210938,1468600,78.41503143310547
2014-04-15,102.33000183105469,102.73999786376953,102.26000213623047,102.52999877929688,614300,78.5069351196289
2014-04-16,102.27999877929688,102.43000030517578,102.25,102.37000274658203,1405500,78.384429931640625
2014-04-17,102.30999755859375,102.30999755859375,101.6500015258789,101.79000091552734,584600,77.94029998779297
2014-04-21,101.87999725341797,101.95999908447266,101.70999908447266,101.7699966430664,1021100,77.92498016357422
2014-04-22,101.61000061035156,101.75,101.5199966430664,101.7300033569336,482800,77.89436340332031
2014-04-23,101.87999725341797,102.06999969482422,101.83999633789062,101.98999786376953,306400,78.09345245361328
2014-04-24,101.76000213623047,102.04000091552734,101.75,101.95999908447266,345700,78.07050323486328
2014-04-25,102.12999725341797,102.33999633789062,102.08000183105469,102.0999984741211,388900,78.17767333984375
2014-04-28,102.06999969482422,102.16999816894531,101.80999755859375,101.94999694824219,574900,78.06278991699219
2014-04-29,101.79000091552734,102.04000091552734,101.76000213623047,102.04000091552734,760100,78.13167572021484
2014-04-30,102.18000030517578,102.36000061035156,102,102.30999755859375,544700,78.33846282958984
2014-05-01,102.18000030517578,102.61000061035156,102.11000061035156,102.41000366210938,21829500,78.56402587890625
2014-05-02,102.11000061035156,102.73999786376953,102,102.55999755859375,1343700,78.67908477783203
2014-05-05,102.70999908447266,102.70999908447266,102.41999816894531,102.5,929400,78.63304901123047
2014-05-06,102.5199966430664,102.6500015258789,102.44999694824219,102.62000274658203,566300,78.72509765625
2014-05-07,102.55999755859375,102.7699966430664,102.41999816894531,102.69999694824219,1107600,78.78650665283203
2014-05-08,102.80000305175781,102.9800033569336,102.6500015258789,102.80999755859375,1444300,78.87092590332031
2014-05-09,102.63999938964844,102.80000305175781,102.63999938964844,102.7300033569336,354500,78.80950164794922
2014-05-12,102.54000091552734,102.61000061035156,102.41000366210938,102.45999908447266,759600,78.60236358642578
2014-05-13,102.72000122070312,102.86000061035156,102.68000030517578,102.86000061035156,603700,78.90922546386719
2014-05-14,103.11000061035156,103.4800033569336,103.06999969482422,103.33000183105469,635400,79.26982879638672
2014-05-15,103.5,103.88999938964844,103.33000183105469,103.69999694824219,1347300,79.5536117553711
2014-05-16,103.52999877929688,103.66999816894531,103.45999908447266,103.4800033569336,452600,79.38487243652344
2014-05-19,103.61000061035156,103.73999786376953,103.3499984741211,103.3499984741211,325400,79.28511810302734
2014-05-20,103.38999938964844,103.76000213623047,103.38999938964844,103.6500015258789,34764400,79.51526641845703
2014-05-21,103.41000366210938,103.51000213623047,103.27999877929688,103.48999786376953,881700,79.39250183105469
2014-05-22,103.43000030517578,103.4800033569336,103.27999877929688,103.37999725341797,678800,79.30816650390625
2014-05-23,103.52999877929688,103.62000274658203,103.47000122070312,103.58999633789062,486800,79.46924591064453
2014-05-27,103.5,103.63999938964844,103.33999633789062,103.62000274658203,997000,79.49229431152344
2014-05-28,103.95999908447266,104.26000213623047,103.94000244140625,104.19000244140625,968200,79.9295425415039
2014-05-29,104.30999755859375,104.52999877929688,104.05999755859375,104.05999755859375,753100,79.82984161376953
2014-05-30,103.91000366210938,104.0999984741211,103.7699966430664,103.9800033569336,902400,79.768463134765625
2014-06-02,103.52999877929688,103.68000030517578,103.2300033569336,103.33000183105469,2032800,79.40345001220703
2014-06-03,103.18000030517578,103.18000030517578,102.80000305175781,102.80999755859375,1563600,79.00379943847656
2014-06-04,102.91000366210938,102.91999816894531,102.66999816894531,102.7300033569336,1566600,78.9423599243164
2014-06-05,102.68000030517578,103,102.68000030517578,102.87999725341797,1585800,79.0576400756836
2014-06-06,103.0999984741211,103.19999694824219,102.7699966430664,102.80000305175781,940600,78.99616241455078
2014-06-09,102.69000244140625,102.70999908447266,102.55000305175781,102.6500015258789,816500,78.88087463378906
2014-06-10,102.52999877929688,102.55999755859375,102.4000015258789,102.47000122070312,1207100,78.7425765991211
2014-06-11,102.56999969482422,102.69999694824219,102.47000122070312,102.61000061035156,814800,78.8501205444336
2014-06-12,102.6500015258789,103.05999755859375,102.55999755859375,103.01000213623047,1319500,79.15754699707031
2014-06-13,102.54000091552734,102.94000244140625,102.52999877929688,102.80999755859375,752900,79.00379943847656
2014-06-16,102.81999969482422,102.94999694824219,102.73999786376953,102.80999755859375,1401000,79.00379943847656
2014-06-17,102.62000274658203,102.66000366210938,102.36000061035156,102.37999725341797,33268500,78.67340850830078
2014-06-18,102.62999725341797,102.91999816894531,102.41999816894531,102.91999816894531,1472200,79.088348388671875
2014-06-19,103.08000183105469,103.16000366210938,102.55999755859375,102.66000366210938,1055000,78.88860321044922
2014-06-20,102.56999969482422,102.79000091552734,102.52999877929688,102.77999877929688,577000,78.98079681396484
2014-06-23,102.91999816894531,102.95999908447266,102.70999908447266,102.70999908447266,764200,78.926971435546875
2014-06-24,102.9800033569336,103.12999725341797,102.79000091552734,103.12999725341797,443800,79.24968719482422
2014-06-25,103.4000015258789,103.47000122070312,103.19999694824219,103.2300033569336,977500,79.32658386230469
2014-06-26,103.41999816894531,103.62000274658203,103.4000015258789,103.5,822300,79.53406524658203
2014-06-27,103.62000274658203,103.7300033569336,103.5,103.5,933200,79.53406524658203
2014-06-30,103.61000061035156,103.68000030517578,103.43000030517578,103.58000183105469,1268900,79.595550537109375
2014-07-01,103.13999938964844,103.26000213623047,103.02999877929688,103.05000305175781,17393000,79.3353271484375
2014-07-02,102.83999633789062,102.8499984741211,102.5999984741211,102.62999725341797,1779100,79.011962890625
2014-07-03,102.22000122070312,102.45999908447266,102.19999694824219,102.41999816894531,1079900,78.85029602050781
2014-07-07,102.54000091552734,102.73999786376953,102.54000091552734,102.66999816894531,1031000,79.042755126953125
2014-07-08,102.98999786376953,103.19000244140625,102.94999694824219,103.13999938964844,491500,79.40460968017578
2014-07-09,103.05000305175781,103.27999877929688,102.80000305175781,103.16000366210938,1113900,79.41996002197266
2014-07-10,103.5199966430664,103.63999938964844,103.33999633789062,103.37999725341797,728600,79.58937072753906
2014-07-11,103.5,103.6500015258789,103.45999908447266,103.55000305175781,688600,79.72026824951172
2014-07-14,103.47000122070312,103.47000122070312,103.29000091552734,103.31999969482422,974800,79.54320526123047
2014-07-15,103.29000091552734,103.55999755859375,103.12999725341797,103.2300033569336,933500,79.47395324707031
2014-07-16,103.26000213623047,103.41999816894531,103.19999694824219,103.37999725341797,15784300,79.58937072753906
2014-07-17,103.69999694824219,104.05000305175781,103.54000091552734,103.9800033569336,1367400,80.05128479003906
2014-07-18,103.87999725341797,103.93000030517578,103.62999725341797,103.7699966430664,386900,79.88964080810547
2014-07-21,103.83999633789062,104.04000091552734,103.80000305175781,103.80000305175781,339600,79.9127426147461
2014-07-22,103.83999633789062,103.93000030517578,103.68000030517578,103.93000030517578,484200,80.01277923583984
2014-07-23,104.02999877929688,104.05000305175781,103.88999938964844,103.91999816894531,523600,80.005096435546875
2014-07-24,103.61000061035156,103.6500015258789,103.48999786376953,103.5,600900,79.68175506591797
2014-07-25,103.7699966430664,103.93000030517578,103.69999694824219,103.9000015258789,781400,79.98970794677734
2014-07-28,103.77999877929688,103.9000015258789,103.63999938964844,103.77999877929688,1448000,79.8973388671875
2014-07-29,103.9000015258789,103.94999694824219,103.72000122070312,103.91999816894531,465700,80.005096435546875
2014-07-30,103.48999786376953,103.5,103.0999984741211,103.19000244140625,1067500,79.443084716796875
2014-07-31,102.93000030517578,103.30000305175781,102.87999725341797,103.16000366210938,1506500,79.41996002197266
2014-08-01,103.2699966430664,103.66999816894531,103.05000305175781,103.56999969482422,3466800,79.88739013671875
2014-08-04,103.66999816894531,103.7699966430664,103.58999633789062,103.62999725341797,1672600,79.9337158203125
2014-08-05,103.5,103.7699966430664,103.36000061035156,103.68000030517578,1013000,79.97229766845703
2014-08-06,103.98999786376953,103.98999786376953,103.73999786376953,103.7699966430664,1139100,80.04169464111328
2014-08-07,103.81999969482422,104.23999786376953,103.69000244140625,104.23999786376953,1386100,80.40422821044922
2014-08-08,104.41000366210938,104.56999969482422,104.11000061035156,104.1500015258789,913900,80.33478546142578
2014-08-11,104.18000030517578,104.2300033569336,104.01000213623047,104.0999984741211,419800,80.29621887207031
2014-08-12,104.13999938964844,104.19999694824219,103.94999694824219,103.94999694824219,416300,80.18052673339844
2014-08-13,104.11000061035156,104.33999633789062,104.05999755859375,104.29000091552734,732400,80.44281768798828
2014-08-14,104.48999786376953,104.55000305175781,104.30999755859375,104.5,638800,80.60479736328125
2014-08-15,104.48999786376953,105.2300033569336,104.44999694824219,104.91999816894531,1570700,80.9286880493164
2014-08-18,104.69000244140625,104.73999786376953,104.54000091552734,104.58999633789062,13822300,80.67420196533203
2014-08-19,104.80999755859375,104.80999755859375,104.43000030517578,104.4800033569336,769900,80.5893325805664
2014-08-20,104.41000366210938,104.45999908447266,104.12000274658203,104.16999816894531,1052200,80.35028076171875
2014-08-21,104.19000244140625,104.44000244140625,104.19000244140625,104.38999938964844,630300,80.51994323730469
2014-08-22,104.36000061035156,104.45999908447266,104.06999969482422,104.4000015258789,1393400,80.52766418457031
2014-08-25,104.4000015258789,104.5,104.30000305175781,104.4800033569336,837500,80.5893325805664
2014-08-26,104.61000061035156,104.62999725341797,104.43000030517578,104.45999908447266,590200,80.57392883300781
2014-08-27,104.63999938964844,104.76000213623047,104.54000091552734,104.75,881300,80.797637939453125
2014-08-28,105.0199966430664,105.04000091552734,104.80999755859375,104.88999938964844,938400,80.90564727783203
2014-08-29,104.87000274658203,105.04000091552734,104.80999755859375,104.9000015258789,1407100,80.91327667236328
2014-09-02,104.30000305175781,104.30999755859375,104.05000305175781,104.05000305175781,2058600,80.39640808105469
2014-09-03,103.93000030517578,104.23999786376953,103.87000274658203,104.19999694824219,1456900,80.51229095458984
2014-09-04,104.08000183105469,104.16000366210938,103.7699966430664,103.83000183105469,1994400,80.22642517089844
2014-09-05,104.18000030517578,104.23999786376953,103.80999755859375,103.86000061035156,1098400,80.249603271484375
2014-09-08,104.12999725341797,104.18000030517578,103.66999816894531,103.75,1340900,80.164581298828125
2014-09-09,103.52999877929688,103.6500015258789,103.45999908447266,103.51000213623047,1205900,79.97919464111328
2014-09-10,103.33000183105469,103.37999725341797,103.2300033569336,103.25,1311800,79.7782974243164
2014-09-11,103.4000015258789,103.45999908447266,103.0999984741211,103.12000274658203,1224800,79.67779541015625
2014-09-12,102.87999725341797,102.94000244140625,102.68000030517578,102.7300033569336,2178400,79.37648010253906
2014-09-15,102.87000274658203,102.97000122070312,102.83000183105469,102.91999816894531,1505400,79.523284912109375
2014-09-16,103.04000091552734,103.1500015258789,102.87000274658203,102.88999938964844,24978400,79.50008392333984
2014-09-17,103.05000305175781,103.2699966430664,102.62000274658203,102.62999725341797,2704700,79.2991714477539
2014-09-18,102.62999725341797,102.6500015258789,102.44999694824219,102.55999755859375,556800,79.24510192871094
2014-09-19,102.7300033569336,102.9800033569336,102.58000183105469,102.94999694824219,920600,79.54646301269531
2014-09-22,103.05000305175781,103.2300033569336,102.98999786376953,103.16999816894531,1932600,79.7164535522461
2014-09-23,103.26000213623047,103.38999938964844,103.16999816894531,103.38999938964844,963700,79.886444091796875
2014-09-24,103.33000183105469,103.41000366210938,103.06999969482422,103.0999984741211,485300,79.66239929199219
2014-09-25,103.25,103.61000061035156,103.25,103.5999984741211,399000,80.04872131347656
2014-09-26,103.4800033569336,103.48999786376953,103.26000213623047,103.37999725341797,716100,79.87871551513672
2014-09-29,103.7300033569336,103.77999877929688,103.63999938964844,103.70999908447266,2344500,80.13370513916016
2014-09-30,103.5999984741211,103.7699966430664,103.54000091552734,103.62000274658203,1544600,80.06416320800781
2014-10-01,103.83999633789062,104.30999755859375,103.83999633789062,104.30000305175781,3346000,80.73688507080078
2014-10-02,104.25,104.37999725341797,103.97000122070312,103.98999786376953,2084100,80.49683380126953
2014-10-03,103.7300033569336,103.97000122070312,103.61000061035156,103.95999908447266,1159100,80.47361755371094
2014-10-06,103.97000122070312,104.26000213623047,103.87999725341797,104.12999725341797,1201700,80.6052017211914
2014-10-07,104.45999908447266,104.77999877929688,104.33999633789062,104.73999786376953,1429800,81.07740783691406
2014-10-08,104.80999755859375,105.12999725341797,104.48999786376953,105.11000061035156,2701900,81.36385345458984
2014-10-09,105.04000091552734,105.18000030517578,104.91000366210938,104.93000030517578,5848000,81.2245101928711
2014-10-10,105.0999984741211,105.38999938964844,105.02999877929688,105.33999633789062,4675300,81.5418701171875
2014-10-13,105.5199966430664,105.94000244140625,105.44000244140625,105.88999938964844,2074300,81.96760559082031
2014-10-14,105.91000366210938,106.12999725341797,105.7699966430664,106.0999984741211,2196700,82.13017272949219
2014-10-15,107.5,108.87999725341797,106.44999694824219,106.69999694824219,2196800,82.59464263916016
2014-10-16,107.23999786376953,107.31999969482422,106.25,106.41000366210938,1786700,82.37012481689453
2014-10-17,106.13999938964844,106.26000213623047,105.87999725341797,106.0999984741211,1143300,82.13017272949219
2014-10-20,106.38999938964844,106.41999816894531,106.11000061035156,106.25,1562200,82.24627685546875
2014-10-21,106,106.19999694824219,105.91000366210938,105.95999908447266,1973200,82.0218505859375
2014-10-22,105.83999633789062,105.95999908447266,105.72000122070312,105.93000030517578,951800,81.99859619140625
2014-10-23,105.62999725341797,105.68000030517578,105.30999755859375,105.48999786376953,1281700,81.65801239013672
2014-10-24,105.5999984741211,105.81999969482422,105.5199966430664,105.58000183105469,678800,81.727691650390625
2014-10-27,105.55000305175781,105.79000091552734,105.55000305175781,105.69000244140625,872500,81.81281280517578
2014-10-28,105.58000183105469,105.61000061035156,105.37000274658203,105.43000030517578,771500,81.61155700683594
2014-10-29,105.29000091552734,105.3499984741211,104.73999786376953,105.08000183105469,1453100,81.34063720703125
2014-10-30,105.27999877929688,105.44000244140625,105.13999938964844,105.19000244140625,1363500,81.42576599121094
2014-10-31,105.12000274658203,105.16000366210938,104.88999938964844,105.0199966430664,886900,81.29418182373047
2014-11-03,104.69999694824219,104.8499984741211,104.44999694824219,104.80000305175781,2348900,81.2639389038086
2014-11-04,104.87999725341797,105.05000305175781,104.75,104.79000091552734,3854700,81.25617980957031
2014-11-05,104.63999938964844,104.83000183105469,104.62000274658203,104.81999969482422,1079700,81.27943420410156
2014-11-06,104.62000274658203,104.79000091552734,104.48999786376953,104.5,1026100,81.03128814697266
2014-11-07,104.7699966430664,105.18000030517578,104.76000213623047,105.16999816894531,994200,81.55083465576172
2014-11-10,105.16000366210938,105.16000366210938,104.7300033569336,104.73999786376953,1427900,81.21735382080078
2014-11-11,104.73999786376953,104.7699966430664,104.62000274658203,104.75,1220800,81.22513580322266
2014-11-12,104.98999786376953,105.05999755859375,104.68000030517578,104.70999908447266,658300,81.19410705566406
2014-11-13,104.83999633789062,104.94999694824219,104.72000122070312,104.87999725341797,743400,81.32596588134766
2014-11-14,104.75,105.16000366210938,104.69999694824219,105.0999984741211,629800,81.49656677246094
2014-11-17,105.25,105.25,104.91000366210938,104.9800033569336,496500,81.40348052978516
2014-11-18,105.01000213623047,105.12999725341797,104.9800033569336,105.0999984741211,510100,81.49656677246094
2014-11-19,104.81999969482422,105.11000061035156,104.7699966430664,104.81999969482422,560000,81.27943420410156
2014-11-20,105.22000122070312,105.22000122070312,104.88999938964844,105.01000213623047,811500,81.4267578125
2014-11-21,105.04000091552734,105.22000122070312,105.01000213623047,105.22000122070312,855800,81.5896224975586
2014-11-24,105.04000091552734,105.3499984741211,104.98999786376953,105.33999633789062,13802400,81.68263244628906
2014-11-25,105.29000091552734,105.62999725341797,105.25,105.5999984741211,1244600,81.88426208496094
2014-11-26,105.81999969482422,105.9000015258789,105.73999786376953,105.77999877929688,523300,82.02381134033203
2014-11-28,106.06999969482422,106.19999694824219,106,106.19000244140625,367300,82.34174346923828
2014-12-01,106.30999755859375,106.37000274658203,105.75,105.75,2063400,82.1397933959961
2014-12-02,105.43000030517578,105.5,105.26000213623047,105.27999877929688,990600,81.77471160888672
2014-12-03,105.22000122070312,105.3499984741211,105.1500015258789,105.31999969482422,851900,81.8058090209961
2014-12-04,105.33999633789062,105.69000244140625,105.26000213623047,105.69000244140625,968300,82.09327697753906
2014-12-05,105.27999877929688,105.30999755859375,104.93000030517578,105.0999984741211,1035900,81.63494873046875
2014-12-08,105.0999984741211,105.62999725341797,105.08999633789062,105.44999694824219,858300,81.90674591064453
2014-12-09,105.91999816894531,106.12000274658203,105.73999786376953,105.83999633789062,945900,82.20975494384766
2014-12-10,105.79000091552734,106.37000274658203,105.77999877929688,106.31999969482422,996800,82.58256530761719
2014-12-11,106.0999984741211,106.25,105.91000366210938,106.13999938964844,15223600,82.44276428222656
2014-12-12,106.62000274658203,107.0199966430664,106.47000122070312,107.01000213623047,7233700,83.11841583251953
2014-12-15,106.62999725341797,106.94999694824219,106.5,106.62000274658203,1248100,82.815582275390625
2014-12-16,107.27999877929688,107.27999877929688,106.76000213623047,107.16000366210938,10633800,83.235015869140625
2014-12-17,106.9800033569336,107.19999694824219,106.38999938964844,106.41999816894531,2086100,82.66020965576172
2014-12-18,105.86000061035156,105.94999694824219,105.7300033569336,105.81999969482422,4833300,82.194122314453125
2014-12-19,105.98999786376953,106.20999908447266,105.91000366210938,106.20999908447266,847800,82.4970932006836
2014-12-22,106.12000274658203,106.30000305175781,106.05000305175781,106.20999908447266,2366700,82.4970932006836
2014-12-23,105.91000366210938,105.9800033569336,105.31999969482422,105.33000183105469,1360300,81.81358337402344
2014-12-24,105.02999877929688,105.27999877929688,104.94000244140625,105.25,1098200,81.87268829345703
2014-12-26,105.44000244140625,105.44000244140625,105.25,105.38999938964844,373600,81.98162078857422
2014-12-29,105.58000183105469,105.83000183105469,105.55999755859375,105.75,2447300,82.26165771484375
2014-12-30,106.01000213623047,106.08000183105469,105.80999755859375,105.87000274658203,1194700,82.35497283935547
2014-12-31,105.94000244140625,106.08000183105469,105.93000030517578,105.98999786376953,1010400,82.448333740234375
2015-01-02,106.08999633789062,106.66000366210938,106.05999755859375,106.52999877929688,2028600,82.86840057373047
2015-01-05,106.70999908447266,107.25,106.66000366210938,107.18000030517578,1521700,83.37403106689453
2015-01-06,107.62999725341797,108.47000122070312,107.52999877929688,107.9000015258789,1890200,83.93409729003906
2015-01-07,107.58999633789062,108.01000213623047,107.45999908447266,107.87999725341797,1558000,83.9185791015625
2015-01-08,107.52999877929688,107.56999969482422,107.30999755859375,107.44000244140625,1671000,83.5762710571289
2015-01-09,107.56999969482422,108.0999984741211,107.45999908447266,107.97000122070312,1107800,83.9885482788086
2015-01-12,108.08000183105469,108.44000244140625,108.0199966430664,108.3499984741211,2700900,84.2841567993164
2015-01-13,108.2300033569336,108.63999938964844,108.12000274658203,108.44999694824219,1038800,84.361968994140625
2015-01-14,109.19999694824219,109.3499984741211,108.87999725341797,108.94999694824219,1545800,84.7508544921875
2015-01-15,109.01000213623047,109.9000015258789,108.94000244140625,109.87999725341797,1374100,85.47430419921875
2015-01-16,109.63999938964844,109.73999786376953,109.05999755859375,109.06999969482422,1689100,84.84423065185547
2015-01-20,109.29000091552734,109.66000366210938,109.16000366210938,109.31999969482422,1346200,85.03865814208984
2015-01-21,109.38999938964844,109.52999877929688,108.75,108.80000305175781,2298200,84.63420104980469
2015-01-22,109.06999969482422,109.0999984741211,108.4000015258789,108.52999877929688,1330800,84.42420196533203
2015-01-23,108.93000030517578,109.27999877929688,108.93000030517578,109.23999786376953,1248200,84.97644805908203
2015-01-26,109.16000366210938,109.2699966430664,108.9000015258789,108.98999786376953,1546200,84.782012939453125
2015-01-27,109.58999633789062,109.70999908447266,109.0199966430664,109.13999938964844,863300,84.898712158203125
2015-01-28,109.18000030517578,110.12999725341797,109.18000030517578,109.9800033569336,3346300,85.5521240234375
2015-01-29,109.66999816894531,109.80000305175781,109.41999816894531,109.58999633789062,1393400,85.24874114990234
2015-01-30,110.5199966430664,110.58999633789062,110.06999969482422,110.55000305175781,2219800,85.99552154541016
2015-02-02,109.94999694824219,110.4000015258789,109.93000030517578,110.2300033569336,11544700,85.8879623413086
2015-02-03,109.7300033569336,109.73999786376953,109.29000091552734,109.30000305175781,1465200,85.1633529663086
2015-02-04,108.95999908447266,109.54000091552734,108.87999725341797,109.4800033569336,1655500,85.30359649658203
2015-02-05,109.2300033569336,109.2699966430664,108.97000122070312,109.08000183105469,1392700,84.99195861816406
2015-02-06,108.37000274658203,108.47000122070312,107.8499984741211,107.86000061035156,2016700,84.04132843017578
2015-02-09,108.19999694824219,108.20999908447266,107.80000305175781,107.80999755859375,1599900,84.00237274169922
2015-02-10,107.62999725341797,107.73999786376953,107.45999908447266,107.54000091552734,1244500,83.79197692871094
2015-02-11,107.6500015258789,107.75,107.31999969482422,107.5,1286100,83.76087188720703
2015-02-12,107.4800033569336,107.80999755859375,107.45999908447266,107.54000091552734,1845200,83.79197692871094
2015-02-13,107.5,107.55000305175781,107.16999816894531,107.18000030517578,1302400,83.51151275634766
2015-02-17,107.05999755859375,107.1500015258789,106.25,106.41999816894531,2170100,82.9192886352539
2015-02-18,106.5,107.20999908447266,106.4000015258789,106.93000030517578,8204600,83.31668853759766
2015-02-19,106.83000183105469,107.05999755859375,106.55999755859375,106.66000366210938,1459500,83.10638427734375
2015-02-20,107.02999877929688,107.20999908447266,106.38999938964844,106.5999984741211,1893000,83.05960845947266
2015-02-23,106.88999938964844,107.12000274658203,106.8499984741211,107.08999633789062,818200,83.4413833618164
2015-02-24,106.94000244140625,107.80999755859375,106.70999908447266,107.80000305175781,1180900,83.9946517944336
2015-02-25,107.77999877929688,107.94999694824219,107.62999725341797,107.9000015258789,595300,84.07247161865234
2015-02-26,107.73999786376953,107.86000061035156,107.25,107.26000213623047,865900,83.57383728027344
2015-02-27,107.51000213623047,107.68000030517578,107.2300033569336,107.63999938964844,2901700,83.86994171142578
2015-03-02,107.37999725341797,107.41000366210938,106.6500015258789,106.66999816894531,10270800,83.245574951171875
2015-03-03,106.63999938964844,106.80999755859375,106.4000015258789,106.44000244140625,1224400,83.06612396240234
2015-03-04,106.62999725341797,106.72000122070312,106.37000274658203,106.5199966430664,1871100,83.12854766845703
2015-03-05,106.54000091552734,106.75,106.36000061035156,106.58000183105469,2253200,83.17537689208984
2015-03-06,105.83999633789062,105.86000061035156,105.44000244140625,105.48999786376953,1734000,82.32470703125
2015-03-09,105.9000015258789,105.9800033569336,105.75,105.9800033569336,1218100,82.70714569091797
2015-03-10,106.44999694824219,106.58999633789062,106.29000091552734,106.43000030517578,1309200,83.05828094482422
2015-03-11,106.38999938964844,106.70999908447266,106.33000183105469,106.62000274658203,945700,83.20661926269531
2015-03-12,107.01000213623047,107.05999755859375,106.55000305175781,106.72000122070312,916800,83.28462219238281
2015-03-13,106.61000061035156,106.93000030517578,106.5,106.55999755859375,846900,83.15974426269531
2015-03-16,106.95999908447266,107.0999984741211,106.75,106.93000030517578,639400,83.44847869873047
2015-03-17,107.16999816894531,107.19999694824219,107.0199966430664,107.1500015258789,768500,83.62022399902344
2015-03-18,107.44999694824219,108.4800033569336,107.12999725341797,108.37999725341797,1963600,84.580047607421875
2015-03-19,108.12999725341797,108.29000091552734,107.7300033569336,107.87000274658203,985600,84.18211364746094
2015-03-20,108.2300033569336,108.30999755859375,108.12000274658203,108.30999755859375,1194800,84.52545928955078
2015-03-23,108.41000366210938,108.5,108.19999694824219,108.44999694824219,795100,84.63471984863281
2015-03-24,108.45999908447266,108.77999877929688,108.37000274658203,108.77999877929688,584500,84.89225006103516
2015-03-25,108.79000091552734,108.83999633789062,108.30999755859375,108.30999755859375,1240200,84.52545928955078
2015-03-26,108.13999938964844,108.1500015258789,107.61000061035156,107.69999694824219,928300,84.04939270019531
2015-03-27,107.91000366210938,108.19999694824219,107.91000366210938,108.12000274658203,2492500,84.37718963623047
2015-03-30,108.16000366210938,108.23999786376953,107.97000122070312,108.11000061035156,2017700,84.369354248046875
2015-03-31,108.0999984741211,108.4000015258789,108.0199966430664,108.38999938964844,2137200,84.58793640136719
2015-04-01,108.55000305175781,108.8499984741211,108.52999877929688,108.7300033569336,2570100,84.99044036865234
2015-04-02,108.70999908447266,108.7300033569336,108.38999938964844,108.41999816894531,1126400,84.74813079833984
2015-04-06,108.94999694824219,109.04000091552734,108.48999786376953,108.55999755859375,1268500,84.8575668334961
2015-04-07,108.43000030517578,108.69000244140625,108.31999969482422,108.6500015258789,750700,84.92791748046875
2015-04-08,108.66999816894531,108.69000244140625,108.33000183105469,108.55000305175781,886400,84.8497314453125
2015-04-09,108.4800033569336,108.48999786376953,108.01000213623047,108.11000061035156,890600,84.5057601928711
2015-04-10,108.31999969482422,108.37999725341797,108.05999755859375,108.08000183105469,789700,84.482391357421875
2015-04-13,108.13999938964844,108.37000274658203,108.12000274658203,108.30000305175781,624800,84.65436553955078
2015-04-14,108.80000305175781,108.97000122070312,108.52999877929688,108.62000274658203,825400,84.90446472167969
2015-04-15,108.79000091552734,108.8499984741211,108.62999725341797,108.68000030517578,566400,84.95134735107422
2015-04-16,108.73999786376953,108.9000015258789,108.43000030517578,108.76000213623047,903300,85.01387786865234
2015-04-17,108.66999816894531,109.12000274658203,108.5999984741211,108.9800033569336,1945700,85.18585205078125
2015-04-20,108.93000030517578,108.95999908447266,108.6500015258789,108.77999877929688,878100,85.02949523925781
2015-04-21,108.69999694824219,108.72000122070312,108.5,108.55000305175781,811000,84.8497314453125
2015-04-22,108.4800033569336,108.4800033569336,107.9000015258789,107.91999816894531,725100,84.35730743408203
2015-04-23,107.98999786376953,108.37999725341797,107.93000030517578,108.25,918700,84.615234375
2015-04-24,108.41999816894531,108.66000366210938,108.41000366210938,108.62999725341797,739100,84.91229248046875
2015-04-27,108.51000213623047,108.62000274658203,108.30000305175781,108.45999908447266,854400,84.7794189453125
2015-04-28,108.19999694824219,108.44000244140625,107.91999816894531,107.95999908447266,1101100,84.38855743408203
2015-04-29,107.44999694824219,107.7300033569336,107.30999755859375,107.55999755859375,1118000,84.07591247558594
2015-04-30,107.18000030517578,107.62000274658203,106.95999908447266,107.52999877929688,2650600,84.0524673461914
2015-05-01,107.05000305175781,107.16000366210938,106.69999694824219,106.77999877929688,1854300,83.5929183959961
2015-05-04,106.87000274658203,107.0199966430664,106.55000305175781,106.55999755859375,2784900,83.42073059082031
2015-05-05,106.62000274658203,106.62000274658203,106.12000274658203,106.37999725341797,2050800,83.27978515625
2015-05-06,106.19999694824219,106.2699966430664,105.73999786376953,105.86000061035156,1802100,82.87271881103516
2015-05-07,106.05000305175781,106.41999816894531,105.97000122070312,106.30999755859375,2201300,83.22501373291016
2015-05-08,106.95999908447266,107.04000091552734,106.5999984741211,106.72000122070312,1004300,83.54594421386719
2015-05-11,106.38999938964844,106.38999938964844,105.63999938964844,105.66999816894531,1324400,82.72394561767578
2015-05-12,105.5,105.97000122070312,105.4000015258789,105.75,1431000,82.78658294677734
2015-05-13,106.1500015258789,106.1500015258789,105.55999755859375,105.61000061035156,1221200,82.67699432373047
2015-05-14,105.75,106.08000183105469,105.75,105.97000122070312,617500,82.95884704589844
2015-05-15,106.27999877929688,106.80000305175781,106.2300033569336,106.7300033569336,854900,83.55375671386719
2015-05-18,106.30000305175781,106.38999938964844,105.98999786376953,106.01000213623047,1000400,82.99010467529297
2015-05-19,105.52999877929688,105.9800033569336,105.41999816894531,105.54000091552734,1240400,82.6221923828125
2015-05-20,105.80000305175781,106.06999969482422,105.62000274658203,105.7699966430664,1682600,82.80226135253906
2015-05-21,106.0999984741211,106.41999816894531,106.02999877929688,106.4000015258789,836700,83.29544830322266
2015-05-22,106.19999694824219,106.27999877929688,105.94000244140625,106.16000366210938,852300,83.1075668334961
2015-05-26,106.20999908447266,106.81999969482422,106.16999816894531,106.81999969482422,1925600,83.62420654296875
2015-05-27,106.68000030517578,106.83999633789062,106.45999908447266,106.76000213623047,1015000,83.57725524902344
2015-05-28,106.75,106.94999694824219,106.66000366210938,106.86000061035156,1068200,83.655548095703125
2015-05-29,107.05000305175781,107.19000244140625,106.91000366210938,106.91999816894531,1148500,83.702545166015625
2015-06-01,106.7300033569336,106.80999755859375,106.1500015258789,106.27999877929688,2161700,83.333221435546875
2015-06-02,105.87999725341797,105.91000366210938,105.47000122070312,105.54000091552734,1484500,82.75298309326172
2015-06-03,105.13999938964844,105.13999938964844,104.58000183105469,104.63999938964844,1703400,82.047271728515625
2015-06-04,104.86000061035156,105.30000305175781,104.86000061035156,105.1500015258789,1594800,82.44720458984375
2015-06-05,104.41000366210938,104.70999908447266,104.20999908447266,104.38999938964844,1384900,81.85128021240234
2015-06-08,104.66000366210938,104.73999786376953,104.52999877929688,104.54000091552734,877800,81.96885681152344
2015-06-09,104.44999694824219,104.48999786376953,104.08000183105469,104.19999694824219,822400,81.70233154296875
2015-06-10,104.02999877929688,104.08999633789062,103.76000213623047,103.80000305175781,967000,81.38861846923828
2015-06-11,104.16000366210938,104.62999725341797,104.0199966430664,104.62000274658203,3069700,82.03163146972656
2015-06-12,104.44000244140625,104.98999786376953,104.41999816894531,104.55999755859375,1578100,81.98451232910156
2015-06-15,105.08999633789062,105.1500015258789,104.70999908447266,104.80999755859375,1478800,82.180633544921875
2015-06-16,105.04000091552734,105.23999786376953,104.88999938964844,105.20999908447266,779000,82.494232177734375
2015-06-17,105.05999755859375,105.37999725341797,104.58000183105469,105.2699966430664,1994000,82.541259765625
2015-06-18,105.12999725341797,105.29000091552734,104.79000091552734,105.19000244140625,1481600,82.47857666015625
2015-06-19,105.58000183105469,105.77999877929688,105.51000213623047,105.75,1849600,82.91767120361328
2015-06-22,105.27999877929688,105.31999969482422,104.81999969482422,104.86000061035156,860300,82.21976470947266
2015-06-23,104.4800033569336,104.91000366210938,104.43000030517578,104.54000091552734,925000,81.96885681152344
2015-06-24,104.72000122070312,104.9000015258789,104.52999877929688,104.8499984741211,1176500,82.21196746826172
2015-06-25,104.58999633789062,104.7699966430664,104.43000030517578,104.58999633789062,919800,82.00809478759766
2015-06-26,104.19000244140625,104.29000091552734,103.97000122070312,104.08999633789062,1441500,81.61603546142578
2015-06-29,104.75,105.4000015258789,104.61000061035156,105.30000305175781,1500900,82.5647964477539
2015-06-30,104.8499984741211,105.37000274658203,104.8499984741211,105.01000213623047,1599400,82.3374252319336
2015-07-01,104.4000015258789,104.51000213623047,104.1500015258789,104.30000305175781,3738800,81.907073974609375
2015-07-02,104.66000366210938,104.86000061035156,104.58999633789062,104.66999816894531,1924600,82.19764709472656
2015-07-06,105.45999908447266,105.55999755859375,105.0199966430664,105.41000366210938,1723300,82.77873992919922
2015-07-07,105.9800033569336,106.30999755859375,105.63999938964844,105.69000244140625,2083900,82.9986572265625
2015-07-08,105.9000015258789,106.23999786376953,105.79000091552734,106.11000061035156,1991200,83.32850646972656
2015-07-09,105.58999633789062,105.72000122070312,105.3499984741211,105.37000274658203,1206900,82.74736785888672
2015-07-10,104.69000244140625,104.97000122070312,104.45999908447266,104.63999938964844,3719900,82.174072265625
2015-07-13,104.18000030517578,104.58999633789062,104.18000030517578,104.36000061035156,1322300,81.95418548583984
2015-07-14,104.63999938964844,104.72000122070312,104.54000091552734,104.69000244140625,1321600,82.21334075927734
2015-07-15,104.56999969482422,105.16999816894531,104.55999755859375,105.08999633789062,1239500,82.52745819091797
2015-07-16,104.81999969482422,105.16999816894531,104.75,105.05000305175781,811400,82.49609375
2015-07-17,104.94999694824219,105.16000366210938,104.94000244140625,105.05999755859375,881300,82.50389862060547
2015-07-20,104.87999725341797,104.91999816894531,104.66999816894531,104.8499984741211,842500,82.33898162841797
2015-07-21,104.73999786376953,105.19000244140625,104.69999694824219,105.13999938964844,676600,82.56671142578125
2015-07-22,105.16999816894531,105.43000030517578,105.16000366210938,105.2699966430664,523800,82.66883087158203
2015-07-23,105.16999816894531,105.69999694824219,105.13999938964844,105.69999694824219,1064800,83.00647735595703
2015-07-24,105.77999877929688,105.8499984741211,105.61000061035156,105.80000305175781,1098400,83.084991455078125
2015-07-27,106.18000030517578,106.2300033569336,106,106.1500015258789,1392600,83.3598861694336
2015-07-28,105.88999938964844,105.98999786376953,105.80000305175781,105.8499984741211,6205200,83.12427520751953
2015-07-29,105.75,106.08999633789062,105.55000305175781,105.69999694824219,2107300,83.00647735595703
2015-07-30,105.62999725341797,105.8499984741211,105.55999755859375,105.81999969482422,683200,83.1007080078125
2015-07-31,106.3499984741211,106.5199966430664,106.23999786376953,106.44000244140625,1113000,83.58758544921875
2015-08-03,106.30000305175781,106.69999694824219,106.26000213623047,106.5999984741211,2627700,83.842437744140625
2015-08-04,106.44999694824219,106.5,105.98999786376953,106.05000305175781,1036000,83.40989685058594
2015-08-05,105.80000305175781,105.81999969482422,105.48999786376953,105.63999938964844,1283300,83.08739471435547
2015-08-06,105.80000305175781,106.05999755859375,105.75,106.01000213623047,731700,83.3784408569336
2015-08-07,106.0999984741211,106.45999908447266,106.04000091552734,106.43000030517578,1533700,83.70873260498047
2015-08-10,106.08000183105469,106.19000244140625,105.87000274658203,105.98999786376953,1123900,83.3626480102539
2015-08-11,106.55999755859375,106.93000030517578,106.55000305175781,106.69000244140625,2263800,83.9132308959961
2015-08-12,106.86000061035156,107.22000122070312,106.63999938964844,106.6500015258789,1765700,83.88178253173828
2015-08-13,106.41000366210938,106.63999938964844,106.27999877929688,106.37000274658203,1626500,83.66156768798828
2015-08-14,106.18000030517578,106.44000244140625,106.08000183105469,106.26000213623047,612500,83.57502746582031
2015-08-17,106.62000274658203,106.69999694824219,106.43000030517578,106.44999694824219,905300,83.72447967529297
2015-08-18,106.2699966430664,106.48999786376953,106.23999786376953,106.27999877929688,690400,83.5907974243164
2015-08-19,106.06999969482422,107.01000213623047,106.05999755859375,106.93000030517578,1444500,84.10201263427734
2015-08-20,107.08999633789062,107.30999755859375,107.01000213623047,107.22000122070312,1933300,84.33008575439453
2015-08-21,107.37000274658203,107.70999908447266,107.25,107.6500015258789,2123600,84.66828155517578
2015-08-24,108.5,108.76000213623047,107.58000183105469,107.83000183105469,3074800,84.80989074707031
2015-08-25,107.41000366210938,107.41999816894531,106.8499984741211,107.23999786376953,2925500,84.3458480834961
2015-08-26,106.75,107.2300033569336,106.48999786376953,106.58000183105469,3512900,83.82666015625
2015-08-27,106.43000030517578,106.70999908447266,106.33000183105469,106.5199966430664,1414100,83.77949523925781
2015-08-28,106.94999694824219,107.02999877929688,106.45999908447266,106.54000091552734,1998000,83.79522705078125
2015-08-31,106.91999816894531,106.94999694824219,106.33000183105469,106.36000061035156,5431600,83.65372467041016
2015-09-01,106.48999786376953,106.69999694824219,106.37999725341797,106.66999816894531,3749700,84.0294189453125
2015-09-02,106.43000030517578,106.66999816894531,106.33000183105469,106.37999725341797,2441700,83.80101013183594
2015-09-03,106.63999938964844,106.69000244140625,106.37000274658203,106.63999938964844,1791300,84.00581359863281
2015-09-04,106.83999633789062,107.08000183105469,106.62000274658203,106.97000122070312,1421300,84.26575469970703
2015-09-08,106.5199966430664,106.62999725341797,106.41999816894531,106.5,1583500,83.8955078125
2015-09-09,106.08999633789062,106.68000030517578,106.05999755859375,106.54000091552734,1397200,83.9270248413086
2015-09-10,106.44999694824219,106.45999908447266,106.16999816894531,106.30000305175781,1601600,83.7380142211914
2015-09-11,106.5199966430664,106.70999908447266,106.4800033569336,106.58000183105469,1069000,83.95856475830078
2015-09-14,106.80000305175781,106.80999755859375,106.55999755859375,106.68000030517578,897500,84.03734588623047
2015-09-15,106.47000122070312,106.51000213623047,105.81999969482422,105.83999633789062,1903000,83.37562561035156
2015-09-16,105.77999877929688,106.0199966430664,105.69999694824219,105.80999755859375,1305300,83.35199737548828
2015-09-17,105.76000213623047,106.69999694824219,105.76000213623047,106.69000244140625,2394300,84.045196533203125
2015-09-18,106.97000122070312,107.20999908447266,106.8499984741211,107.19000244140625,2074200,84.4390869140625
2015-09-21,106.80000305175781,107.19000244140625,106.4800033569336,106.58000183105469,1591700,83.95856475830078
2015-09-22,106.98999786376953,107.30000305175781,106.91000366210938,107.11000061035156,1395500,84.376068115234375
2015-09-23,107.02999877929688,107.12000274658203,106.8499984741211,106.98999786376953,1364300,84.28150939941406
2015-09-24,107.43000030517578,107.54000091552734,107.12000274658203,107.1500015258789,1393000,84.40758514404297
2015-09-25,106.83000183105469,106.95999908447266,106.70999908447266,106.87000274658203,1564000,84.18701934814453
2015-09-28,107.0199966430664,107.4800033569336,106.97000122070312,107.4800033569336,1926000,84.66751861572266
2015-09-29,107.56999969482422,107.93000030517578,107.4800033569336,107.8499984741211,2460900,84.958984375
2015-09-30,107.62000274658203,107.9000015258789,107.58999633789062,107.87000274658203,2676000,84.97479248046875
2015-10-01,107.9000015258789,108.05000305175781,107.75,107.79000091552734,10101300,85.04105377197266
2015-10-02,108.75,108.97000122070312,108.12999725341797,108.30999755859375,3320200,85.4512710571289
2015-10-05,108.08000183105469,108.08000183105469,107.66999816894531,107.70999908447266,3034900,84.9779052734375
2015-10-06,107.62999725341797,107.9800033569336,107.58999633789062,107.93000030517578,2104000,85.1514663696289
2015-10-07,107.66999816894531,107.80999755859375,107.5199966430664,107.66000366210938,2338000,84.93843841552734
2015-10-08,107.69999694824219,107.79000091552734,107.27999877929688,107.37999725341797,2176800,84.717529296875
2015-10-09,107.33000183105469,107.52999877929688,107.27999877929688,107.44000244140625,1069400,84.76485443115234
2015-10-12,107.6500015258789,107.81999969482422,107.55999755859375,107.80000305175781,1336300,85.04888916015625
2015-10-13,107.87999725341797,107.94000244140625,107.62000274658203,107.9000015258789,1849700,85.127838134765625
2015-10-14,108.27999877929688,108.51000213623047,108.05999755859375,108.48999786376953,1359600,85.5932846069336
2015-10-15,108.30999755859375,108.33999633789062,108.05000305175781,108.12000274658203,1075500,85.3013687133789
2015-10-16,108.2300033569336,108.2300033569336,107.97000122070312,108.02999877929688,1773000,85.2303695678711
2015-10-19,108.02999877929688,108.05000305175781,107.75,107.9800033569336,1744500,85.19091796875
2015-10-20,107.66999816894531,107.7300033569336,107.55999755859375,107.61000061035156,1134500,84.89898681640625
2015-10-21,107.80999755859375,108.05000305175781,107.80999755859375,107.9800033569336,6576500,85.19091796875
2015-10-22,108.02999877929688,108.19999694824219,107.8499984741211,108.08999633789062,2411400,85.277679443359375
2015-10-23,107.62000274658203,107.62000274658203,107.44999694824219,107.4800033569336,2029600,84.79644012451172
2015-10-26,107.66000366210938,107.80000305175781,107.62999725341797,107.76000213623047,3131500,85.01738739013672
2015-10-27,108,108.19000244140625,107.94000244140625,108.02999877929688,1373100,85.2303695678711
2015-10-28,107.9800033569336,108,107.33000183105469,107.47000122070312,2058200,84.7885513305664
2015-10-29,107.20999908447266,107.22000122070312,106.79000091552734,106.80999755859375,1772400,84.26780700683594
2015-10-30,106.88999938964844,107.08000183105469,106.8499984741211,107.0199966430664,3424800,84.43348693847656
2015-11-02,106.62999725341797,106.69999694824219,106.5199966430664,106.55000305175781,5313500,84.19096374511719
2015-11-03,106.45999908447266,106.5199966430664,106.22000122070312,106.2699966430664,1941700,83.9697036743164
2015-11-04,106.30000305175781,106.47000122070312,106.05999755859375,106.16000366210938,1933200,83.882781982421875
2015-11-05,106.16000366210938,106.19000244140625,105.93000030517578,106.08999633789062,1554600,83.82746124267578
2015-11-06,105.44000244140625,105.5199966430664,105.2300033569336,105.37000274658203,2968600,83.258575439453125
2015-11-09,105.04000091552734,105.3499984741211,105.0199966430664,105.19000244140625,3223900,83.11632537841797
2015-11-10,105.36000061035156,105.58000183105469,105.25,105.38999938964844,1467900,83.27433013916016
2015-11-11,105.29000091552734,105.38999938964844,105.25,105.33999633789062,1638100,83.23486328125
2015-11-12,105.3499984741211,105.58000183105469,105.3499984741211,105.4000015258789,2399100,83.28227233886719
2015-11-13,105.62000274658203,105.83000183105469,105.62000274658203,105.80000305175781,2665300,83.59835052490234
2015-11-16,105.98999786376953,106.08999633789062,105.81999969482422,105.94000244140625,1412800,83.70894622802734
2015-11-17,105.62000274658203,106.05999755859375,105.54000091552734,105.91000366210938,1180000,83.68523406982422
2015-11-18,105.79000091552734,105.97000122070312,105.68000030517578,105.86000061035156,941500,83.64574432373047
2015-11-19,106.12000274658203,106.19999694824219,106.02999877929688,106.08999633789062,1967200,83.82746124267578
2015-11-20,106.1500015258789,106.2300033569336,105.94999694824219,105.94999694824219,1287900,83.71684265136719
2015-11-23,105.88999938964844,106.18000030517578,105.8499984741211,106.08999633789062,1377100,83.82746124267578
2015-11-24,106.1500015258789,106.31999969482422,106.12000274658203,106.19000244140625,1094500,83.90648651123047
2015-11-25,106.25,106.31999969482422,106.08999633789062,106.25,752400,83.95386505126953
2015-11-27,106.3499984741211,106.44000244140625,106.33999633789062,106.36000061035156,759600,84.04081726074219
2015-11-30,106.3499984741211,106.41999816894531,106.33999633789062,106.4000015258789,2266900,84.07244873046875
2015-12-01,106.23999786376953,106.80999755859375,106.23999786376953,106.80000305175781,2805800,84.51956939697266
2015-12-02,106.55999755859375,106.62999725341797,106.36000061035156,106.5,1579000,84.28214263916016
2015-12-03,106.02999877929688,106.04000091552734,105.16999816894531,105.37999725341797,2750500,83.39583587646484
2015-12-04,105.58999633789062,105.87999725341797,105.48999786376953,105.7699966430664,2231500,83.70442962646484
2015-12-07,105.83000183105469,106.3499984741211,105.80000305175781,106.11000061035156,1954000,83.97354888916016
2015-12-08,106.37000274658203,106.37000274658203,106.05000305175781,106.16999816894531,1519900,84.0209732055664
2015-12-09,106.11000061035156,106.45999908447266,105.87000274658203,106.33000183105469,3711100,84.14757537841797
2015-12-10,106.37000274658203,106.37999725341797,106.08999633789062,106.0999984741211,1545000,83.9655990600586
2015-12-11,106.61000061035156,107.08999633789062,106.58000183105469,106.94999694824219,3352900,84.63822174072266
2015-12-14,106.5,106.63999938964844,106.16000366210938,106.16000366210938,2204400,84.01307678222656
2015-12-15,105.76000213623047,105.98999786376953,105.72000122070312,105.88999938964844,1591000,83.79940032958984
2015-12-16,105.69000244140625,105.9800033569336,105.4000015258789,105.61000061035156,1911800,83.57782745361328
2015-12-17,105.76000213623047,106.11000061035156,105.76000213623047,106.05000305175781,1202600,83.92604064941406
2015-12-18,106.30000305175781,106.54000091552734,106.20999908447266,106.43000030517578,4396700,84.22676849365234
2015-12-21,106.38999938964844,106.61000061035156,106.38999938964844,106.4800033569336,1603200,84.26634216308594
2015-12-22,106.30000305175781,106.36000061035156,106.08000183105469,106.18000030517578,1411800,84.02888488769531
2015-12-23,105.9000015258789,105.98999786376953,105.80000305175781,105.94000244140625,1380800,83.8389663696289
2015-12-24,105.86000061035156,105.97000122070312,105.77999877929688,105.97000122070312,654200,83.99272918701172
2015-12-28,105.94000244140625,106.16000366210938,105.87999725341797,105.98999786376953,2198300,84.0085678100586
2015-12-29,105.87999725341797,105.87999725341797,105.3499984741211,105.43000030517578,1752500,83.5647201538086
2015-12-30,105.3499984741211,105.58999633789062,105.27999877929688,105.47000122070312,1358100,83.5964126586914
2015-12-31,105.63999938964844,105.79000091552734,105.5,105.58999633789062,1906000,83.69156646728516
2016-01-04,106.08999633789062,106.4000015258789,105.98999786376953,106.04000091552734,6183700,84.04820251464844
2016-01-05,105.97000122070312,106.19999694824219,105.83000183105469,106.01000213623047,2122800,84.02442932128906
2016-01-06,106.45999908447266,106.66999816894531,106.37000274658203,106.6500015258789,1906100,84.53169250488281
2016-01-07,106.79000091552734,106.87999725341797,106.41999816894531,106.87999725341797,3106000,84.7139892578125
2016-01-08,106.77999877929688,107.19999694824219,106.69000244140625,107.1500015258789,1783200,84.9280014038086
2016-01-11,106.77999877929688,107.05000305175781,106.69999694824219,106.80999755859375,4816100,84.65853118896484
2016-01-12,106.7699966430664,107.52999877929688,106.69999694824219,107.29000091552734,8962500,85.03897857666016
2016-01-13,107.22000122070312,107.86000061035156,107.12999725341797,107.70999908447266,2664100,85.37187194824219
2016-01-14,107.5999984741211,107.80000305175781,107.23999786376953,107.48999786376953,2597300,85.19751739501953
2016-01-15,108.16999816894531,108.19000244140625,107.88999938964844,107.98999786376953,4334300,85.59378814697266
2016-01-19,107.81999969482422,108.08999633789062,107.72000122070312,107.8499984741211,4896500,85.48287200927734
2016-01-20,108.37000274658203,108.77999877929688,108.30000305175781,108.37999725341797,4949100,85.90291595458984
2016-01-21,108.5199966430664,108.62999725341797,108.04000091552734,108.11000061035156,2385700,85.68892669677734
2016-01-22,107.75,107.95999908447266,107.62000274658203,107.87000274658203,1735600,85.49869537353516
2016-01-25,108.11000061035156,108.23999786376953,108,108.2300033569336,1190900,85.784027099609375
2016-01-26,108.2300033569336,108.43000030517578,108.12999725341797,108.30999755859375,1288000,85.847442626953125
2016-01-27,108.2300033569336,108.41999816894531,107.8499984741211,108.38999938964844,1802300,85.9108657836914
2016-01-28,108.2300033569336,108.58999633789062,108.18000030517578,108.52999877929688,2222900,86.02183532714844
2016-01-29,108.91000366210938,109.18000030517578,108.77999877929688,109.11000061035156,3805500,86.48151397705078
2016-02-01,108.80999755859375,108.94999694824219,108.55999755859375,108.69999694824219,6813000,86.282318115234375
2016-02-02,109.22000122070312,109.55000305175781,109.20999908447266,109.47000122070312,4141600,86.893524169921875
2016-02-03,109.37000274658203,110.06999969482422,109.31999969482422,109.3499984741211,12145000,86.79827880859375
2016-02-04,109.4800033569336,109.6500015258789,109.29000091552734,109.61000061035156,2431100,87.00462341308594
2016-02-05,109.4000015258789,109.81999969482422,109.30999755859375,109.75,1440200,87.11576843261719
2016-02-08,110.13999938964844,110.6500015258789,110.08000183105469,110.56999969482422,2824800,87.76664733886719
2016-02-09,110.91999816894531,110.91999816894531,110.48999786376953,110.58999633789062,2679600,87.7824935913086
2016-02-10,110.56999969482422,110.95999908447266,110.30999755859375,110.91999816894531,2027200,88.044464111328125
2016-02-11,111.73999786376953,112.01000213623047,111.30000305175781,111.43000030517578,3743000,88.44926452636719
2016-02-12,110.94000244140625,111.08999633789062,110.37999725341797,110.58000183105469,3258700,87.77460479736328
2016-02-16,110.37999725341797,110.4000015258789,110.11000061035156,110.25,2816800,87.51263427734375
2016-02-17,110.0199966430664,110.04000091552734,109.66999816894531,109.9800033569336,4856500,87.29832458496094
2016-02-18,109.87999725341797,110.54000091552734,109.87999725341797,110.48999786376953,3125700,87.703125
2016-02-19,110.38999938964844,110.62999725341797,110.29000091552734,110.48999786376953,1340000,87.703125
2016-02-22,110.37999725341797,110.47000122070312,110.30000305175781,110.37999725341797,1012200,87.615814208984375
2016-02-23,110.08999633789062,110.69999694824219,110.04000091552734,110.5999984741211,2257800,87.79045867919922
2016-02-24,111.0199966430664,111.38999938964844,110.48999786376953,110.5999984741211,2947700,87.79045867919922
2016-02-25,110.91999816894531,111.16000366210938,110.69999694824219,110.93000030517578,1983600,88.05241394042969
2016-02-26,110.3499984741211,110.5,110.2300033569336,110.38999938964844,2957900,87.6237564086914
2016-02-29,110.4000015258789,110.62999725341797,110.33999633789062,110.56999969482422,3861600,87.76664733886719
2016-03-01,110.54000091552734,110.54000091552734,109.5,109.55000305175781,5901200,87.08064270019531
2016-03-02,109.2699966430664,109.4000015258789,109.16000366210938,109.36000061035156,3011200,86.929595947265625
2016-03-03,109.33999633789062,109.62000274658203,109.25,109.48999786376953,2093000,87.03290557861328
2016-03-04,109.2699966430664,109.44000244140625,108.93000030517578,109.12000274658203,1781200,86.7387924194336
2016-03-07,108.94999694824219,108.9800033569336,108.80999755859375,108.9000015258789,2349400,86.5639419555664
2016-03-08,109.54000091552734,109.75,109.45999908447266,109.52999877929688,1747600,87.06474304199219
2016-03-09,109.19000244140625,109.31999969482422,108.9800033569336,109.0999984741211,1537800,86.72291564941406
2016-03-10,109.11000061035156,109.23999786376953,108.54000091552734,108.70999908447266,2798700,86.412933349609375
2016-03-11,108.7300033569336,108.7300033569336,108.30999755859375,108.4000015258789,1785000,86.16654968261719
2016-03-14,108.54000091552734,108.69000244140625,108.43000030517578,108.4800033569336,2661800,86.23008728027344
2016-03-15,108.70999908447266,108.80000305175781,108.43000030517578,108.45999908447266,2960800,86.21418762207031
2016-03-16,108.30999755859375,110.95999908447266,108.19999694824219,109.02999877929688,2052300,86.66728210449219
2016-03-17,109.1500015258789,109.2699966430664,109.06999969482422,109.1500015258789,2745500,86.76265716552734
2016-03-18,109.30000305175781,109.47000122070312,109.20999908447266,109.33999633789062,2434600,86.91371154785156
2016-03-21,109.0999984741211,109.18000030517578,108.98999786376953,109.02999877929688,1725000,86.66728210449219
2016-03-22,109.27999877929688,109.30000305175781,108.7699966430664,108.80000305175781,1437700,86.48448944091797
2016-03-23,108.91999816894531,109.4000015258789,108.91999816894531,109.30000305175781,1405400,86.88190460205078
2016-03-24,109.4800033569336,109.58000183105469,109.01000213623047,109.19000244140625,1548200,86.7944564819336
2016-03-28,109.30999755859375,109.5199966430664,109.2300033569336,109.3499984741211,1291400,86.92169952392578
2016-03-29,109.5999984741211,110.08999633789062,109.52999877929688,110.08999633789062,2981000,87.5099105834961
2016-03-30,109.83999633789062,110.0199966430664,109.61000061035156,109.94000244140625,2808800,87.390655517578125
2016-03-31,110.06999969482422,110.44000244140625,109.91999816894531,110.33999633789062,3759100,87.7086181640625
2016-04-01,110.18000030517578,110.30999755859375,109.91000366210938,110.13999938964844,5489100,87.68309783935547
2016-04-04,110.25,110.33999633789062,110.11000061035156,110.2699966430664,3035600,87.786651611328125
2016-04-05,110.68000030517578,110.76000213623047,110.55000305175781,110.70999908447266,1951500,88.13691711425781
2016-04-06,110.56999969482422,110.66000366210938,110.33000183105469,110.47000122070312,1646000,87.94584655761719
2016-04-07,110.77999877929688,111.08999633789062,110.73999786376953,111.04000091552734,2069600,88.399627685546875
2016-04-08,110.80999755859375,110.88999938964844,110.68000030517578,110.87000274658203,1309500,88.2642593383789
2016-04-11,110.5999984741211,110.91999816894531,110.56999969482422,110.8499984741211,879600,88.24835968017578
2016-04-12,110.54000091552734,110.66000366210938,110.33000183105469,110.41000366210938,1363200,87.89805603027344
2016-04-13,110.25,110.55999755859375,110.22000122070312,110.48999786376953,1466400,87.96174621582031
2016-04-14,110.2699966430664,110.41999816894531,110.13999938964844,110.2300033569336,1403900,87.75477600097656
2016-04-15,110.3499984741211,110.66000366210938,110.30999755859375,110.55999755859375,1657800,88.01749420166016
2016-04-18,110.4800033569336,110.4800033569336,110.27999877929688,110.44999694824219,1297800,87.92992401123047
2016-04-19,110.30000305175781,110.38999938964844,110.12999725341797,110.2699966430664,1219600,87.786651611328125
2016-04-20,110.27999877929688,110.44999694824219,109.68000030517578,109.70999908447266,1939800,87.34080505371094
2016-04-21,109.47000122070312,109.66000366210938,109.4000015258789,109.52999877929688,1636600,87.19750213623047
2016-04-22,109.52999877929688,109.58999633789062,109.33999633789062,109.41000366210938,952100,87.10199737548828
2016-04-25,109.36000061035156,109.5,109.27999877929688,109.29000091552734,1416300,87.00643157958984
2016-04-26,109.23999786376953,109.25,109,109.05999755859375,1127100,86.82335662841797
2016-04-27,109.3499984741211,109.76000213623047,109.19000244140625,109.66000366210938,1734000,87.301025390625
2016-04-28,109.68000030517578,110.06999969482422,109.62999725341797,110.04000091552734,2807300,87.603515625
2016-04-29,109.81999969482422,110.0999984741211,109.72000122070312,110,2858500,87.57164764404297
2016-05-02,109.66000366210938,109.79000091552734,109.51000213623047,109.5199966430664,2226800,87.3173599243164
2016-05-03,110.13999938964844,110.2699966430664,110.08000183105469,110.16999816894531,2330900,87.83558654785156
2016-05-04,110.19000244140625,110.38999938964844,110,110.37000274658203,1176900,87.9949951171875
2016-05-05,110.33000183105469,110.66999816894531,110.13999938964844,110.66999816894531,1257500,88.2342300415039
2016-05-06,110.58999633789062,110.63999938964844,110.29000091552734,110.41000366210938,1675600,88.02690887451172
2016-05-09,110.55000305175781,110.62999725341797,110.45999908447266,110.62000274658203,1459900,88.1943588256836
2016-05-10,110.56999969482422,110.6500015258789,110.4800033569336,110.5999984741211,1506900,88.17839050292969
2016-05-11,110.55000305175781,110.88999938964844,110.48999786376953,110.7699966430664,1606800,88.3139419555664
2016-05-12,110.44000244140625,110.5999984741211,110.36000061035156,110.47000122070312,1261500,88.07476806640625
2016-05-13,110.54000091552734,110.91999816894531,110.48999786376953,110.88999938964844,5007300,88.40960693359375
2016-05-16,110.62000274658203,110.62000274658203,110.44999694824219,110.48999786376953,1708100,88.09069061279297
2016-05-17,110.41000366210938,110.56999969482422,110.33000183105469,110.33999633789062,1158700,87.97110748291016
2016-05-18,110.0999984741211,110.12000274658203,109.31999969482422,109.44999694824219,2946500,87.26155090332031
2016-05-19,109.56999969482422,109.7300033569336,109.51000213623047,109.55999755859375,1345000,87.3492202758789
2016-05-20,109.58000183105469,109.73999786376953,109.4800033569336,109.62999725341797,1059400,87.40503692626953
2016-05-23,109.72000122070312,109.80000305175781,109.56999969482422,109.69999694824219,892300,87.460845947265625
2016-05-24,109.51000213623047,109.62999725341797,109.36000061035156,109.5199966430664,965200,87.3173599243164
2016-05-25,109.48999786376953,109.62999725341797,109.41999816894531,109.47000122070312,890300,87.27751159667969
2016-05-26,109.6500015258789,109.9000015258789,109.58000183105469,109.80999755859375,998200,87.54857635498047
2016-05-27,109.8499984741211,109.88999938964844,109.47000122070312,109.5999984741211,1995300,87.38108825683594
2016-05-31,109.33000183105469,109.83999633789062,109.33000183105469,109.7300033569336,1734700,87.484771728515625
2016-06-01,109.8499984741211,109.9000015258789,109.4800033569336,109.52999877929688,2786400,87.4552230834961
2016-06-02,109.69999694824219,109.94999694824219,109.69999694824219,109.87000274658203,5038500,87.7267074584961
2016-06-03,110.72000122070312,110.91000366210938,110.69000244140625,110.88999938964844,1971300,88.5411376953125
2016-06-06,110.66000366210938,110.80999755859375,110.56999969482422,110.5999984741211,1715700,88.3095703125
2016-06-07,110.80999755859375,110.88999938964844,110.75,110.76000213623047,2672900,88.43733978271484
2016-06-08,110.83999633789062,110.94000244140625,110.79000091552734,110.88999938964844,1284200,88.5411376953125
2016-06-09,111.20999908447266,111.25,111.05000305175781,111.05999755859375,1328400,88.6768798828125
2016-06-10,111.38999938964844,111.58000183105469,111.2699966430664,111.44999694824219,1878900,88.98826599121094
2016-06-13,111.6500015258789,111.75,111.4800033569336,111.66999816894531,1026200,89.16392517089844
2016-06-14,111.95999908447266,111.95999908447266,111.61000061035156,111.63999938964844,1390600,89.1399917602539
2016-06-15,111.63999938964844,112.0999984741211,111.63999938964844,111.9800033569336,2377600,89.41143798828125
2016-06-16,112.27999877929688,112.52999877929688,111.98999786376953,112.0999984741211,3088700,89.50725555419922
2016-06-17,112,112,111.63999938964844,111.72000122070312,3140900,89.20384216308594
2016-06-20,111.2300033569336,111.30999755859375,111.16000366210938,111.23999786376953,1956500,88.8205795288086
2016-06-21,111.22000122070312,111.36000061035156,110.97000122070312,110.98999786376953,1494500,88.62095642089844
2016-06-22,110.98999786376953,111.2300033569336,110.95999908447266,111.20999908447266,1378700,88.796630859375
2016-06-23,110.75,110.9800033569336,110.6500015258789,110.68000030517578,1715000,88.37348937988281
2016-06-24,112.47000122070312,112.4800033569336,112.08999633789062,112.20999908447266,4390000,89.59507751464844
2016-06-27,112.95999908447266,113.23999786376953,112.9000015258789,113.18000030517578,4493700,90.36959075927734
2016-06-28,113.1500015258789,113.2300033569336,112.94999694824219,113.16000366210938,1799700,90.35362243652344
2016-06-29,113.06999969482422,113.16000366210938,112.69000244140625,112.69999694824219,2670900,89.986328125
2016-06-30,112.87999725341797,113.19999694824219,112.72000122070312,112.94999694824219,5690800,90.18592834472656
2016-07-01,113.30000305175781,113.31999969482422,112.87000274658203,113.08999633789062,5292300,90.424224853515625
2016-07-05,113.51000213623047,113.91000366210938,113.47000122070312,113.70999908447266,2926300,90.91993713378906
2016-07-06,113.81999969482422,113.83999633789062,113.55000305175781,113.7300033569336,1921600,90.93598175048828
2016-07-07,113.5199966430664,113.7699966430664,113.31999969482422,113.58000183105469,1323000,90.81604766845703
2016-07-08,113.58999633789062,113.83000183105469,113.41999816894531,113.80000305175781,2097900,90.9919204711914
2016-07-11,113.4800033569336,113.58000183105469,113.19999694824219,113.19999694824219,2728800,90.51216125488281
2016-07-12,112.73999786376953,112.83000183105469,112.37999725341797,112.52999877929688,4116200,89.97645568847656
2016-07-13,112.86000061035156,113.0199966430664,112.77999877929688,112.81999969482422,3077200,90.2083511352539
2016-07-14,112.19999694824219,112.48999786376953,112.18000030517578,112.3499984741211,2761900,89.83252716064453
2016-07-15,112.02999877929688,112.0999984741211,111.80000305175781,111.91999816894531,2811600,89.488739013671875
2016-07-18,112.0999984741211,112.19999694824219,111.77999877929688,111.88999938964844,4173500,89.46472930908203
2016-07-19,112.16000366210938,112.29000091552734,112.05999755859375,112.19000244140625,4171900,89.70462799072266
2016-07-20,112.02999877929688,112.02999877929688,111.8499984741211,111.95999908447266,2213700,89.5207290649414
2016-07-21,111.68000030517578,112.25,111.66000366210938,112.20999908447266,1944700,89.72058868408203
2016-07-22,111.95999908447266,112.31999969482422,111.91999816894531,112.12000274658203,1140000,89.64862060546875
2016-07-25,112.08999633789062,112.2300033569336,112.01000213623047,112.02999877929688,889100,89.57672119140625
2016-07-26,112.19999694824219,112.19999694824219,111.88999938964844,112.0999984741211,1694100,89.63263702392578
2016-07-27,112.23999786376953,112.58000183105469,112.11000061035156,112.58000183105469,1962700,90.0164566040039
2016-07-28,112.4000015258789,112.73999786376953,112.36000061035156,112.63999938964844,1220200,90.064422607421875
2016-07-29,112.8499984741211,113.0999984741211,112.76000213623047,113.06999969482422,2386800,90.408233642578125
2016-08-01,112.55999755859375,112.7699966430664,112.4800033569336,112.5199966430664,2479100,90.0943603515625
2016-08-02,112.0199966430664,112.4800033569336,112.0199966430664,112.25,2920500,89.87816619873047
2016-08-03,112.31999969482422,112.3499984741211,112.0199966430664,112.30999755859375,1148600,89.92623138427734
2016-08-04,112.55000305175781,112.80000305175781,112.54000091552734,112.58000183105469,1065000,90.1424331665039
2016-08-05,112.26000213623047,112.36000061035156,111.87000274658203,111.87999725341797,2368100,89.58189392089844
2016-08-08,111.75,111.98999786376953,111.63999938964844,111.81999969482422,1304000,89.53388977050781
2016-08-09,111.94999694824219,112.26000213623047,111.88999938964844,112.22000122070312,1817000,89.854156494140625
2016-08-10,112.27999877929688,112.5999984741211,112.26000213623047,112.5199966430664,1262500,90.0943603515625
2016-08-11,112.43000030517578,112.5,111.87000274658203,111.9800033569336,1823600,89.66197967529297
2016-08-12,112.54000091552734,112.69999694824219,112.3499984741211,112.37999725341797,1377100,89.98223876953125
2016-08-15,112.20999908447266,112.27999877929688,112.02999877929688,112.05000305175781,1031800,89.7180404663086
2016-08-16,111.94999694824219,112.05000305175781,111.7699966430664,111.86000061035156,1433500,89.5659408569336
2016-08-17,111.88999938964844,112.19000244140625,111.75,112.04000091552734,1733900,89.71004486083984
2016-08-18,112.12000274658203,112.31999969482422,111.94999694824219,112.23999786376953,1245600,89.87017059326172
2016-08-19,111.93000030517578,112.04000091552734,111.72000122070312,111.86000061035156,1396700,89.5659408569336
2016-08-22,112.11000061035156,112.19999694824219,111.98999786376953,112.11000061035156,1084600,89.76607513427734
2016-08-23,112.19000244140625,112.30000305175781,112,112.0999984741211,939900,89.7580795288086
2016-08-24,112.19000244140625,112.22000122070312,111.97000122070312,112.05999755859375,1345600,89.72607421875
2016-08-25,111.95999908447266,112.08000183105469,111.86000061035156,111.87999725341797,1037700,89.58189392089844
2016-08-26,112.05000305175781,112.31999969482422,111.37000274658203,111.44999694824219,1988300,89.23760986328125
2016-08-29,111.6500015258789,111.9800033569336,111.63999938964844,111.91000366210938,1497400,89.605987548828125
2016-08-30,111.95999908447266,112,111.83999633789062,111.9000015258789,2498400,89.59796142578125
2016-08-31,111.91000366210938,112.05000305175781,111.7699966430664,111.7699966430664,2008100,89.49381256103516
2016-09-01,111.33000183105469,111.81999969482422,111.2699966430664,111.79000091552734,1775900,89.6341552734375
2016-09-02,111.58000183105469,111.66999816894531,111.30999755859375,111.5,1550100,89.40167236328125
2016-09-06,111.47000122070312,112.0999984741211,111.41999816894531,112.0199966430664,1284000,89.818634033203125
2016-09-07,112.18000030517578,112.26000213623047,112.0199966430664,112.08000183105469,836800,89.866668701171875
2016-09-08,111.87000274658203,111.97000122070312,111.4000015258789,111.52999877929688,1287300,89.425689697265625
2016-09-09,111.12999725341797,111.1500015258789,110.94999694824219,111,1700700,89.00074005126953
2016-09-12,110.87999725341797,111.19000244140625,110.83999633789062,111.0999984741211,1446600,89.08087921142578
2016-09-13,111.18000030517578,111.19000244140625,110.44000244140625,110.69000244140625,1993700,88.7521743774414
2016-09-14,110.70999908447266,111.08999633789062,110.70999908447266,110.94000244140625,1062100,88.95267486572266
2016-09-15,110.87999725341797,111.05000305175781,110.66999816894531,110.97000122070312,994100,88.97666931152344
2016-09-16,111.0999984741211,111.16999816894531,110.94999694824219,111.08999633789062,833600,89.07293701171875
2016-09-19,110.98999786376953,111.08000183105469,110.9000015258789,110.9000015258789,490400,88.92059326171875
2016-09-20,111.02999877929688,111.22000122070312,110.98999786376953,111.06999969482422,1177800,89.05686950683594
2016-09-21,110.94999694824219,111.30000305175781,110.83000183105469,111.25,1108300,89.201202392578125
2016-09-22,111.44000244140625,111.70999908447266,111.41000366210938,111.58000183105469,1012300,89.465789794921875
2016-09-23,111.52999877929688,111.69999694824219,111.5,111.62999725341797,952500,89.50591278076172
2016-09-26,111.77999877929688,112.05000305175781,111.76000213623047,111.94999694824219,764000,89.76245880126953
2016-09-27,112.2699966430664,112.2699966430664,112.02999877929688,112.13999938964844,1583700,89.914825439453125
2016-09-28,112.19000244140625,112.30000305175781,112.05000305175781,112.08999633789062,594800,89.8746566772461
2016-09-29,111.88999938964844,112.33000183105469,111.81999969482422,112.16000366210938,1123900,89.93083953857422
2016-09-30,112.16999816894531,112.19999694824219,111.72000122070312,111.87999725341797,1774600,89.70630645751953
2016-10-03,111.69999694824219,111.7300033569336,111.44999694824219,111.47000122070312,3112000,89.49757385253906
2016-10-04,111.33000183105469,111.43000030517578,110.94999694824219,110.95999908447266,3949600,89.0881118774414
2016-10-05,110.91000366210938,110.94999694824219,110.58999633789062,110.70999908447266,1490600,88.88737487792969
2016-10-06,110.58999633789062,110.7699966430664,110.45999908447266,110.4800033569336,1577400,88.70271301269531
2016-10-07,110.58000183105469,110.72000122070312,110.37999725341797,110.63999938964844,1601100,88.83116149902344
2016-10-10,110.4000015258789,110.4000015258789,110.18000030517578,110.3499984741211,1067000,88.59832000732422
2016-10-11,110.33000183105469,110.51000213623047,110.19999694824219,110.31999969482422,1942600,88.57427215576172
2016-10-12,110.2300033569336,110.31999969482422,110.0999984741211,110.31999969482422,1037800,88.57427215576172
2016-10-13,110.51000213623047,110.69000244140625,110.51000213623047,110.55000305175781,1188400,88.75897216796875
2016-10-14,110.2699966430664,110.56999969482422,110.18000030517578,110.20999908447266,2105300,88.4859619140625
2016-10-17,110.31999969482422,110.55000305175781,110.31999969482422,110.44999694824219,1490800,88.6786117553711
2016-10-18,110.30999755859375,110.66999816894531,110.30000305175781,110.66999816894531,1484400,88.855255126953125
2016-10-19,110.51000213623047,110.80000305175781,110.51000213623047,110.72000122070312,1264200,88.895416259765625
2016-10-20,110.87999725341797,110.87999725341797,110.58000183105469,110.62000274658203,979900,88.81513214111328
2016-10-21,110.77999877929688,110.77999877929688,110.58999633789062,110.73999786376953,571100,88.9114761352539
2016-10-24,110.80999755859375,110.80999755859375,110.45999908447266,110.58999633789062,900800,88.79100036621094
2016-10-25,110.44999694824219,110.73999786376953,110.43000030517578,110.56999969482422,735100,88.77494812011719
2016-10-26,110.41000366210938,110.45999908447266,110.29000091552734,110.33000183105469,1136600,88.58229064941406
2016-10-27,109.94999694824219,110,109.72000122070312,109.94999694824219,3668500,88.27714538574219
2016-10-28,109.8499984741211,110.05999755859375,109.80000305175781,109.97000122070312,1313200,88.29328918457031
2016-10-31,110.0999984741211,110.13999938964844,109.95999908447266,110.05999755859375,4413900,88.36548614501953
2016-11-01,109.58999633789062,110.12000274658203,109.52999877929688,109.91000366210938,2004000,88.36875915527344
2016-11-02,110.11000061035156,110.43000030517578,110.02999877929688,110.23999786376953,1455900,88.634033203125
2016-11-03,110.08000183105469,110.2300033569336,110.01000213623047,110.16999816894531,686600,88.57775115966797
2016-11-04,110.30000305175781,110.55999755859375,110.27999877929688,110.51000213623047,1699800,88.8511962890625
2016-11-07,110.0999984741211,110.16999816894531,110.01000213623047,110.05000305175781,2617900,88.4813003540039
2016-11-08,110.06999969482422,110.11000061035156,109.61000061035156,109.66000366210938,1182200,88.16773986816406
2016-11-09,109.16000366210938,109.16000366210938,107.91000366210938,107.98999786376953,6381300,86.82501220703125
2016-11-10,107.66999816894531,108.02999877929688,107.31999969482422,107.33999633789062,5445300,86.30241394042969
2016-11-11,107.55000305175781,107.63999938964844,107.08000183105469,107.12000274658203,2482900,86.12555694580078
2016-11-14,106.5,106.9000015258789,106.27999877929688,106.5,3753800,85.62705993652344
2016-11-15,106.48999786376953,106.69000244140625,106.41999816894531,106.5,1391700,85.62705993652344
2016-11-16,106.2699966430664,106.66999816894531,106.2699966430664,106.5999984741211,2765700,85.70745849609375
2016-11-17,106.41999816894531,106.4800033569336,106.05000305175781,106.12999725341797,2499200,85.32958984375
2016-11-18,106.0999984741211,106.20999908447266,105.55999755859375,105.66000366210938,4093700,84.95166778564453
2016-11-21,105.73999786376953,105.88999938964844,105.62999725341797,105.75,1364300,85.02403259277344
2016-11-22,105.88999938964844,106.08000183105469,105.75,105.8499984741211,1744700,85.10445404052734
2016-11-23,105.25,105.58999633789062,105,105.47000122070312,4607100,84.7989273071289
2016-11-25,105.51000213623047,105.55999755859375,105.23999786376953,105.37999725341797,948200,84.72651672363281
2016-11-28,105.7300033569336,105.9000015258789,105.62000274658203,105.86000061035156,2474800,85.11247253417969
2016-11-29,105.68000030517578,106,105.61000061035156,105.97000122070312,1745000,85.2009506225586
2016-11-30,105.29000091552734,105.52999877929688,105.16999816894531,105.26000213623047,3362500,84.63011932373047
2016-12-01,104.62000274658203,104.80999755859375,104.30999755859375,104.70999908447266,3467600,84.307220458984375
2016-12-02,104.93000030517578,105.31999969482422,104.93000030517578,105.18000030517578,1660400,84.68565368652344
2016-12-05,104.83000183105469,105.4000015258789,104.70999908447266,105.13999938964844,2281600,84.65345001220703
2016-12-06,105.16999816894531,105.27999877929688,105.08000183105469,105.18000030517578,989400,84.68565368652344
2016-12-07,105.37000274658203,105.58000183105469,105.36000061035156,105.52999877929688,1237600,84.96742248535156
2016-12-08,105.19000244140625,105.26000213623047,105.02999877929688,105.12999725341797,1357500,84.6453857421875
2016-12-09,105.08000183105469,105.19999694824219,104.54000091552734,104.58999633789062,3261000,84.2105712890625
2016-12-12,104.5199966430664,104.72000122070312,104.37000274658203,104.61000061035156,1538200,84.226654052734375
2016-12-13,104.79000091552734,104.86000061035156,104.4800033569336,104.66999816894531,1993500,84.27501678466797
2016-12-14,105.0199966430664,105.0999984741211,103.77999877929688,103.80000305175781,3941000,83.574554443359375
2016-12-15,103.77999877929688,103.81999969482422,103.43000030517578,103.51000213623047,1999200,83.34104919433594
2016-12-16,103.69000244140625,103.95999908447266,103.45999908447266,103.63999938964844,1811800,83.44568634033203
2016-12-19,104,104.16999816894531,103.87999725341797,104.12000274658203,1691800,83.83214569091797
2016-12-20,103.75,103.95999908447266,103.68000030517578,103.9000015258789,969400,83.65503692626953
2016-12-21,104,104.12999725341797,103.94000244140625,104.06999969482422,1870500,83.79190826416016
2016-12-22,103.79000091552734,103.94999694824219,103.70999908447266,103.86000061035156,1872100,83.75565338134766
2016-12-23,103.97000122070312,104.08000183105469,103.94000244140625,103.95999908447266,830400,83.83629608154297
2016-12-27,103.70999908447266,103.80999755859375,103.69999694824219,103.80999755859375,1148800,83.71531677246094
2016-12-28,103.86000061035156,104.30000305175781,103.79000091552734,104.19000244140625,1369800,84.02178955078125
2016-12-29,104.36000061035156,104.66000366210938,104.36000061035156,104.51000213623047,1328600,84.2798080444336
2016-12-30,104.55999755859375,104.95999908447266,104.52999877929688,104.81999969482422,2439500,84.529815673828125
2017-01-03,104.3499984741211,104.88999938964844,104.29000091552734,104.7699966430664,3230500,84.4894790649414
2017-01-04,104.7300033569336,104.94000244140625,104.62000274658203,104.88999938964844,1523000,84.58626556396484
2017-01-05,105.0999984741211,105.68000030517578,105.02999877929688,105.56999969482422,3344400,85.13463592529297
2017-01-06,105.18000030517578,105.37999725341797,105.04000091552734,105.08999633789062,1601400,84.74754333496094
2017-01-09,105.47000122070312,105.52999877929688,105.36000061035156,105.48999786376953,1275000,85.07010650634766
2017-01-10,105.44000244140625,105.5999984741211,105.38999938964844,105.44000244140625,1352700,85.02980041503906
2017-01-11,105.5,105.93000030517578,105.30999755859375,105.55999755859375,1833700,85.12654876708984
2017-01-12,105.81999969482422,106.02999877929688,105.58999633789062,105.62000274658203,1544700,85.1749496459961
2017-01-13,105.37000274658203,105.55999755859375,105.05000305175781,105.38999938964844,1833200,84.98949432373047
2017-01-17,105.97000122070312,106.02999877929688,105.7300033569336,105.91999816894531,1656800,85.41691589355469
2017-01-18,105.5999984741211,105.69000244140625,105.12999725341797,105.16999816894531,3640400,84.81204986572266
2017-01-19,104.83000183105469,104.88999938964844,104.55999755859375,104.7699966430664,1840000,84.4894790649414
2017-01-20,104.63999938964844,104.91999816894531,104.4800033569336,104.81999969482422,1306400,84.529815673828125
2017-01-23,105.01000213623047,105.56999969482422,104.83999633789062,105.37000274658203,1720200,84.97332000732422
2017-01-24,105.13999938964844,105.27999877929688,104.83000183105469,104.97000122070312,1344000,84.6507797241211
2017-01-25,104.55000305175781,104.68000030517578,104.30999755859375,104.44999694824219,1816000,84.23145294189453
2017-01-26,104.41000366210938,104.62000274658203,104.18000030517578,104.58999633789062,2212900,84.34429931640625
2017-01-27,104.6500015258789,104.80000305175781,104.63999938964844,104.72000122070312,2285200,84.44916534423828
2017-01-30,104.73999786376953,104.94999694824219,104.69000244140625,104.69000244140625,1909300,84.4249496459961
2017-01-31,104.79000091552734,105.22000122070312,104.79000091552734,105.05000305175781,1411700,84.71528625488281
2017-02-01,104.55999755859375,104.8499984741211,104.38999938964844,104.69000244140625,2055100,84.55294036865234
2017-02-02,105.02999877929688,105.0999984741211,104.72000122070312,104.7300033569336,1423500,84.58527374267578
2017-02-03,105,105.22000122070312,104.62000274658203,104.80999755859375,1711100,84.64986419677734
2017-02-06,105.23999786376953,105.41000366210938,105,105.30999755859375,1500500,85.05365753173828
2017-02-07,105.25,105.69000244140625,105.18000030517578,105.5,1540600,85.2071533203125
2017-02-08,105.5,106,105.5,105.93000030517578,3182200,85.55442810058594
2017-02-09,105.93000030517578,105.93000030517578,105.27999877929688,105.30000305175781,1530200,85.04560089111328
2017-02-10,105.06999969482422,105.30999755859375,105.06999969482422,105.2300033569336,1646400,84.989044189453125
2017-02-13,105,105.08000183105469,104.87999725341797,105.06999969482422,1045200,84.85984802246094
2017-02-14,105.0199966430664,105.0999984741211,104.45999908447266,104.69000244140625,2318100,84.55294036865234
2017-02-15,104.33000183105469,104.55999755859375,104.31999969482422,104.48999786376953,2750900,84.39143371582031
2017-02-16,104.5999984741211,105.01000213623047,104.5999984741211,104.91000366210938,2459800,84.73064422607422
2017-02-17,105.19999694824219,105.31999969482422,105.12000274658203,105.19000244140625,2237700,84.95677947998047
2017-02-21,104.94000244140625,105.27999877929688,104.91999816894531,105.13999938964844,2832700,84.916412353515625
2017-02-22,105.36000061035156,105.41999816894531,104.95999908447266,105.30999755859375,2812800,85.05365753173828
2017-02-23,105.5,105.58999633789062,105.43000030517578,105.58999633789062,1842700,85.27986145019531
2017-02-24,105.94000244140625,106.16000366210938,105.81999969482422,106.08000183105469,2677000,85.675567626953125
2017-02-27,105.98999786376953,106,105.63999938964844,105.69999694824219,3292600,85.3686752319336
2017-02-28,105.75,105.91000366210938,105.62999725341797,105.6500015258789,2482500,85.328277587890625
2017-03-01,104.70999908447266,104.80000305175781,104.6500015258789,104.7699966430664,2249000,84.73383331298828
2017-03-02,104.55999755859375,104.5999984741211,104.33000183105469,104.47000122070312,2023300,84.49115753173828
2017-03-03,104.5,104.58000183105469,104.26000213623047,104.56999969482422,2509000,84.57212829589844
2017-03-06,104.58999633789062,104.5999984741211,104.43000030517578,104.55000305175781,1401700,84.55587005615234
2017-03-07,104.43000030517578,104.4800033569336,104.3499984741211,104.4000015258789,1596300,84.43464660644531
2017-03-08,103.91999816894531,104.1500015258789,103.9000015258789,104.05000305175781,2392800,84.15154266357422
2017-03-09,103.94000244140625,103.9800033569336,103.69999694824219,103.76000213623047,2322900,83.916961669921875
2017-03-10,103.9800033569336,104.01000213623047,103.75,103.9800033569336,1333000,84.09493255615234
2017-03-13,103.80999755859375,103.91999816894531,103.69000244140625,103.72000122070312,1342600,83.884674072265625
2017-03-14,103.7699966430664,103.94000244140625,103.75,103.83000183105469,864600,83.97364044189453
2017-03-15,103.98999786376953,104.73999786376953,103.91999816894531,104.73999786376953,3701900,84.7095718383789
2017-03-16,104.48999786376953,104.62000274658203,104.41999816894531,104.44999694824219,2749900,84.4750747680664
2017-03-17,104.58000183105469,104.81999969482422,104.55999755859375,104.7300033569336,1186700,84.70149993896484
2017-03-20,104.75,105.01000213623047,104.75,104.9800033569336,1362700,84.9037094116211
2017-03-21,104.91000366210938,105.37000274658203,104.91000366210938,105.33000183105469,1407000,85.18677520751953
2017-03-22,105.52999877929688,105.7300033569336,105.44999694824219,105.52999877929688,2231300,85.34847259521484
2017-03-23,105.58999633789062,105.63999938964844,105.23999786376953,105.41999816894531,2584700,85.25955963134766
2017-03-24,105.38999938964844,105.61000061035156,105.3499984741211,105.4800033569336,2540000,85.3080825805664
2017-03-27,105.91999816894531,105.95999908447266,105.66999816894531,105.73999786376953,2614000,85.51832580566406
2017-03-28,105.86000061035156,105.86000061035156,105.37000274658203,105.37999725341797,1356800,85.227203369140625
2017-03-29,105.55999755859375,105.72000122070312,105.55999755859375,105.68000030517578,1860400,85.4698257446289
2017-03-30,105.62999725341797,105.63999938964844,105.36000061035156,105.37999725341797,1487800,85.227203369140625
2017-03-31,105.52999877929688,105.62999725341797,105.44999694824219,105.58999633789062,1698500,85.397064208984375
2017-04-03,105.55999755859375,106,105.52999877929688,105.94999694824219,4175500,85.81742095947266
2017-04-04,105.91999816894531,106.0199966430664,105.80000305175781,105.80000305175781,1319600,85.69588470458984
2017-04-05,105.66999816894531,106.0999984741211,105.62000274658203,106,2551100,85.85790252685547
2017-04-06,106.02999877929688,106.0999984741211,105.80000305175781,105.93000030517578,1496300,85.80120849609375
2017-04-07,106.19000244140625,106.31999969482422,105.61000061035156,105.61000061035156,1185400,85.54203796386719
2017-04-10,105.75,105.91999816894531,105.69999694824219,105.80000305175781,1752500,85.69588470458984
2017-04-11,106.05000305175781,106.4000015258789,106.02999877929688,106.29000091552734,2219200,86.09281158447266
2017-04-12,106.37000274658203,106.68000030517578,106.29000091552734,106.62000274658203,2273600,86.360137939453125
2017-04-13,106.80000305175781,107.01000213623047,106.61000061035156,106.94000244140625,1868200,86.61927032470703
2017-04-17,106.94999694824219,107.04000091552734,106.68000030517578,106.7699966430664,1110500,86.48162078857422
2017-04-18,107.05999755859375,107.47000122070312,107,107.37999725341797,1678400,86.97566223144531
2017-04-19,107.12000274658203,107.16999816894531,106.98999786376953,107.0999984741211,1750000,86.74890899658203
2017-04-20,106.93000030517578,107.01000213623047,106.72000122070312,106.86000061035156,1694700,86.55449676513672
2017-04-21,106.95999908447266,107.12000274658203,106.87999725341797,106.91000366210938,2792500,86.5949935913086
2017-04-24,106.43000030517578,106.69000244140625,106.37000274658203,106.69000244140625,3558000,86.41676330566406
2017-04-25,106.3499984741211,106.47000122070312,106.08999633789062,106.13999938964844,1985700,85.97126770019531
2017-04-26,106.13999938964844,106.41999816894531,106.12000274658203,106.41999816894531,1314400,86.19811248779297
2017-04-27,106.37999725341797,106.62000274658203,106.33000183105469,106.48999786376953,1988200,86.25479888916016
2017-04-28,106.31999969482422,106.6500015258789,106.2699966430664,106.5999984741211,5489800,86.34388732910156
2017-05-01,106.31999969482422,106.48999786376953,106.05000305175781,106.20999908447266,2044400,86.15735626220703
2017-05-02,106.16000366210938,106.48999786376953,106.13999938964844,106.43000030517578,1585300,86.3357925415039
2017-05-03,106.44999694824219,106.48999786376953,106.1500015258789,106.20999908447266,1861300,86.15735626220703
2017-05-04,105.8499984741211,105.98999786376953,105.81999969482422,105.97000122070312,1237100,85.962646484375
2017-05-05,105.9800033569336,106.0199966430664,105.80000305175781,105.98999786376953,980000,85.97887420654297
2017-05-08,105.88999938964844,105.88999938964844,105.66999816894531,105.7300033569336,4887400,85.76792907714844
2017-05-09,105.58999633789062,105.66000366210938,105.47000122070312,105.61000061035156,1457900,85.6706314086914
2017-05-10,105.83999633789062,105.86000061035156,105.5,105.56999969482422,995500,85.63819122314453
2017-05-11,105.41000366210938,105.69999694824219,105.41000366210938,105.6500015258789,1088800,85.703033447265625
2017-05-12,106.05999755859375,106.27999877929688,106.05999755859375,106.19000244140625,2005600,86.14115142822266
2017-05-15,106.13999938964844,106.16999816894531,106.05000305175781,106.12000274658203,672200,86.0843505859375
2017-05-16,106.11000061035156,106.41000366210938,106.11000061035156,106.26000213623047,1314500,86.19793701171875
2017-05-17,106.80000305175781,107.16999816894531,106.7300033569336,107.11000061035156,5644700,86.887420654296875
2017-05-18,107.19999694824219,107.25,106.97000122070312,107.08000183105469,1715200,86.86305236816406
2017-05-19,106.97000122070312,107.06999969482422,106.80000305175781,107.05000305175781,3503100,86.83875274658203
2017-05-22,106.93000030517578,107.01000213623047,106.87999725341797,106.93000030517578,1425800,86.74134826660156
2017-05-23,107.05000305175781,107.05000305175781,106.5999984741211,106.6500015258789,2984700,86.514251708984375
2017-05-24,106.6500015258789,106.93000030517578,106.55000305175781,106.87000274658203,1776300,86.69268798828125
2017-05-25,106.93000030517578,106.9800033569336,106.80000305175781,106.93000030517578,1361000,86.74134826660156
2017-05-26,107.02999877929688,107.08000183105469,106.94000244140625,107,1016600,86.79814147949219
2017-05-30,107.18000030517578,107.2699966430664,107.0999984741211,107.2699966430664,2335200,87.01717376708984
2017-05-31,107.22000122070312,107.4000015258789,107.16000366210938,107.31999969482422,1752300,87.0577392578125
2017-06-01,106.94000244140625,107.12000274658203,106.9000015258789,107.0999984741211,1769300,87.01229095458984
2017-06-02,107.5,107.69000244140625,107.41000366210938,107.56999969482422,1803200,87.39411926269531
2017-06-05,107.4000015258789,107.48999786376953,107.37000274658203,107.38999938964844,1414900,87.24787139892578
2017-06-06,107.77999877929688,107.83000183105469,107.66000366210938,107.7300033569336,2078900,87.52409362792969
2017-06-07,107.62000274658203,107.70999908447266,107.43000030517578,107.52999877929688,1795800,87.3615951538086
2017-06-08,107.43000030517578,107.43000030517578,107.16999816894531,107.36000061035156,3863000,87.2234878540039
2017-06-09,107.1500015258789,107.33999633789062,107.11000061035156,107.26000213623047,1203400,87.1422348022461
2017-06-12,107.12000274658203,107.44999694824219,107.12000274658203,107.23999786376953,766700,87.1259765625
2017-06-13,107.13999938964844,107.31999969482422,107.13999938964844,107.27999877929688,682300,87.1585464477539
2017-06-14,107.91999816894531,108.16999816894531,107.70999908447266,107.83999633789062,3712100,87.61346435546875
2017-06-15,107.69000244140625,107.72000122070312,107.56999969482422,107.6500015258789,2000400,87.45912170410156
2017-06-16,107.66999816894531,107.83000183105469,107.66999816894531,107.70999908447266,3460300,87.50789642333984
2017-06-19,107.58999633789062,107.62999725341797,107.41000366210938,107.41000366210938,1105900,87.264129638671875
2017-06-20,107.5,107.76000213623047,107.5,107.68000030517578,1252000,87.48345184326172
2017-06-21,107.55999755859375,107.73999786376953,107.54000091552734,107.66999816894531,1159800,87.47534942626953
2017-06-22,107.83000183105469,107.86000061035156,107.63999938964844,107.7699966430664,1160100,87.55657196044922
2017-06-23,107.72000122070312,107.83999633789062,107.66999816894531,107.80000305175781,1581000,87.58099365234375
2017-06-26,107.9000015258789,108.01000213623047,107.87999725341797,107.88999938964844,3625000,87.6540756225586
2017-06-27,107.5199966430664,107.55000305175781,107.26000213623047,107.36000061035156,1755200,87.2234878540039
2017-06-28,107.30999755859375,107.30999755859375,107.08999633789062,107.26000213623047,1530900,87.1422348022461
2017-06-29,106.69999694824219,106.97000122070312,106.63999938964844,106.86000061035156,1997200,86.8172836303711
2017-06-30,106.83999633789062,106.83999633789062,106.54000091552734,106.61000061035156,1909600,86.61415100097656
2017-07-03,106.44999694824219,106.45999908447266,106.01000213623047,106.05999755859375,1255300,86.2960205078125
2017-07-05,106.04000091552734,106.26000213623047,105.9800033569336,106.13999938964844,10477800,86.36113739013672
2017-07-06,105.94000244140625,105.97000122070312,105.7300033569336,105.94000244140625,1794300,86.19835662841797
2017-07-07,105.80999755859375,105.88999938964844,105.72000122070312,105.7699966430664,1799900,86.06007385253906
2017-07-10,105.83999633789062,106.01000213623047,105.83000183105469,105.91000366210938,1247700,86.17395782470703
2017-07-11,105.87000274658203,106.08000183105469,105.83999633789062,106.05000305175781,1112600,86.28790283203125
2017-07-12,106.44999694824219,106.51000213623047,106.31999969482422,106.36000061035156,2451700,86.54014587402344
2017-07-13,106.3499984741211,106.3499984741211,106.05000305175781,106.25,2095900,86.45063018798828
2017-07-14,106.69000244140625,106.73999786376953,106.37999725341797,106.4000015258789,1260400,86.57266998291016
2017-07-17,106.45999908447266,106.61000061035156,106.4000015258789,106.52999877929688,1289200,86.67842864990234
2017-07-18,106.87000274658203,106.97000122070312,106.77999877929688,106.91999816894531,1776100,86.99578094482422
2017-07-19,106.93000030517578,107.01000213623047,106.8499984741211,106.91999816894531,2466000,86.99578094482422
2017-07-20,107.0999984741211,107.16000366210938,106.91000366210938,106.94999694824219,2317200,87.0201644897461
2017-07-21,107.1500015258789,107.2699966430664,107.12000274658203,107.13999938964844,1664200,87.17476654052734
2017-07-24,107.08000183105469,107.1500015258789,106.98999786376953,107.06999969482422,2342700,87.11785125732422
2017-07-25,106.69999694824219,106.69999694824219,106.44000244140625,106.47000122070312,2513600,86.629608154296875
2017-07-26,106.47000122070312,106.91999816894531,106.41000366210938,106.80999755859375,3010400,86.90626525878906
2017-07-27,106.5999984741211,106.7300033569336,106.5199966430664,106.63999938964844,1853000,86.76793670654297
2017-07-28,106.62999725341797,106.8499984741211,106.5999984741211,106.81999969482422,1001600,86.91439056396484
2017-07-31,106.76000213623047,106.86000061035156,106.69000244140625,106.8499984741211,921800,86.93878173828125
2017-08-01,106.5199966430664,106.98999786376953,106.47000122070312,106.94999694824219,1958300,87.154754638671875
2017-08-02,106.9000015258789,107.05000305175781,106.83999633789062,106.8499984741211,516100,87.073272705078125
2017-08-03,107.06999969482422,107.25,106.9800033569336,107.22000122070312,1576200,87.3747787475586
2017-08-04,106.97000122070312,106.97000122070312,106.69999694824219,106.93000030517578,1266100,87.13847351074219
2017-08-07,106.87999725341797,107,106.81999969482422,106.98999786376953,554100,87.1873550415039
2017-08-08,106.94999694824219,106.95999908447266,106.7300033569336,106.9000015258789,1277800,87.114044189453125
2017-08-09,107.29000091552734,107.31999969482422,107.02999877929688,107.02999877929688,1268000,87.21995544433594
2017-08-10,107.23999786376953,107.47000122070312,107.22000122070312,107.43000030517578,1412000,87.54588317871094
2017-08-11,107.37000274658203,107.62000274658203,107.31999969482422,107.55000305175781,911000,87.64372253417969
2017-08-14,107.33999633789062,107.44999694824219,107.25,107.29000091552734,1386100,87.43183135986328
2017-08-15,106.86000061035156,107.05999755859375,106.83000183105469,106.97000122070312,1146300,87.17106628417969
2017-08-16,106.87000274658203,107.33000183105469,106.8499984741211,107.16999816894531,2160100,87.33406066894531
2017-08-17,107.20999908447266,107.58999633789062,107.16999816894531,107.55000305175781,1637300,87.64372253417969
2017-08-18,107.73999786376953,107.80999755859375,107.41000366210938,107.56999969482422,1235700,87.66001892089844
2017-08-21,107.5999984741211,107.70999908447266,107.55999755859375,107.63999938964844,718800,87.71702575683594
2017-08-22,107.54000091552734,107.54000091552734,107.37000274658203,107.43000030517578,984500,87.54588317871094
2017-08-23,107.66000366210938,107.80000305175781,107.56999969482422,107.80000305175781,1246100,87.84747314453125
2017-08-24,107.62999725341797,107.75,107.56999969482422,107.62999725341797,2520900,87.7088623046875
2017-08-25,107.63999938964844,107.87000274658203,107.56999969482422,107.80999755859375,1007500,87.85555267333984
2017-08-28,107.76000213623047,107.91999816894531,107.72000122070312,107.91000366210938,921700,87.93708801269531
2017-08-29,108.41000366210938,108.43000030517578,108.04000091552734,108.16000366210938,1590200,88.1408462524414
2017-08-30,107.98999786376953,108.12999725341797,107.98999786376953,108.06999969482422,1299900,88.06745910644531
2017-08-31,108.08000183105469,108.25,108.06999969482422,108.23999786376953,1023600,88.20600128173828
2017-09-01,107.95999908447266,107.98999786376953,107.69999694824219,107.76000213623047,3460000,87.94649505615234
2017-09-05,108.16000366210938,108.5199966430664,108.12999725341797,108.51000213623047,3054800,88.558563232421875
2017-09-06,108.4800033569336,108.55000305175781,108.12999725341797,108.25,1601500,88.34642028808594
2017-09-07,108.3499984741211,108.80999755859375,108.3499984741211,108.72000122070312,4292500,88.729949951171875
2017-09-08,108.68000030517578,108.68000030517578,108.5,108.63999938964844,1249100,88.66465759277344
2017-09-11,108.19999694824219,108.23999786376953,108.0199966430664,108.0199966430664,2206200,88.15868377685547
2017-09-12,107.8499984741211,107.8499984741211,107.66000366210938,107.76000213623047,3167800,87.94649505615234
2017-09-13,107.77999877929688,107.77999877929688,107.5199966430664,107.54000091552734,1590900,87.76692962646484
2017-09-14,107.43000030517578,107.58000183105469,107.4000015258789,107.55999755859375,1377700,87.78324127197266
2017-09-15,107.56999969482422,107.69000244140625,107.37999725341797,107.69000244140625,1477000,87.88932800292969
2017-09-18,107.26000213623047,107.36000061035156,107.16999816894531,107.2699966430664,3032500,87.54651641845703
2017-09-19,107.30000305175781,107.3499984741211,107.12000274658203,107.1500015258789,673300,87.44866180419922
2017-09-20,107.25,107.2699966430664,106.7699966430664,106.94000244140625,2397500,87.27722930908203
2017-09-21,106.98999786376953,107.12999725341797,106.80000305175781,106.80000305175781,2390000,87.16302490234375
2017-09-22,107.13999938964844,107.16000366210938,106.95999908447266,106.98999786376953,826600,87.31807708740234
2017-09-25,107.11000061035156,107.38999938964844,107,107.30999755859375,1927000,87.5792236328125
2017-09-26,107.20999908447266,107.27999877929688,107.12000274658203,107.22000122070312,1061000,87.50575256347656
2017-09-27,106.69000244140625,106.83000183105469,106.63999938964844,106.66999816894531,4039100,87.0569076538086
2017-09-28,106.54000091552734,106.7300033569336,106.4800033569336,106.6500015258789,1873300,87.04058074951172
2017-09-29,106.76000213623047,106.7699966430664,106.45999908447266,106.5199966430664,2037800,86.9344711303711
2017-10-02,106.41999816894531,106.47000122070312,106.23999786376953,106.23999786376953,3221600,86.8355712890625
2017-10-03,106.2699966430664,106.43000030517578,106.23999786376953,106.38999938964844,2521700,86.958160400390625
2017-10-04,106.48999786376953,106.48999786376953,106.26000213623047,106.36000061035156,2198300,86.93367004394531
2017-10-05,106.4000015258789,106.45999908447266,106.19000244140625,106.25,1779900,86.84375
2017-10-06,105.97000122070312,106.23999786376953,105.8499984741211,106.12000274658203,2350600,86.73746490478516
2017-10-09,106.20999908447266,106.27999877929688,106.13999938964844,106.23999786376953,893100,86.8355712890625
2017-10-10,106.30000305175781,106.52999877929688,106.25,106.27999877929688,1123100,86.86824798583984
2017-10-11,106.43000030517578,106.44000244140625,106.27999877929688,106.4000015258789,2841200,86.9663314819336
2017-10-12,106.47000122070312,106.54000091552734,106.36000061035156,106.5,1349300,87.04804229736328
2017-10-13,106.81999969482422,106.91999816894531,106.69000244140625,106.86000061035156,1521700,87.34233856201172
2017-10-16,106.66999816894531,106.79000091552734,106.56999969482422,106.68000030517578,1666100,87.195159912109375
2017-10-17,106.5199966430664,106.68000030517578,106.5,106.63999938964844,673800,87.16253662109375
2017-10-18,106.30999755859375,106.41000366210938,106.2699966430664,106.37000274658203,1788500,86.94184112548828
2017-10-19,106.66000366210938,106.69999694824219,106.41000366210938,106.4800033569336,1518700,87.03175354003906
2017-10-20,106.13999938964844,106.20999908447266,106,106.04000091552734,2651400,86.6720962524414
2017-10-23,106.08999633789062,106.20999908447266,106.08999633789062,106.13999938964844,709800,86.75383758544922
2017-10-24,105.87999725341797,105.95999908447266,105.76000213623047,105.81999969482422,1605600,86.49229431152344
2017-10-25,105.47000122070312,105.73999786376953,105.47000122070312,105.6500015258789,1838800,86.35333251953125
2017-10-26,105.75,105.7699966430664,105.5,105.51000213623047,2062400,86.23888397216797
2017-10-27,105.62000274658203,105.86000061035156,105.54000091552734,105.8499984741211,1315000,86.51679992675781
2017-10-30,106.08999633789062,106.23999786376953,106.02999877929688,106.2300033569336,1692700,86.82738494873047
2017-10-31,106.23999786376953,106.25,106.13999938964844,106.16000366210938,1178000,86.77021026611328
2017-11-01,105.91999816894531,106.22000122070312,105.91999816894531,106.05999755859375,1321500,86.82256317138672
2017-11-02,106.18000030517578,106.3499984741211,106.12000274658203,106.19999694824219,1997900,86.937164306640625
2017-11-03,106.33999633789062,106.4000015258789,106.1500015258789,106.37000274658203,2532400,87.07634735107422
2017-11-06,106.47000122070312,106.55999755859375,106.4000015258789,106.5,858400,87.18273162841797
2017-11-07,106.5199966430664,106.62000274658203,106.45999908447266,106.54000091552734,734800,87.21550750732422
2017-11-08,106.58999633789062,106.62999725341797,106.37999725341797,106.41000366210938,947800,87.10906982421875
2017-11-09,106.2699966430664,106.45999908447266,106.2300033569336,106.37000274658203,925900,87.07634735107422
2017-11-10,106,106.02999877929688,105.79000091552734,105.83000183105469,1862000,86.63428497314453
2017-11-13,105.91000366210938,105.95999908447266,105.7699966430664,105.77999877929688,868300,86.59331512451172
2017-11-14,105.80999755859375,106,105.79000091552734,105.93000030517578,1629200,86.71614074707031
2017-11-15,106.27999877929688,106.3499984741211,106.08999633789062,106.30999755859375,1933100,87.027191162109375
2017-11-16,106.13999938964844,106.19999694824219,106.0199966430664,106.04000091552734,1749200,86.80623626708984
2017-11-17,106.2300033569336,106.27999877929688,106.0999984741211,106.18000030517578,941200,86.92076873779297
2017-11-20,106.05000305175781,106.1500015258789,105.94999694824219,106.01000213623047,1153400,86.78160095214844
2017-11-21,106.18000030517578,106.2300033569336,105.94999694824219,106.02999877929688,835600,86.798004150390625
2017-11-22,106.13999938964844,106.41999816894531,106.0999984741211,106.37000274658203,1657900,87.07634735107422
2017-11-24,106.2699966430664,106.33999633789062,106.23999786376953,106.27999877929688,614400,87.00267791748047
2017-11-27,106.33000183105469,106.41999816894531,106.19000244140625,106.3499984741211,1927500,87.05992889404297
2017-11-28,106.51000213623047,106.55000305175781,106.27999877929688,106.37000274658203,1388000,87.07634735107422
2017-11-29,106.0199966430664,106.08000183105469,105.87999725341797,106.02999877929688,3193600,86.798004150390625
2017-11-30,105.95999908447266,106.01000213623047,105.58999633789062,105.69999694824219,3306400,86.52787017822266
2017-12-01,105.69999694824219,106.33999633789062,105.5,105.93000030517578,4341500,86.84760284423828
2017-12-04,105.6500015258789,105.87999725341797,105.63999938964844,105.87999725341797,2356200,86.806640625
2017-12-05,105.70999908447266,105.98999786376953,105.69000244140625,105.95999908447266,1586000,86.8721923828125
2017-12-06,106.19999694824219,106.30999755859375,106.16000366210938,106.18000030517578,1459000,87.05254364013672
2017-12-07,106.18000030517578,106.2699966430664,105.86000061035156,105.98999786376953,1953400,86.89681243896484
2017-12-08,105.97000122070312,106.0199966430664,105.83000183105469,105.91000366210938,2519500,86.83121490478516
2017-12-11,105.97000122070312,106.0199966430664,105.80999755859375,105.83999633789062,702200,86.77384185791016
2017-12-12,105.73999786376953,105.76000213623047,105.5999984741211,105.75,2557500,86.70001983642578
2017-12-13,105.9000015258789,106.22000122070312,105.79000091552734,106.18000030517578,1477800,87.05254364013672
2017-12-14,105.98999786376953,106.2300033569336,105.86000061035156,106.13999938964844,982100,87.019775390625
2017-12-15,105.9800033569336,106.16999816894531,105.91999816894531,106.12000274658203,1845200,87.00336456298828
2017-12-18,106.02999877929688,106.05999755859375,105.83999633789062,105.87999725341797,1610300,86.806640625
2017-12-19,105.62000274658203,105.62999725341797,105.25,105.4000015258789,4535100,86.413116455078125
2017-12-20,105.0999984741211,105.29000091552734,105.04000091552734,105.08999633789062,3027000,86.158935546875
2017-12-21,104.94000244140625,105.01000213623047,104.87000274658203,105,2098800,86.21968078613281
2017-12-22,104.98999786376953,105.04000091552734,104.94999694824219,105.04000091552734,696900,86.25251007080078
2017-12-26,105.05000305175781,105.19999694824219,105.02999877929688,105.08000183105469,2584800,86.28538513183594
2017-12-27,105.2300033569336,105.56999969482422,105.2300033569336,105.52999877929688,2291500,86.65489959716797
2017-12-28,105.43000030517578,105.4800033569336,105.33999633789062,105.4000015258789,1540500,86.54815673828125
2017-12-29,105.47000122070312,105.63999938964844,105.45999908447266,105.56999969482422,1849600,86.687774658203125
2018-01-02,105.44000244140625,105.47000122070312,105.08999633789062,105.22000122070312,3902000,86.40033721923828
2018-01-03,105.3499984741211,105.41000366210938,105.22000122070312,105.33000183105469,2135900,86.49068450927734
2018-01-04,105.0999984741211,105.29000091552734,105.0199966430664,105.27999877929688,2430000,86.44962310791016
2018-01-05,105.27999877929688,105.31999969482422,105.05999755859375,105.1500015258789,2163600,86.34284210205078
2018-01-08,105.19999694824219,105.22000122070312,105.01000213623047,105.0999984741211,2450600,86.301788330078125
2018-01-09,104.91999816894531,104.91999816894531,104.58000183105469,104.5999984741211,5924200,85.8912582397461
2018-01-10,104.29000091552734,104.62000274658203,104.2300033569336,104.56999969482422,2142500,85.86662292480469
2018-01-11,104.5199966430664,104.7300033569336,104.41999816894531,104.63999938964844,1798700,85.92407989501953
2018-01-12,104.41999816894531,104.61000061035156,104.4000015258789,104.56999969482422,1430700,85.86662292480469
2018-01-16,104.73999786376953,104.76000213623047,104.4800033569336,104.62000274658203,5927500,85.90766143798828
2018-01-17,104.45999908447266,104.62999725341797,104.31999969482422,104.38999938964844,2186100,85.71876525878906
2018-01-18,104.11000061035156,104.20999908447266,103.9800033569336,104.05999755859375,3326100,85.44779968261719
2018-01-19,104,104,103.7300033569336,103.79000091552734,2921600,85.2260971069336
2018-01-22,103.87000274658203,103.94999694824219,103.66999816894531,103.75,8047400,85.19327545166016
2018-01-23,103.98999786376953,104.11000061035156,103.9000015258789,104.05000305175781,1780100,85.43962097167969
2018-01-24,103.87000274658203,103.94999694824219,103.7300033569336,103.8499984741211,1952200,85.2753677368164
2018-01-25,103.73999786376953,104.08999633789062,103.62000274658203,104.08000183105469,3342000,85.46427154541016
2018-01-26,103.95999908447266,103.95999908447266,103.66000366210938,103.7699966430664,3324500,85.2096939086914
2018-01-29,103.5,103.55000305175781,103.30999755859375,103.51000213623047,2328200,84.99620819091797
2018-01-30,103.41999816894531,103.4800033569336,103.22000122070312,103.2699966430664,2346900,84.79914093017578
2018-01-31,103.44000244140625,103.48999786376953,103.0199966430664,103.30000305175781,2966400,84.82373809814453
2018-02-01,103.0999984741211,103.0999984741211,102.56999969482422,102.5999984741211,8958300,84.38619232177734
2018-02-02,102.29000091552734,102.37000274658203,102.11000061035156,102.22000122070312,5753500,84.07364654541016
2018-02-05,102.25,103.30999755859375,102.08999633789062,103.05999755859375,6902000,84.76453399658203
2018-02-06,102.94999694824219,103.04000091552734,102.61000061035156,102.61000061035156,5382900,84.39444732666016
2018-02-07,102.75,102.7699966430664,102.19000244140625,102.30999755859375,4773700,84.14766693115234
2018-02-08,102.02999877929688,102.52999877929688,101.88999938964844,102.4000015258789,5685300,84.2216796875
2018-02-09,102.11000061035156,102.80999755859375,102.11000061035156,102.22000122070312,4376900,84.07364654541016
2018-02-12,102.22000122070312,102.36000061035156,102.08000183105469,102.19000244140625,2836300,84.0489730834961
2018-02-13,102.2699966430664,102.38999938964844,102.18000030517578,102.36000061035156,2698100,84.188812255859375
2018-02-14,102.05999755859375,102.05999755859375,101.62999725341797,101.73999786376953,4141900,83.6788558959961
2018-02-15,101.76000213623047,101.95999908447266,101.73999786376953,101.7699966430664,3057300,83.70354461669922
2018-02-16,102.08999633789062,102.18000030517578,101.95999908447266,102.01000213623047,2277800,83.90093231201172
2018-02-20,101.80999755859375,101.95999908447266,101.72000122070312,101.9000015258789,2138300,83.81048583984375
2018-02-21,102,102,101.47000122070312,101.5999984741211,2253900,83.56373596191406
2018-02-22,101.76000213623047,101.87000274658203,101.69999694824219,101.73999786376953,4411800,83.6788558959961
2018-02-23,102.01000213623047,102.20999908447266,101.9800033569336,102.12999725341797,4484700,83.999603271484375
2018-02-26,102.36000061035156,102.44999694824219,102.19999694824219,102.25,2725600,84.09832763671875
2018-02-27,102.29000091552734,102.33000183105469,101.73999786376953,101.93000030517578,3308900,83.83515167236328
2018-02-28,102.05000305175781,102.19000244140625,101.97000122070312,102.16999816894531,2521400,84.03253173828125
2018-03-01,102.16000366210938,102.61000061035156,102.02999877929688,102.44999694824219,5352600,84.39418029785156
2018-03-02,102.31999969482422,102.33000183105469,102.01000213623047,102.06999969482422,2140800,84.08110809326172
2018-03-05,102.3499984741211,102.3499984741211,101.81999969482422,101.94000244140625,2059300,83.97406768798828
2018-03-06,101.97000122070312,102.1500015258789,101.91999816894531,101.93000030517578,2331300,83.96578216552734
2018-03-07,102.16000366210938,102.22000122070312,101.91999816894531,101.93000030517578,1258100,83.96578216552734
2018-03-08,102.06999969482422,102.23999786376953,102.0199966430664,102.13999938964844,1636700,84.1387939453125
2018-03-09,101.88999938964844,102,101.7699966430664,101.91999816894531,1604500,83.957550048828125
2018-03-12,102,102.16999816894531,101.94000244140625,102.16000366210938,1885700,84.15526580810547
2018-03-13,102.31999969482422,102.37999725341797,102.12999725341797,102.33000183105469,1742100,84.2953109741211
2018-03-14,102.2699966430664,102.66000366210938,102.25,102.52999877929688,2598900,84.4600601196289
2018-03-15,102.51000213623047,102.62000274658203,102.38999938964844,102.48999786376953,2758000,84.42713165283203
2018-03-16,102.36000061035156,102.38999938964844,102.23999786376953,102.37000274658203,3595300,84.32826232910156
2018-03-19,102.1500015258789,102.45999908447266,102.13999938964844,102.2699966430664,2825000,84.24585723876953
2018-03-20,102.08999633789062,102.16000366210938,102.04000091552734,102.06999969482422,2600600,84.08110809326172
2018-03-21,101.94000244140625,102.22000122070312,101.68000030517578,102.13999938964844,3365600,84.1387939453125
2018-03-22,102.5199966430664,102.7699966430664,102.38999938964844,102.55999755859375,5026500,84.484771728515625
2018-03-23,102.45999908447266,102.75,102.45999908447266,102.69999694824219,2519000,84.6000747680664
2018-03-26,102.5199966430664,102.6500015258789,102.38999938964844,102.41999816894531,4184900,84.3694839477539
2018-03-27,102.52999877929688,103.05000305175781,102.5199966430664,103,3495900,84.84723663330078
2018-03-28,103.20999908447266,103.26000213623047,102.88999938964844,102.9800033569336,2762500,84.83076477050781
2018-03-29,103.01000213623047,103.30999755859375,103.01000213623047,103.19000244140625,2572100,85.00373840332031
2018-04-02,102.94000244140625,103.33999633789062,102.88999938964844,103.12000274658203,2748800,85.09040069580078
2018-04-03,102.95999908447266,103,102.75,102.79000091552734,4229600,84.81806182861328
2018-04-04,103,103,102.68000030517578,102.7300033569336,2216900,84.76853942871094
2018-04-05,102.56999969482422,102.61000061035156,102.43000030517578,102.47000122070312,1789300,84.55403137207031
2018-04-06,102.80000305175781,102.95999908447266,102.66000366210938,102.91999816894531,2651200,84.92536163330078
2018-04-09,102.73999786376953,102.94000244140625,102.6500015258789,102.94000244140625,2071100,84.94190216064453
2018-04-10,102.80999755859375,102.87000274658203,102.68000030517578,102.76000213623047,1622400,84.7933120727539
2018-04-11,102.95999908447266,103,102.76000213623047,102.86000061035156,2520600,84.87586975097656
2018-04-12,102.72000122070312,102.7300033569336,102.45999908447266,102.48999786376953,2188600,84.57048797607422
2018-04-13,102.4000015258789,102.62999725341797,102.4000015258789,102.58000183105469,2937700,84.64481353759766
2018-04-16,102.33000183105469,102.55000305175781,102.30999755859375,102.52999877929688,1637400,84.603546142578125
2018-04-17,102.4800033569336,102.66000366210938,102.44000244140625,102.58999633789062,1301800,84.65306091308594
2018-04-18,102.37999725341797,102.5,102.19000244140625,102.19000244140625,2127600,84.32298278808594
2018-04-19,101.94999694824219,102.0199966430664,101.79000091552734,101.91000366210938,3181500,84.091949462890625
2018-04-20,101.77999877929688,101.83999633789062,101.56999969482422,101.56999969482422,2309400,83.811370849609375
2018-04-23,101.4800033569336,101.52999877929688,101.33999633789062,101.47000122070312,5022800,83.7288589477539
2018-04-24,101.33000183105469,101.44999694824219,101.26000213623047,101.3499984741211,3178800,83.62986755371094
2018-04-25,101.19000244140625,101.25,101.05999755859375,101.12999725341797,3295800,83.44831848144531
2018-04-26,101.37000274658203,101.45999908447266,101.30999755859375,101.41999816894531,1989500,83.68761444091797
2018-04-27,101.51000213623047,101.6500015258789,101.5,101.58999633789062,2409300,83.82788848876953
2018-04-30,101.63999938964844,101.80999755859375,101.62000274658203,101.69999694824219,3504400,83.91865539550781
2018-05-01,101.5,101.5,101.30999755859375,101.3499984741211,1894000,83.78718566894531
2018-05-02,101.38999938964844,101.51000213623047,101.30000305175781,101.37000274658203,3852600,83.803741455078125
2018-05-03,101.58000183105469,101.7699966430664,101.55999755859375,101.62999725341797,6026900,84.018707275390625
2018-05-04,101.75,101.79000091552734,101.48999786376953,101.63999938964844,2370500,84.0269546508789
2018-05-07,101.62999725341797,101.66000366210938,101.54000091552734,101.58999633789062,1854900,83.9856185913086
2018-05-08,101.43000030517578,101.5199966430664,101.31999969482422,101.41999816894531,1654600,83.8450927734375
2018-05-09,101.19000244140625,101.30000305175781,101.16000366210938,101.19000244140625,2838400,83.65496063232422
2018-05-10,101.43000030517578,101.4800033569336,101.30000305175781,101.4000015258789,4183700,83.8285140991211
2018-05-11,101.47000122070312,101.47000122070312,101.30000305175781,101.41000366210938,2816300,83.8367919921875
2018-05-14,101.25,101.27999877929688,101.18000030517578,101.19000244140625,4762000,83.65496063232422
2018-05-15,100.80000305175781,100.80000305175781,100.48999786376953,100.62999725341797,6812500,83.19197082519531
2018-05-16,100.5,100.69999694824219,100.41999816894531,100.41999816894531,4784200,83.01837158203125
2018-05-17,100.45999908447266,100.5199966430664,100.33000183105469,100.36000061035156,1702300,82.9687728881836
2018-05-18,100.55000305175781,100.80999755859375,100.55000305175781,100.75,2642300,83.29118347167969
2018-05-21,100.69999694824219,100.83000183105469,100.63999938964844,100.81999969482422,2845100,83.34907531738281
2018-05-22,100.81999969482422,100.83000183105469,100.69000244140625,100.77999877929688,1977000,83.31596374511719
2018-05-23,101.08999633789062,101.30000305175781,101.06999969482422,101.23999786376953,5102500,83.69625091552734
2018-05-24,101.47000122070312,101.63999938964844,101.43000030517578,101.5,2994100,83.91124725341797
2018-05-25,101.80999755859375,101.91000366210938,101.76000213623047,101.9000015258789,2838400,84.24190521240234
2018-05-29,102.3499984741211,103.19999694824219,102.23999786376953,103,11256200,85.15132141113281
2018-05-30,102.56999969482422,102.72000122070312,102.37999725341797,102.55999755859375,4512200,84.78752136230469
2018-05-31,102.56999969482422,102.73999786376953,102.33999633789062,102.51000213623047,5321700,84.74620056152344
2018-06-01,101.8499984741211,102.08999633789062,101.7699966430664,101.93000030517578,7891000,84.43309783935547
2018-06-04,101.81999969482422,101.83000183105469,101.56999969482422,101.56999969482422,3131800,84.13489532470703
2018-06-05,101.83999633789062,101.97000122070312,101.72000122070312,101.83000183105469,4305500,84.35023498535156
2018-06-06,101.55999755859375,101.58999633789062,101.36000061035156,101.41999816894531,3910500,84.01060485839844
2018-06-07,101.41999816894531,102.12999725341797,101.38999938964844,101.8499984741211,4400400,84.36682891845703
2018-06-08,101.73999786376953,101.86000061035156,101.68000030517578,101.70999908447266,7342800,84.2508544921875
2018-06-11,101.52999877929688,101.63999938964844,101.51000213623047,101.61000061035156,1875800,84.16801452636719
2018-06-12,101.47000122070312,101.5999984741211,101.44999694824219,101.55000305175781,1664800,84.11833190917969
2018-06-13,101.58000183105469,101.6500015258789,101.16000366210938,101.43000030517578,3294700,84.01891326904297
2018-06-14,101.62000274658203,101.76000213623047,101.54000091552734,101.75,3626400,84.28398132324219
2018-06-15,101.97000122070312,102.0999984741211,101.80000305175781,101.83000183105469,5826500,84.35023498535156
2018-06-18,101.95999908447266,101.9800033569336,101.80000305175781,101.87999725341797,4600500,84.39164733886719
2018-06-19,102.18000030517578,102.27999877929688,102.08999633789062,102.1500015258789,4172800,84.61531829833984
2018-06-20,102.11000061035156,102.12999725341797,101.80999755859375,101.81999969482422,3059000,84.34197235107422
2018-06-21,101.9800033569336,102.16999816894531,101.9800033569336,102.08999633789062,2680500,84.56558990478516
2018-06-22,101.95999908447266,102.16000366210938,101.94999694824219,102.11000061035156,2309500,84.582183837890625
2018-06-25,102.22000122070312,102.4000015258789,102.20999908447266,102.25,8110800,84.69813537597656
2018-06-26,102.2699966430664,102.36000061035156,102.20999908447266,102.30000305175781,3873200,84.739593505859375
2018-06-27,102.55999755859375,102.7300033569336,102.4800033569336,102.69000244140625,3044200,85.06260681152344
2018-06-28,102.68000030517578,102.70999908447266,102.51000213623047,102.58999633789062,3705600,84.979827880859375
2018-06-29,102.58000183105469,102.68000030517578,102.5,102.51000213623047,2721200,84.91349792480469
2018-07-02,102.41999816894531,102.44999694824219,102.22000122070312,102.25,3911500,84.85543060302734
2018-07-03,102.29000091552734,102.51000213623047,102.27999877929688,102.51000213623047,1463800,85.0711898803711
2018-07-05,102.4800033569336,102.63999938964844,102.45999908447266,102.5199966430664,1682300,85.07947540283203
2018-07-06,102.63999938964844,102.70999908447266,102.5199966430664,102.61000061035156,3206500,85.1541748046875
2018-07-09,102.37000274658203,102.44000244140625,102.33000183105469,102.3499984741211,2258800,84.93839263916016
2018-07-10,102.25,102.36000061035156,102.20999908447266,102.2699966430664,4461100,84.87200927734375
2018-07-11,102.45999908447266,102.51000213623047,102.31999969482422,102.4800033569336,2198700,85.046295166015625
2018-07-12,102.3499984741211,102.4800033569336,102.33000183105469,102.44000244140625,1385900,85.01311492919922
2018-07-13,102.55000305175781,102.63999938964844,102.4800033569336,102.61000061035156,2891800,85.1541748046875
2018-07-16,102.38999938964844,102.4800033569336,102.26000213623047,102.44000244140625,1782600,85.01311492919922
2018-07-17,102.5,102.5,102.3499984741211,102.37999725341797,1034700,84.96330261230469
2018-07-18,102.43000030517578,102.44999694824219,102.2699966430664,102.30000305175781,1355300,84.89691162109375
2018-07-19,102.37000274658203,102.66999816894531,102.3499984741211,102.58000183105469,4201700,85.129302978515625
2018-07-20,102.45999908447266,102.45999908447266,102.18000030517578,102.22000122070312,3362700,84.830535888671875
2018-07-23,102.0999984741211,102.11000061035156,101.69999694824219,101.72000122070312,5285700,84.415618896484375
2018-07-24,101.69999694824219,101.83999633789062,101.62999725341797,101.79000091552734,3293800,84.47367095947266
2018-07-25,101.91000366210938,101.9800033569336,101.66000366210938,101.72000122070312,2403800,84.415618896484375
2018-07-26,101.81999969482422,101.87000274658203,101.58999633789062,101.61000061035156,2598200,84.32434844970703
2018-07-27,101.83999633789062,101.83999633789062,101.68000030517578,101.7699966430664,1435100,84.45707702636719
2018-07-30,101.56999969482422,101.76000213623047,101.55999755859375,101.63999938964844,3832700,84.34923553466797
2018-07-31,101.80000305175781,101.83000183105469,101.70999908447266,101.77999877929688,3053600,84.46537017822266
2018-08-01,101.26000213623047,101.41000366210938,101.19000244140625,101.33999633789062,5366800,84.265838623046875
2018-08-02,101.41000366210938,101.4800033569336,101.31999969482422,101.45999908447266,3370800,84.36554718017578
2018-08-03,101.54000091552734,101.75,101.52999877929688,101.72000122070312,2174800,84.58179473876953
2018-08-06,101.79000091552734,101.94999694824219,101.76000213623047,101.7699966430664,3867200,84.6233901977539
2018-08-07,101.70999908447266,101.70999908447266,101.54000091552734,101.55999755859375,2181400,84.44876861572266
2018-08-08,101.58999633789062,101.70999908447266,101.58000183105469,101.6500015258789,2777900,84.52357482910156
2018-08-09,101.80999755859375,101.93000030517578,101.79000091552734,101.93000030517578,4318000,84.7564468383789
2018-08-10,102.19999694824219,102.5,102.16999816894531,102.37000274658203,4327800,85.122314453125
2018-08-13,102.30999755859375,102.45999908447266,102.2300033569336,102.33999633789062,1764700,85.09735870361328
2018-08-14,102.31999969482422,102.33000183105469,102.19000244140625,102.23999786376953,2487600,85.01417541503906
2018-08-15,102.45999908447266,102.68000030517578,102.43000030517578,102.48999786376953,4810700,85.222076416015625
2018-08-16,102.51000213623047,102.5199966430664,102.27999877929688,102.45999908447266,2594400,85.19712829589844
2018-08-17,102.55000305175781,102.63999938964844,102.4000015258789,102.5,3043400,85.23036193847656
2018-08-20,102.69999694824219,102.86000061035156,102.68000030517578,102.81999969482422,2901100,85.49645233154297
2018-08-21,102.7300033569336,102.7300033569336,102.61000061035156,102.68000030517578,2516700,85.38005828857422
2018-08-22,102.95999908447266,102.95999908447266,102.7699966430664,102.87000274658203,2396500,85.53804016113281
2018-08-23,102.91000366210938,102.94999694824219,102.83000183105469,102.86000061035156,871000,85.52973937988281
2018-08-24,102.68000030517578,102.91000366210938,102.63999938964844,102.88999938964844,1296600,85.55464172363281
2018-08-27,102.75,102.77999877929688,102.63999938964844,102.66000366210938,1851900,85.3634262084961
2018-08-28,102.4800033569336,102.5199966430664,102.38999938964844,102.43000030517578,1506300,85.17219543457031
2018-08-29,102.45999908447266,102.47000122070312,102.30000305175781,102.4000015258789,1420400,85.14725494384766
2018-08-30,102.54000091552734,102.68000030517578,102.51000213623047,102.58999633789062,2780900,85.30521392822266
2018-08-31,102.81999969482422,102.83000183105469,102.5999984741211,102.61000061035156,2132200,85.32183837890625
2018-09-04,102.26000213623047,102.31999969482422,102.12000274658203,102.16999816894531,3419500,85.12686920166016
2018-09-05,102.1500015258789,102.2300033569336,102.05000305175781,102.16000366210938,1332300,85.11857604980469
2018-09-06,102.22000122070312,102.44999694824219,102.20999908447266,102.37000274658203,1656700,85.293548583984375
2018-09-07,102.01000213623047,102.04000091552734,101.87000274658203,101.91000366210938,4405000,84.91027069091797
2018-09-10,101.88999938964844,102.01000213623047,101.88999938964844,101.97000122070312,3110800,84.96024322509766
2018-09-11,101.7699966430664,101.80000305175781,101.5999984741211,101.5999984741211,3360500,84.65196228027344
2018-09-12,101.76000213623047,101.80999755859375,101.72000122070312,101.72000122070312,1398800,84.751953125
2018-09-13,101.86000061035156,101.86000061035156,101.69000244140625,101.70999908447266,1281600,84.74361419677734
2018-09-14,101.51000213623047,101.62000274658203,101.45999908447266,101.5199966430664,3749900,84.5853271484375
2018-09-17,101.41000366210938,101.58000183105469,101.37999725341797,101.54000091552734,3808400,84.601959228515625
2018-09-18,101.41000366210938,101.41999816894531,101.08999633789062,101.12000274658203,4972900,84.25205993652344
2018-09-19,101.05999755859375,101.06999969482422,100.80000305175781,100.94999694824219,5515900,84.11040496826172
2018-09-20,100.83000183105469,101.05999755859375,100.80000305175781,100.95999908447266,2973500,84.11873626708984
2018-09-21,100.9000015258789,101.05999755859375,100.9000015258789,101,1024100,84.15202331542969
2018-09-24,100.8499984741211,101.01000213623047,100.83999633789062,100.88999938964844,2389800,84.06040954589844
2018-09-25,100.7699966430664,100.80999755859375,100.68000030517578,100.79000091552734,2878300,83.9770736694336
2018-09-26,100.88999938964844,101.13999938964844,100.83999633789062,101.12000274658203,2502900,84.25205993652344
2018-09-27,101.05000305175781,101.1500015258789,100.98999786376953,101.12000274658203,6342800,84.25205993652344
2018-09-28,101.29000091552734,101.30000305175781,101.12999725341797,101.16999816894531,3931000,84.293731689453125
2018-10-01,100.83000183105469,100.88999938964844,100.70999908447266,100.70999908447266,6408000,84.0799560546875
2018-10-02,100.86000061035156,101.04000091552734,100.86000061035156,100.97000122070312,2915000,84.29705810546875
2018-10-03,100.77999877929688,100.79000091552734,100.08999633789062,100.22000122070312,6612700,83.6708755493164
2018-10-04,99.9800033569336,100.12999725341797,99.87999725341797,99.95999908447266,6427500,83.45381164550781
2018-10-05,99.81999969482422,99.910003662109375,99.5999984741211,99.720001220703125,5676600,83.25343322753906
2018-10-08,99.81999969482422,99.86000061035156,99.73999786376953,99.76000213623047,1947800,83.286865234375
2018-10-09,99.79000091552734,99.94999694824219,99.76000213623047,99.94999694824219,3066300,83.4454574584961
2018-10-10,99.70999908447266,100.02999877929688,99.66999816894531,100,3001900,83.48719787597656
2018-10-11,100.22000122070312,100.55000305175781,100.08999633789062,100.41000366210938,5821500,83.82950592041016
2018-10-12,100.29000091552734,100.52999877929688,100.23999786376953,100.29000091552734,2647900,83.72932434082031
2018-10-15,100.38999938964844,100.44000244140625,100.26000213623047,100.3499984741211,1860000,83.77942657470703
2018-10-16,100.2699966430664,100.3499984741211,100.19999694824219,100.33999633789062,2703900,83.77101135253906
2018-10-17,100.31999969482422,100.41999816894531,100.05000305175781,100.05000305175781,3336200,83.5289535522461
2018-10-18,100,100.4000015258789,99.94999694824219,100.2300033569336,2587700,83.679229736328125
2018-10-19,100.22000122070312,100.23999786376953,100.02999877929688,100.11000061035156,5531900,83.57902526855469
2018-10-22,100.22000122070312,100.26000213623047,100.12000274658203,100.12999725341797,1690100,83.59574890136719
2018-10-23,100.6500015258789,100.79000091552734,100.33999633789062,100.38999938964844,4420100,83.81282043457031
2018-10-24,100.66999816894531,100.95999908447266,100.5999984741211,100.93000030517578,4881200,84.26362609863281
2018-10-25,100.75,100.81999969482422,100.5999984741211,100.69000244140625,3559900,84.06324768066406
2018-10-26,101.06999969482422,101.30000305175781,101.04000091552734,101.13999938964844,4220800,84.43897247314453
2018-10-29,101.01000213623047,101.23999786376953,100.8499984741211,101.12999725341797,3766900,84.43060302734375
2018-10-30,100.94000244140625,101.05999755859375,100.87000274658203,100.91000366210938,5746600,84.2469253540039
2018-10-31,100.61000061035156,100.73999786376953,100.55000305175781,100.66000366210938,3956700,84.0382080078125
2018-11-01,100.36000061035156,100.56999969482422,100.33000183105469,100.52999877929688,4834300,84.11018371582031
2018-11-02,100.29000091552734,100.31999969482422,99.93000030517578,99.970001220703125,5250900,83.641632080078125
2018-11-05,100.16000366210938,100.19999694824219,100.02999877929688,100.02999877929688,2446700,83.69184875488281
2018-11-06,100.0999984741211,100.0999984741211,99.910003662109375,99.91999816894531,2456700,83.59978485107422
2018-11-07,100.08999633789062,100.16999816894531,99.910003662109375,99.91999816894531,3297600,83.59978485107422
2018-11-08,100,100.0199966430664,99.75,99.779998779296875,2188900,83.48268127441406
2018-11-09,99.93000030517578,100.22000122070312,99.91999816894531,100.16999816894531,2772700,83.80897521972656
2018-11-12,100.37999725341797,100.51000213623047,100.33000183105469,100.47000122070312,3704900,84.05997467041016
2018-11-13,100.41999816894531,100.58000183105469,100.3499984741211,100.55000305175781,3265000,84.12688446044922
2018-11-14,100.43000030517578,100.95999908447266,100.38999938964844,100.76000213623047,4626400,84.30259704589844
2018-11-15,101.01000213623047,101.05999755859375,100.70999908447266,100.83000183105469,2621300,84.36112213134766
2018-11-16,101.05999755859375,101.18000030517578,100.9800033569336,101.13999938964844,7226700,84.62055969238281
2018-11-19,101.05999755859375,101.31999969482422,101.05999755859375,101.29000091552734,3447800,84.74603271484375
2018-11-20,101.31999969482422,101.41999816894531,101.2300033569336,101.2699966430664,3658600,84.72930908203125
2018-11-21,101.18000030517578,101.25,101.06999969482422,101.25,1897000,84.71258544921875
2018-11-23,101.45999908447266,101.47000122070312,101.30999755859375,101.30999755859375,531200,84.76277923583984
2018-11-26,101.19000244140625,101.2300033569336,101.12999725341797,101.2300033569336,2345600,84.69580841064453
2018-11-27,101.19999694824219,101.4000015258789,101.19000244140625,101.33000183105469,2334400,84.77953338623047
2018-11-28,101.25,101.45999908447266,101.16999816894531,101.31999969482422,3582500,84.771148681640625
2018-11-29,101.58999633789062,101.7300033569336,101.45999908447266,101.58000183105469,4313000,84.98865509033203
2018-11-30,101.7300033569336,101.81999969482422,101.66000366210938,101.77999877929688,3069700,85.15601348876953
2018-12-03,101.44000244140625,101.79000091552734,101.41000366210938,101.79000091552734,6008500,85.342132568359375
2018-12-04,101.97000122070312,102.45999908447266,101.94000244140625,102.26000213623047,7748800,85.73622131347656
2018-12-06,102.6500015258789,102.97000122070312,102.5,102.5199966430664,9429900,85.95416259765625
2018-12-07,102.48999786376953,102.86000061035156,102.36000061035156,102.81999969482422,7319100,86.20572662353516
2018-12-10,102.83999633789062,103.04000091552734,102.70999908447266,102.87999725341797,9045700,86.2559814453125
2018-12-11,102.63999938964844,102.8499984741211,102.5,102.62000274658203,5290100,86.0379867553711
2018-12-12,102.44999694824219,102.5,102.30999755859375,102.33999633789062,3727200,85.80326843261719
2018-12-13,102.45999908447266,102.5,102.33999633789062,102.4000015258789,4116000,85.85356140136719
2018-12-14,102.56999969482422,102.72000122070312,102.5199966430664,102.55999755859375,3530000,85.987701416015625
2018-12-17,102.66000366210938,102.93000030517578,102.6500015258789,102.86000061035156,7627000,86.23925018310547
2018-12-18,102.75,102.94999694824219,102.68000030517578,102.9000015258789,4461400,86.4518051147461
2018-12-19,103.01000213623047,103.4800033569336,102.77999877929688,103.26000213623047,7710900,86.75425720214844
2018-12-20,103.44999694824219,103.47000122070312,103.08999633789062,103.12999725341797,9245200,86.64502716064453
2018-12-21,103.19999694824219,103.2300033569336,103.05999755859375,103.22000122070312,4918800,86.72064971923828
2018-12-24,103.37999725341797,103.48999786376953,103.26000213623047,103.4800033569336,6373000,86.93912506103516
2018-12-26,103.47000122070312,103.62000274658203,102.94999694824219,102.98999786376953,5477700,86.52742767333984
2018-12-27,103.43000030517578,103.62999725341797,103.2300033569336,103.25,4602100,86.745849609375
2018-12-28,103.41999816894531,103.81999969482422,103.38999938964844,103.80999755859375,4543100,87.216339111328125
2018-12-31,103.69000244140625,104.66000366210938,103.62999725341797,104.19999694824219,7227500,87.54398345947266
2019-01-02,104.30999755859375,104.43000030517578,104.18000030517578,104.41999816894531,18668600,87.72882843017578
2019-01-03,104.45999908447266,105.31999969482422,104.44000244140625,105.25,10616700,88.42615509033203
2019-01-04,104.55000305175781,104.58999633789062,104.2699966430664,104.4000015258789,6616700,87.71202850341797
2019-01-07,104.5199966430664,104.56999969482422,104.06999969482422,104.11000061035156,5459200,87.468414306640625
2019-01-08,104,104.08999633789062,103.8499984741211,103.8499984741211,6879500,87.24994659423828
2019-01-09,103.83999633789062,103.98999786376953,103.7699966430664,103.91000366210938,3248700,87.30033111572266
2019-01-10,104.06999969482422,104.13999938964844,103.79000091552734,103.86000061035156,14413000,87.25836944580078
2019-01-11,104.13999938964844,104.26000213623047,104.06999969482422,104.16999816894531,3825700,87.51880645751953
2019-01-14,104.20999908447266,104.29000091552734,104.05000305175781,104.11000061035156,3090100,87.468414306640625
2019-01-15,104.29000091552734,104.29000091552734,103.97000122070312,104.01000213623047,4148000,87.38438415527344
2019-01-16,103.88999938964844,104,103.80999755859375,103.94999694824219,4820800,87.33396911621094
2019-01-17,103.9000015258789,103.94999694824219,103.68000030517578,103.76000213623047,5328100,87.17433166503906
2019-01-18,103.61000061035156,103.72000122070312,103.3499984741211,103.43000030517578,6617500,86.8970718383789
2019-01-22,103.72000122070312,103.91000366210938,103.66999816894531,103.79000091552734,5814400,87.1995620727539
2019-01-23,103.61000061035156,103.8499984741211,103.58000183105469,103.73999786376953,3507300,87.15753173828125
2019-01-24,104.05999755859375,104.18000030517578,103.9800033569336,104.06999969482422,6030700,87.43480682373047
2019-01-25,103.88999938964844,103.94000244140625,103.7300033569336,103.83000183105469,2763300,87.23313903808594
2019-01-28,103.79000091552734,103.9800033569336,103.79000091552734,103.86000061035156,3116100,87.25836944580078
2019-01-29,103.94000244140625,104.16000366210938,103.93000030517578,104.16000366210938,2836700,87.5103988647461
2019-01-30,104.05000305175781,104.43000030517578,103.95999908447266,104.4000015258789,5788300,87.71202850341797
2019-01-31,104.63999938964844,104.93000030517578,104.61000061035156,104.87999725341797,10206500,88.11527252197266
2019-02-01,104.47000122070312,104.48999786376953,104.08999633789062,104.0999984741211,9191900,87.64383697509766
2019-02-04,103.97000122070312,103.97000122070312,103.80999755859375,103.87000274658203,7283500,87.450164794921875
2019-02-05,104,104.18000030517578,103.98999786376953,104.05000305175781,3331100,87.60175323486328
2019-02-06,104.27999877929688,104.29000091552734,104.06999969482422,104.12999725341797,3489800,87.66912841796875
2019-02-07,104.41999816894531,104.55000305175781,104.3499984741211,104.47000122070312,6937400,87.9553451538086
2019-02-08,104.62999725341797,104.7300033569336,104.58999633789062,104.61000061035156,2602700,88.07318878173828
2019-02-11,104.44999694824219,104.54000091552734,104.37000274658203,104.44999694824219,2637200,87.9384994506836
2019-02-12,104.37999725341797,104.38999938964844,104.22000122070312,104.30999755859375,3305300,87.82063293457031
2019-02-13,104.06999969482422,104.16999816894531,104,104.05000305175781,3772100,87.60175323486328
2019-02-14,104.61000061035156,104.62000274658203,104.41000366210938,104.54000091552734,10568700,88.01426696777344
2019-02-15,104.3499984741211,104.47000122070312,104.33999633789062,104.44000244140625,6879000,87.93004608154297
2019-02-19,104.62999725341797,104.69999694824219,104.55000305175781,104.62000274658203,8557400,88.08161163330078
2019-02-20,104.62000274658203,104.69999694824219,104.5199966430664,104.5999984741211,4751100,88.06478118896484
2019-02-21,104.30000305175781,104.33999633789062,104.22000122070312,104.29000091552734,4140200,87.803802490234375
2019-02-22,104.5,104.72000122070312,104.45999908447266,104.5999984741211,3351000,88.06478118896484
2019-02-25,104.43000030517578,104.5,104.36000061035156,104.44000244140625,2849600,87.93004608154297
2019-02-26,104.75,104.79000091552734,104.5999984741211,104.75,2647700,88.1910629272461
2019-02-27,104.56999969482422,104.58000183105469,104.30000305175781,104.37999725341797,2530600,87.87959289550781
2019-02-28,104.33999633789062,104.3499984741211,104.05999755859375,104.11000061035156,4949900,87.65221405029297
2019-03-01,103.73999786376953,103.8499984741211,103.56999969482422,103.56999969482422,9003000,87.3646011352539
2019-03-04,103.7300033569336,103.94999694824219,103.66000366210938,103.88999938964844,3506600,87.63451385498047
2019-03-05,103.7699966430664,103.95999908447266,103.69999694824219,103.94999694824219,2112200,87.68514251708984
2019-03-06,103.98999786376953,104.29000091552734,103.98999786376953,104.23999786376953,2401600,87.929779052734375
2019-03-07,104.44000244140625,104.66999816894531,104.43000030517578,104.58999633789062,4822900,88.22501373291016
2019-03-08,104.69000244140625,104.83000183105469,104.58000183105469,104.73999786376953,5212000,88.351531982421875
2019-03-11,104.7300033569336,104.7300033569336,104.56999969482422,104.66000366210938,4654100,88.28406524658203
2019-03-12,104.73999786376953,105,104.69999694824219,104.94999694824219,4942800,88.52869415283203
2019-03-13,104.83999633789062,104.94000244140625,104.80000305175781,104.91000366210938,1715000,88.49493408203125
2019-03-14,104.86000061035156,104.91000366210938,104.6500015258789,104.76000213623047,2514700,88.36842346191406
2019-03-15,105.08000183105469,105.16999816894531,104.97000122070312,105.08999633789062,7846600,88.6467514038086
2019-03-18,104.98999786376953,105.08000183105469,104.94000244140625,104.94999694824219,4166200,88.52869415283203
2019-03-19,104.77999877929688,104.98999786376953,104.75,104.87999725341797,2138000,88.4696273803711
2019-03-20,105.02999877929688,105.63999938964844,105.01000213623047,105.61000061035156,8061700,89.08539581298828
2019-03-21,105.7300033569336,105.75,105.4800033569336,105.55999755859375,4633500,89.043243408203125
2019-03-22,106.08999633789062,106.51000213623047,106.04000091552734,106.33999633789062,4721900,89.70122528076172
2019-03-25,106.33999633789062,106.86000061035156,106.25,106.61000061035156,7828800,89.92893981933594
2019-03-26,106.38999938964844,106.69000244140625,106.33999633789062,106.5199966430664,7483700,89.852996826171875
2019-03-27,106.80999755859375,107.08000183105469,106.75,106.83000183105469,3555900,90.11449432373047
2019-03-28,106.80000305175781,106.91000366210938,106.66000366210938,106.83999633789062,3769600,90.122955322265625
2019-03-29,106.47000122070312,106.68000030517578,106.44000244140625,106.66999816894531,2748900,89.979583740234375
2019-04-01,106.0999984741211,106.12999725341797,105.68000030517578,105.72000122070312,9430400,89.36083984375
2019-04-02,105.81999969482422,105.91999816894531,105.76000213623047,105.9000015258789,7318600,89.51298522949219
2019-04-03,105.56999969482422,105.69000244140625,105.5199966430664,105.56999969482422,5207300,89.2340316772461
2019-04-04,105.62000274658203,105.72000122070312,105.55000305175781,105.68000030517578,2293700,89.3270492553711
2019-04-05,105.5999984741211,105.80000305175781,105.58999633789062,105.7300033569336,1749900,89.36927795410156
2019-04-08,105.70999908447266,105.76000213623047,105.55999755859375,105.55999755859375,3591500,89.22557830810547
2019-04-09,105.81999969482422,105.87999725341797,105.72000122070312,105.75,3210600,89.38616180419922
2019-04-10,105.91999816894531,106.06999969482422,105.91000366210938,106,2059800,89.59747314453125
2019-04-11,105.83000183105469,105.87000274658203,105.72000122070312,105.76000213623047,1547500,89.3946304321289
2019-04-12,105.38999938964844,105.44999694824219,105.2699966430664,105.2699966430664,6032100,88.980438232421875
2019-04-15,105.29000091552734,105.41999816894531,105.29000091552734,105.41000366210938,2410700,89.09879302978516
2019-04-16,105.19000244140625,105.25,105.02999877929688,105.05000305175781,5003600,88.79444122314453
2019-04-17,105,105.18000030517578,105,105.06999969482422,2348800,88.81139373779297
2019-04-18,105.33000183105469,105.45999908447266,105.29000091552734,105.31999969482422,4893200,89.02272033691406
2019-04-22,105.26000213623047,105.2699966430664,105.12000274658203,105.16999816894531,3630000,88.89593505859375
2019-04-23,105.31999969482422,105.38999938964844,105.27999877929688,105.36000061035156,2462100,89.05653381347656
2019-04-24,105.66000366210938,105.7699966430664,105.63999938964844,105.76000213623047,3266700,89.3946304321289
2019-04-25,105.7300033569336,105.79000091552734,105.58999633789062,105.62999725341797,1457600,89.284759521484375
2019-04-26,105.97000122070312,105.98999786376953,105.8499984741211,105.91000366210938,2156100,89.52143859863281
2019-04-29,105.72000122070312,105.7699966430664,105.61000061035156,105.69000244140625,2715000,89.33544921875
2019-04-30,105.62999725341797,105.93000030517578,105.62000274658203,105.9000015258789,3621900,89.51298522949219
2019-05-01,105.69999694824219,106.11000061035156,105.55000305175781,105.63999938964844,6870700,89.47230529785156
2019-05-02,105.52999877929688,105.56999969482422,105.2699966430664,105.33999633789062,3126200,89.21820068359375
2019-05-03,105.45999908447266,105.62000274658203,105.43000030517578,105.4800033569336,2625200,89.3368148803711
2019-05-06,105.87999725341797,105.91999816894531,105.7300033569336,105.75,3370100,89.56546783447266
2019-05-07,106.01000213623047,106.19000244140625,105.95999908447266,106.11000061035156,3965800,89.87039947509766
2019-05-08,106.20999908447266,106.25,105.86000061035156,105.91000366210938,4226600,89.70103454589844
2019-05-09,106.30000305175781,106.43000030517578,106.05000305175781,106.19000244140625,4224100,89.938140869140625
2019-05-10,106.23999786376953,106.41999816894531,106.05000305175781,106.12000274658203,2855400,89.8788833618164
2019-05-13,106.56999969482422,106.73999786376953,106.5199966430664,106.6500015258789,5653400,90.3277587890625
2019-05-14,106.56999969482422,106.62000274658203,106.44000244140625,106.55000305175781,2573200,90.24304962158203
2019-05-15,106.94000244140625,106.97000122070312,106.73999786376953,106.88999938964844,5512300,90.531005859375
2019-05-16,106.6500015258789,106.72000122070312,106.55000305175781,106.68000030517578,3898400,90.35314178466797
2019-05-17,106.91000366210938,106.91000366210938,106.62000274658203,106.7300033569336,2128400,90.39551544189453
2019-05-20,106.75,106.83999633789062,106.52999877929688,106.55000305175781,2439600,90.24304962158203
2019-05-21,106.4800033569336,106.5199966430664,106.33999633789062,106.43000030517578,2675300,90.14142608642578
2019-05-22,106.5999984741211,106.80000305175781,106.56999969482422,106.75,3561900,90.41240692138672
2019-05-23,107.01000213623047,107.55999755859375,107.01000213623047,107.4000015258789,6184500,90.962982177734375
2019-05-24,107.33000183105469,107.37000274658203,107.2300033569336,107.37000274658203,2422800,90.93754577636719
2019-05-28,107.62000274658203,107.83999633789062,107.52999877929688,107.83999633789062,7039000,91.3355941772461
2019-05-29,108.08999633789062,108.23999786376953,107.77999877929688,107.80000305175781,5251800,91.30176544189453
2019-05-30,107.86000061035156,108.23999786376953,107.72000122070312,108.19000244140625,3461100,91.63206481933594
2019-05-31,108.55999755859375,108.94999694824219,108.48999786376953,108.91000366210938,6020600,92.24185943603516
2019-06-03,108.87999725341797,109.33999633789062,108.7699966430664,109.22000122070312,23830900,92.68568420410156
2019-06-04,108.76000213623047,108.98999786376953,108.5999984741211,108.81999969482422,5503200,92.34619903564453
2019-06-05,108.95999908447266,109.12999725341797,108.76000213623047,108.81999969482422,7712300,92.34619903564453
2019-06-06,108.91000366210938,109.0999984741211,108.7300033569336,108.80000305175781,2392400,92.32929229736328
2019-06-07,109.4000015258789,109.41999816894531,109.13999938964844,109.2300033569336,2805900,92.69420623779297
2019-06-10,108.86000061035156,108.87999725341797,108.68000030517578,108.69000244140625,6071200,92.2359390258789
2019-06-11,108.62000274658203,108.7699966430664,108.58000183105469,108.69000244140625,2735800,92.2359390258789
2019-06-12,108.7699966430664,108.98999786376953,108.76000213623047,108.97000122070312,2062800,92.4735336303711
2019-06-13,109.06999969482422,109.33000183105469,109.05000305175781,109.23999786376953,1684700,92.70264434814453
2019-06-14,109.16000366210938,109.37999725341797,109.1500015258789,109.31999969482422,3880700,92.77056884765625
2019-06-17,109.30000305175781,109.37999725341797,109.16999816894531,109.30000305175781,3038800,92.75357818603516
2019-06-18,109.75,109.80000305175781,109.41000366210938,109.51000213623047,4564900,92.93177795410156
2019-06-19,109.27999877929688,109.9000015258789,109.20999908447266,109.80999755859375,4541500,93.18635559082031
2019-06-20,110.04000091552734,110.27999877929688,109.97000122070312,109.98999786376953,4575000,93.33911895751953
2019-06-21,109.7300033569336,109.7699966430664,109.44999694824219,109.54000091552734,4305200,92.95726013183594
2019-06-24,109.73999786376953,109.94000244140625,109.70999908447266,109.91999816894531,3046300,93.27972412109375
2019-06-25,110.02999877929688,110.2300033569336,109.94999694824219,110.08999633789062,5251000,93.423980712890625
2019-06-26,109.94999694824219,109.94999694824219,109.5999984741211,109.63999938964844,6675000,93.0421142578125
2019-06-27,109.7699966430664,110.02999877929688,109.68000030517578,109.97000122070312,2538400,93.32213592529297
2019-06-28,109.87000274658203,110.11000061035156,109.80999755859375,110.0199966430664,4341500,93.36457061767578
2019-07-01,109.81999969482422,109.87000274658203,109.5,109.69000244140625,8183600,93.24723815917969
2019-07-02,109.80999755859375,110.1500015258789,109.79000091552734,110.08000183105469,3117100,93.57880401611328
2019-07-03,110.20999908447266,110.4000015258789,110.19999694824219,110.29000091552734,2607000,93.7573471069336
2019-07-05,109.6500015258789,109.6500015258789,109.33999633789062,109.58999633789062,3664100,93.16223907470703
2019-07-08,109.75,109.81999969482422,109.4800033569336,109.4800033569336,3254100,93.0687255859375
2019-07-09,109.48999786376953,109.5,109.33999633789062,109.41000366210938,2061800,93.00920104980469
2019-07-10,109.51000213623047,109.62000274658203,109.33999633789062,109.47000122070312,4343700,93.06024169921875
2019-07-11,109.33000183105469,109.4000015258789,108.87999725341797,108.93000030517578,4769800,92.60121154785156
2019-07-12,108.91999816894531,109.16999816894531,108.88999938964844,109.05000305175781,4141900,92.70320129394531
2019-07-15,109.13999938964844,109.27999877929688,109.06999969482422,109.27999877929688,1753200,92.89872741699219
2019-07-16,108.93000030517578,109.08000183105469,108.83000183105469,109.04000091552734,2766100,92.69469451904297
2019-07-17,109.2300033569336,109.55999755859375,109.22000122070312,109.55000305175781,2624400,93.12825775146484
2019-07-18,109.43000030517578,109.88999938964844,109.4000015258789,109.81999969482422,2386700,93.3577651977539
2019-07-19,109.58999633789062,109.7300033569336,109.51000213623047,109.62000274658203,1728100,93.1877212524414
2019-07-22,109.79000091552734,109.80000305175781,109.62999725341797,109.66999816894531,1629800,93.23026275634766
2019-07-23,109.55000305175781,109.66000366210938,109.41999816894531,109.48999786376953,2329800,93.07722473144531
2019-07-24,109.63999938964844,109.75,109.55999755859375,109.6500015258789,2268500,93.21327209472656
2019-07-25,109.5199966430664,109.52999877929688,109.2300033569336,109.45999908447266,3172000,93.05174255371094
2019-07-26,109.5,109.51000213623047,109.31999969482422,109.44000244140625,3004100,93.03477478027344
2019-07-29,109.62000274658203,109.66000366210938,109.5199966430664,109.54000091552734,2505600,93.11976623535156
2019-07-30,109.62999725341797,109.66999816894531,109.44999694824219,109.58999633789062,2514800,93.16223907470703
2019-07-31,109.55999755859375,109.98999786376953,109.38999938964844,109.87000274658203,6669300,93.40026092529297
2019-08-01,109.83999633789062,110.91999816894531,109.79000091552734,110.91999816894531,16938700,94.4596939086914
2019-08-02,110.94000244140625,111.19999694824219,110.83999633789062,111.1500015258789,8503000,94.655548095703125
2019-08-05,111.81999969482422,112.19999694824219,111.76000213623047,112.11000061035156,7626200,95.47308349609375
2019-08-06,111.87999725341797,112.30000305175781,111.79000091552734,112.29000091552734,6462400,95.6263656616211
2019-08-07,113.06999969482422,113.2699966430664,112.16999816894531,112.29000091552734,9665300,95.6263656616211
2019-08-08,111.98999786376953,112.41000366210938,111.66000366210938,112.30000305175781,5178800,95.63489532470703
2019-08-09,112.37999725341797,112.5999984741211,112.05999755859375,112.12999725341797,2869000,95.4900894165039
2019-08-12,112.54000091552734,112.9800033569336,112.51000213623047,112.83999633789062,4739900,96.09473419189453
2019-08-13,112.86000061035156,112.88999938964844,112.1500015258789,112.44000244140625,5888000,95.75411224365234
2019-08-14,113.08999633789062,113.29000091552734,113,113.19000244140625,8124300,96.3927993774414
2019-08-15,113.33999633789062,114.16999816894531,113.27999877929688,113.91000366210938,5240200,97.00598907470703
2019-08-16,113.51000213623047,113.66999816894531,113.16999816894531,113.61000061035156,4957800,96.75049591064453
2019-08-19,113.04000091552734,113.26000213623047,113.01000213623047,113.06999969482422,3691400,96.29060363769531
2019-08-20,113.5199966430664,113.66000366210938,113.45999908447266,113.56999969482422,3161800,96.7164077758789
2019-08-21,113.2699966430664,113.56999969482422,113.20999908447266,113.2699966430664,4921700,96.46094512939453
2019-08-22,113.05000305175781,113.37000274658203,113,113.0199966430664,5860400,96.2480239868164
2019-08-23,113.12999725341797,113.94000244140625,113.01000213623047,113.77999877929688,8192600,96.8952407836914
2019-08-26,113.7300033569336,113.93000030517578,113.58000183105469,113.66999816894531,7581600,96.801544189453125
2019-08-27,113.80999755859375,114.19000244140625,113.80999755859375,114.16000366210938,3266900,97.21885681152344
2019-08-28,114.3499984741211,114.38999938964844,114.12000274658203,114.19999694824219,2505400,97.25291442871094
2019-08-29,114.0999984741211,114.0999984741211,113.69000244140625,113.9800033569336,4232400,97.06560516357422
2019-08-30,113.77999877929688,114.05000305175781,113.73999786376953,114.01000213623047,3651100,97.09112548828125
2019-09-03,113.87999725341797,114.44000244140625,113.69999694824219,114.06999969482422,11754000,97.30435943603516
2019-09-04,113.94999694824219,114.30000305175781,113.94999694824219,114.25,3447000,97.45790100097656
2019-09-05,113.58999633789062,113.62000274658203,113.08000183105469,113.33000183105469,4597800,96.67314147949219
2019-09-06,113.33999633789062,113.52999877929688,113.2699966430664,113.4000015258789,3111000,96.73284912109375
2019-09-09,112.86000061035156,112.94000244140625,112.69000244140625,112.69999694824219,4818700,96.13574981689453
2019-09-10,112.52999877929688,112.62999725341797,111.87999725341797,111.87999725341797,4797200,95.436279296875
2019-09-11,111.77999877929688,111.97000122070312,111.75,111.7699966430664,4737000,95.3424301147461
2019-09-12,112.0999984741211,112.16000366210938,111.3499984741211,111.5199966430664,8612500,95.129180908203125
2019-09-13,111.0999984741211,111.20999908447266,110.5,110.5,24187700,94.259063720703125
2019-09-16,110.9000015258789,111.0999984741211,110.75,110.9800033569336,5388300,94.66853332519531
2019-09-17,111.04000091552734,111.37999725341797,110.94000244140625,111.2699966430664,8211700,94.9158935546875
2019-09-18,111.56999969482422,111.80000305175781,111.19999694824219,111.30999755859375,5170400,94.9500503540039
2019-09-19,111.58000183105469,111.58999633789062,111.31999969482422,111.36000061035156,7131900,94.99268341064453
2019-09-20,111.54000091552734,112.0199966430664,111.4800033569336,112,9915000,95.53864288330078
2019-09-23,112.13999938964844,112.4800033569336,112.05999755859375,112.16000366210938,13163900,95.67510986328125
2019-09-24,112.22000122070312,112.81999969482422,112.20999908447266,112.72000122070312,10459100,96.15279388427734
2019-09-25,112.58999633789062,112.69000244140625,111.9000015258789,111.9800033569336,8430900,95.52155303955078
2019-09-26,112.25,112.43000030517578,112.16000366210938,112.22000122070312,4233000,95.72627258300781
2019-09-27,112.2300033569336,112.48999786376953,112.19000244140625,112.37999725341797,4545500,95.8627700805664
2019-09-30,112.20999908447266,112.51000213623047,112.16999816894531,112.47000122070312,2797900,95.93952941894531
2019-10-01,111.8499984741211,112.86000061035156,111.80999755859375,112.61000061035156,8555100,96.2052230834961
2019-10-02,112.7300033569336,113.18000030517578,112.70999908447266,113,3908600,96.5384521484375
2019-10-03,113.16000366210938,113.87999725341797,113.13999938964844,113.58999633789062,6128300,97.04249572753906
2019-10-04,113.58000183105469,113.88999938964844,113.51000213623047,113.80999755859375,4707600,97.23041534423828
2019-10-07,113.55999755859375,113.68000030517578,113.4000015258789,113.43000030517578,3193100,96.90579986572266
2019-10-08,113.81999969482422,113.87000274658203,113.4800033569336,113.66999816894531,4304900,97.1108169555664
2019-10-09,113.55000305175781,113.55000305175781,113.19999694824219,113.37999725341797,3336800,96.8630599975586
2019-10-10,113.05999755859375,113.08000183105469,112.55999755859375,112.66999816894531,3924400,96.25650787353516
2019-10-11,112.12999725341797,112.18000030517578,111.72000122070312,111.9000015258789,8685300,95.598663330078125
2019-10-14,112.25,112.29000091552734,112.16000366210938,112.20999908447266,1932200,95.8635025024414
2019-10-15,112.16000366210938,112.23999786376953,111.63999938964844,111.66999816894531,6638500,95.40216827392578
2019-10-16,111.83999633789062,112.0199966430664,111.75,111.88999938964844,2755500,95.59012603759766
2019-10-17,111.80000305175781,112.08999633789062,111.72000122070312,111.8499984741211,3188700,95.55596923828125
2019-10-18,111.91999816894531,112.12000274658203,111.87000274658203,111.94999694824219,2406400,95.6413803100586
2019-10-21,111.66000366210938,111.79000091552734,111.51000213623047,111.54000091552734,1735300,95.2911148071289
2019-10-22,111.80999755859375,111.8499984741211,111.5,111.80000305175781,3334400,95.51323699951172
2019-10-23,112.0199966430664,112.06999969482422,111.79000091552734,111.83999633789062,3305600,95.5473861694336
2019-10-24,111.88999938964844,112.06999969482422,111.77999877929688,111.81999969482422,2645400,95.530303955078125
2019-10-25,111.9000015258789,111.91999816894531,111.41999816894531,111.58000183105469,2381000,95.32524871826172
2019-10-28,111.19000244140625,111.22000122070312,111.05000305175781,111.16000366210938,5837600,94.96649169921875
2019-10-29,111.30000305175781,111.3499984741211,111.1500015258789,111.26000213623047,2199500,95.05191802978516
2019-10-30,111.3499984741211,111.80999755859375,111.30999755859375,111.80000305175781,5276700,95.51323699951172
2019-10-31,112.11000061035156,112.58000183105469,112.06999969482422,112.51000213623047,5540700,96.11980438232422
2019-11-01,112.18000030517578,112.41999816894531,111.87999725341797,112.12999725341797,8149400,95.93842315673828
2019-11-04,111.62999725341797,111.69000244140625,111.5,111.55999755859375,4145200,95.450714111328125
2019-11-05,111.12999725341797,111.16999816894531,110.8499984741211,110.95999908447266,6853500,94.93737030029297
2019-11-06,111.19000244140625,111.38999938964844,110.9800033569336,111.27999877929688,4129800,95.21117401123047
2019-11-07,110.70999908447266,110.70999908447266,109.9800033569336,110.38999938964844,5890100,94.44969177246094
2019-11-08,110.29000091552734,110.63999938964844,110.23999786376953,110.23999786376953,3037300,94.32133483886719
2019-11-11,110.48999786376953,110.5199966430664,110.23999786376953,110.36000061035156,1563000,94.42401123046875
2019-11-12,110.3499984741211,110.5,110.18000030517578,110.41000366210938,4446200,94.46678924560547
2019-11-13,110.81999969482422,110.86000061035156,110.62999725341797,110.70999908447266,2475200,94.72344970703125
2019-11-14,111.19000244140625,111.4000015258789,111.13999938964844,111.2699966430664,3189600,95.20258331298828
2019-11-15,111.08999633789062,111.29000091552734,111.08000183105469,111.18000030517578,2104500,95.125579833984375
2019-11-18,111.36000061035156,111.48999786376953,111.33000183105469,111.37000274658203,1893600,95.28819274902344
2019-11-19,111.38999938964844,111.62000274658203,111.38999938964844,111.58000183105469,8306500,95.46781158447266
2019-11-20,111.80000305175781,112.0199966430664,111.72000122070312,111.98999786376953,3838000,95.81864929199219
2019-11-21,111.72000122070312,111.83000183105469,111.56999969482422,111.70999908447266,3034700,95.579071044921875
2019-11-22,111.7699966430664,111.80999755859375,111.5999984741211,111.69000244140625,1879700,95.56195068359375
2019-11-25,111.69999694824219,111.77999877929688,111.68000030517578,111.73999786376953,3573100,95.60475158691406
2019-11-26,111.91000366210938,111.98999786376953,111.8499984741211,111.94999694824219,3579300,95.78440856933594
2019-11-27,111.72000122070312,111.7699966430664,111.61000061035156,111.66000366210938,2351800,95.5362777709961
2019-11-29,111.62000274658203,111.62999725341797,111.44000244140625,111.56999969482422,2882300,95.45930480957031
2019-12-02,110.87000274658203,111.12000274658203,110.80999755859375,111.01000213623047,6826400,95.11656951904297
2019-12-03,111.58000183105469,112.16999816894531,111.56999969482422,112,6561900,95.96483612060547
2019-12-04,111.7699966430664,111.86000061035156,111.38999938964844,111.56999969482422,2072200,95.59639739990234
2019-12-05,111.1500015258789,111.41999816894531,111.13999938964844,111.30999755859375,3062000,95.37360382080078
2019-12-06,110.87999725341797,111.19000244140625,110.83000183105469,110.97000122070312,2717400,95.08226013183594
2019-12-09,111.20999908447266,111.22000122070312,111.04000091552734,111.05999755859375,1928500,95.159423828125
2019-12-10,111.1500015258789,111.19000244140625,110.91000366210938,110.93000030517578,1707000,95.04801177978516
2019-12-11,111.0999984741211,111.47000122070312,111.08000183105469,111.38999938964844,2462600,95.442138671875
2019-12-12,111.27999877929688,111.30000305175781,110.30999755859375,110.51000213623047,5490400,94.688140869140625
2019-12-13,110.80999755859375,111.2300033569336,110.4800033569336,111.16000366210938,4162000,95.245086669921875
2019-12-16,110.87999725341797,110.87999725341797,110.56999969482422,110.63999938964844,3028500,94.79952239990234
2019-12-17,110.7699966430664,110.81999969482422,110.58000183105469,110.6500015258789,3471400,94.808074951171875
2019-12-18,110.58000183105469,110.61000061035156,110.2300033569336,110.3499984741211,2249500,94.551025390625
2019-12-19,110.12000274658203,110.41999816894531,110.08000183105469,110.27999877929688,1962500,94.62483215332031
2019-12-20,110.11000061035156,110.30000305175781,110.08000183105469,110.27999877929688,4660500,94.62483215332031
2019-12-23,110.30999755859375,110.37999725341797,110.08999633789062,110.18000030517578,1809400,94.5390396118164
2019-12-24,110.04000091552734,110.41000366210938,110.04000091552734,110.37000274658203,857600,94.70207214355469
2019-12-26,110.41000366210938,110.52999877929688,110.2699966430664,110.52999877929688,1285100,94.83934783935547
2019-12-27,110.62000274658203,110.7300033569336,110.62000274658203,110.69000244140625,1771100,94.97660827636719
2019-12-30,110.30999755859375,110.62000274658203,110.23999786376953,110.62000274658203,2035400,94.91657257080078
2019-12-31,110.44000244140625,110.48999786376953,110.20999908447266,110.22000122070312,2801600,94.5733413696289
2020-01-02,110.69000244140625,110.94999694824219,110.62999725341797,110.7300033569336,4022300,95.010986328125
2020-01-03,111.1500015258789,111.48999786376953,111.04000091552734,111.47000122070312,3839600,95.64588928222656
2020-01-06,111.66000366210938,111.66999816894531,111.26000213623047,111.3499984741211,2714300,95.54291534423828
2020-01-07,111.33000183105469,111.43000030517578,111.19000244140625,111.19000244140625,2038800,95.405670166015625
2020-01-08,111.29000091552734,111.41999816894531,110.79000091552734,110.93000030517578,5081100,95.18257141113281
2020-01-09,110.68000030517578,111.04000091552734,110.62999725341797,111.01000213623047,3680600,95.251251220703125
2020-01-10,111.08999633789062,111.31999969482422,111.08999633789062,111.25,2600000,95.45713806152344
2020-01-13,111.11000061035156,111.13999938964844,110.9800033569336,111.12000274658203,2672600,95.3456039428711
2020-01-14,111.18000030517578,111.36000061035156,111.16000366210938,111.33999633789062,2376300,95.53433990478516
2020-01-15,111.55000305175781,111.62000274658203,111.43000030517578,111.62000274658203,2734800,95.77461242675781
2020-01-16,111.44999694824219,111.51000213623047,111.30000305175781,111.38999938964844,2200500,95.5772705078125
2020-01-17,111.12999725341797,111.30000305175781,111.08999633789062,111.30000305175781,2627000,95.50001525878906
2020-01-21,111.55000305175781,111.77999877929688,111.54000091552734,111.73999786376953,2355600,95.8775634765625
2020-01-22,111.73999786376953,111.81999969482422,111.68000030517578,111.76000213623047,1787600,95.894744873046875
2020-01-23,112.02999877929688,112.23999786376953,111.98999786376953,112.04000091552734,1891300,96.13496398925781
2020-01-24,112.18000030517578,112.61000061035156,112.16000366210938,112.44000244140625,7932600,96.47823333740234
2020-01-27,113.19000244140625,113.20999908447266,113.02999877929688,113.19999694824219,3824600,97.13030242919922
2020-01-28,113.08999633789062,113.12000274658203,112.77999877929688,112.81999969482422,1923600,96.80426025390625
2020-01-29,112.97000122070312,113.41000366210938,112.97000122070312,113.36000061035156,2429500,97.267608642578125
2020-01-30,113.55000305175781,113.83000183105469,113.4000015258789,113.47000122070312,4405500,97.361968994140625
2020-01-31,113.72000122070312,114.12000274658203,113.69000244140625,114.04000091552734,9764500,97.85106658935547
2020-02-03,113.61000061035156,113.83999633789062,113.31999969482422,113.79000091552734,5722100,97.7677001953125
2020-02-04,113.23999786376953,113.25,112.95999908447266,113.12999725341797,2569600,97.200653076171875
2020-02-05,112.70999908447266,112.87000274658203,112.62000274658203,112.63999938964844,9027500,96.7796401977539
2020-02-06,112.61000061035156,112.80000305175781,112.55999755859375,112.72000122070312,1697100,96.84838104248047
2020-02-07,113.18000030517578,113.36000061035156,113.08999633789062,113.26000213623047,6177900,97.3123779296875
2020-02-10,113.5,113.62000274658203,113.37000274658203,113.4800033569336,1909100,97.50135803222656
2020-02-11,113.33000183105469,113.37000274658203,113.13999938964844,113.20999908447266,1657100,97.2693862915039
2020-02-12,112.97000122070312,112.98999786376953,112.83000183105469,112.91999816894531,1473800,97.02021789550781
2020-02-13,112.9800033569336,113.13999938964844,112.94000244140625,113.0199966430664,1868000,97.10613250732422
2020-02-14,113.2699966430664,113.37000274658203,113.20999908447266,113.30000305175781,2043600,97.34675598144531
2020-02-18,113.44999694824219,113.6500015258789,113.3499984741211,113.4800033569336,8356600,97.50135803222656
2020-02-19,113.36000061035156,113.51000213623047,113.30000305175781,113.45999908447266,1681800,97.484222412109375
2020-02-20,113.62999725341797,113.94000244140625,113.62000274658203,113.79000091552734,3452900,97.7677001953125
2020-02-21,114.08999633789062,114.52999877929688,114.08000183105469,114.25,5381000,98.1629638671875
2020-02-24,115.19999694824219,115.29000091552734,115.0199966430664,115.13999938964844,6803600,98.92766571044922
2020-02-25,115.11000061035156,115.70999908447266,115.08000183105469,115.45999908447266,10014300,99.20259857177734
2020-02-26,115.20999908447266,115.79000091552734,115.08999633789062,115.4000015258789,19649400,99.15103912353516
2020-02-27,116.13999938964844,116.33999633789062,115.58000183105469,115.95999908447266,8629700,99.632171630859375
2020-02-28,116.88999938964844,117.44999694824219,116.76000213623047,117.26000213623047,13437000,100.7491455078125
2020-03-02,117.55000305175781,117.94000244140625,116.97000122070312,117.04000091552734,19402100,100.68033599853516
2020-03-03,117.16000366210938,119.29000091552734,117.02999877929688,118.4000015258789,11462300,101.8502197265625
2020-03-04,118.56999969482422,118.91000366210938,118.05000305175781,118.13999938964844,7627100,101.62657165527344
2020-03-05,119,119.31999969482422,118.91999816894531,119.19000244140625,5284200,102.52979278564453
2020-03-06,120.9800033569336,121.30999755859375,120.08999633789062,120.4000015258789,11614800,103.57069396972656
2020-03-09,123.25,123.41000366210938,121.44999694824219,121.4800033569336,24791700,104.49970245361328
2020-03-10,120.87999725341797,121.76000213623047,119.25,119.25,15072900,102.58138275146484
2020-03-11,120.2699966430664,120.58999633789062,117.5999984741211,118.05999755859375,13316100,101.5577392578125
2020-03-12,120.1500015258789,120.7699966430664,114.4000015258789,118.12000274658203,10671600,101.60939025878906
2020-03-13,117.80000305175781,118.9800033569336,117.01000213623047,117.3499984741211,8697200,100.94695281982422
2020-03-16,120.02999877929688,120.68000030517578,119,120.44999694824219,6971700,103.6136703491211
2020-03-17,119.91000366210938,120.29000091552734,117.41999816894531,117.43000030517578,5680300,101.01583862304688
2020-03-18,116.5999984741211,117.80000305175781,115.33999633789062,115.80000305175781,13256300,99.61363983154297
2020-03-19,116.13999938964844,117.62999725341797,115.91999816894531,116.18000030517578,6702900,99.940521240234375
2020-03-20,117.63999938964844,119.87999725341797,117.41000366210938,119.13999938964844,9641600,102.48680114746094
2020-03-23,119.44999694824219,121.05999755859375,119.44999694824219,120.55000305175781,12234700,103.69965362548828
2020-03-24,119.5199966430664,119.97000122070312,119.26000213623047,119.7300033569336,5235500,102.99432373046875
2020-03-25,119.76000213623047,120.26000213623047,119.4000015258789,119.80000305175781,5527600,103.05451965332031
2020-03-26,120.19000244140625,120.5,119.91000366210938,120.08999633789062,3384400,103.3039779663086
2020-03-27,120.80999755859375,121.38999938964844,120.68000030517578,120.9800033569336,5282300,104.06959533691406
2020-03-30,121.79000091552734,122.08999633789062,121.18000030517578,121.26000213623047,4649400,104.31043243408203
2020-03-31,121.44999694824219,121.80999755859375,121.30999755859375,121.4800033569336,6356500,104.49970245361328
2020-04-01,122.12999725341797,122.26000213623047,121.7300033569336,121.83000183105469,9256400,104.9251708984375
2020-04-02,122.16999816894531,122.22000122070312,121.66999816894531,121.8499984741211,4789400,104.94237518310547
2020-04-03,122.04000091552734,122.29000091552734,121.81999969482422,121.94000244140625,3441100,105.0198974609375
2020-04-06,121.52999877929688,121.5999984741211,121.27999877929688,121.38999938964844,4697500,104.54621124267578
2020-04-07,120.55000305175781,120.88999938964844,120.2699966430664,120.8499984741211,9340600,104.08112335205078
2020-04-08,120.5999984741211,120.87000274658203,120.45999908447266,120.69999694824219,3341000,103.95195770263672
2020-04-09,120.63999938964844,121.11000061035156,120.52999877929688,120.95999908447266,4543600,104.1758804321289
2020-04-13,120.8499984741211,121.0199966430664,120.66999816894531,120.69999694824219,2103100,103.95195770263672
2020-04-14,120.83999633789062,121.05000305175781,120.80000305175781,120.86000061035156,2180100,104.08977508544922
2020-04-15,121.5199966430664,122.02999877929688,121.4800033569336,121.94000244140625,3137400,105.0198974609375
2020-04-16,122.11000061035156,122.25,121.98999786376953,122.06999969482422,1901600,105.1318130493164
2020-04-17,121.97000122070312,122.30000305175781,121.63999938964844,121.75,2375000,104.85628509521484
2020-04-20,121.9800033569336,122.08000183105469,121.79000091552734,122.06999969482422,4230700,105.1318130493164
2020-04-21,122.56999969482422,122.69000244140625,122.30000305175781,122.41000366210938,3287700,105.42466735839844
2020-04-22,122.12999725341797,122.25,121.80999755859375,122.02999877929688,3168700,105.0973892211914
2020-04-23,121.97000122070312,122.13999938964844,121.87000274658203,122.11000061035156,2345900,105.16632843017578
2020-04-24,121.88999938964844,122.1500015258789,121.87999725341797,122.13999938964844,2373500,105.19214630126953
2020-04-27,121.8499984741211,121.87999725341797,121.45999908447266,121.48999786376953,2508100,104.63233184814453
2020-04-28,121.75,122.08999633789062,121.73999786376953,122.0199966430664,2847600,105.08879089355469
2020-04-29,122.02999877929688,122.20999908447266,121.70999908447266,121.95999908447266,2600100,105.03713989257812
2020-04-30,122.05000305175781,122.26000213623047,121.66999816894531,121.66999816894531,5371500,104.7873306274414
2020-05-01,121.79000091552734,121.91000366210938,121.56999969482422,121.70999908447266,8357700,104.93221282958984
2020-05-04,121.68000030517578,121.81999969482422,121.55000305175781,121.7300033569336,3580500,104.94943237304688
2020-05-05,121.44999694824219,121.68000030517578,121.37000274658203,121.63999938964844,3487600,104.87183380126953
2020-05-06,120.98999786376953,121.27999877929688,120.8499984741211,121.19000244140625,3279500,104.4839096069336
2020-05-07,121.30000305175781,121.9800033569336,121.26000213623047,121.93000030517578,3252800,105.12185668945312
2020-05-08,121.62000274658203,121.9800033569336,121.44000244140625,121.52999877929688,3486800,104.77698516845703
2020-05-11,121.51000213623047,121.58000183105469,121.08999633789062,121.19000244140625,4569400,104.4839096069336
2020-05-12,121.12999725341797,121.62999725341797,121.11000061035156,121.58999633789062,4267700,104.82874298095703
2020-05-13,121.73999786376953,121.98999786376953,121.6500015258789,121.83999633789062,2615800,105.0442886352539
2020-05-14,122.05000305175781,122.20999908447266,121.9800033569336,122.02999877929688,2257600,105.20806884765625
2020-05-15,122.19999694824219,122.2300033569336,121.86000061035156,121.94999694824219,1828900,105.13909912109375
2020-05-18,121.66000366210938,121.66999816894531,121.05999755859375,121.19999694824219,3091200,104.49250793457031
2020-05-19,121.16999816894531,121.55999755859375,121.16999816894531,121.54000091552734,1941700,104.78565979003906
2020-05-20,121.37000274658203,121.70999908447266,121.27999877929688,121.56999969482422,2366700,104.81148529052734
2020-05-21,121.69000244140625,121.8499984741211,121.5999984741211,121.6500015258789,2063800,104.88047790527344
2020-05-22,121.70999908447266,121.87999725341797,121.69000244140625,121.87999725341797,1352400,105.07874298095703
2020-05-26,121.5,121.62999725341797,121.38999938964844,121.55999755859375,3484800,104.80286407470703
2020-05-27,121.48999786376953,121.83999633789062,121.4800033569336,121.66000366210938,2542900,104.88909912109375
2020-05-28,121.44000244140625,121.61000061035156,121.37000274658203,121.55000305175781,3873900,104.79425811767578
2020-05-29,121.75,121.98999786376953,121.62999725341797,121.94000244140625,2993800,105.13050079345703
2020-06-01,121.62000274658203,121.7699966430664,121.48999786376953,121.7699966430664,8531700,105.08904266357422
2020-06-02,121.62999725341797,121.73999786376953,121.48999786376953,121.56999969482422,4711800,104.91645812988281
2020-06-03,121.16999816894531,121.19000244140625,120.75,120.8499984741211,4226600,104.29507446289062
2020-06-04,120.66000366210938,120.66999816894531,120.30999755859375,120.37000274658203,4744100,103.88084411621094
2020-06-05,119.5999984741211,119.80999755859375,119.3499984741211,119.7699966430664,10611700,103.36305236816406
2020-06-08,119.66999816894531,120.01000213623047,119.66000366210938,119.9000015258789,3314700,103.47523498535156
2020-06-09,120.37000274658203,120.52999877929688,120.25,120.33000183105469,3238600,103.8463134765625
2020-06-10,120.61000061035156,121.2300033569336,120.55000305175781,121.2300033569336,4944600,104.62303161621094
2020-06-11,121.68000030517578,121.8499984741211,121.58999633789062,121.66000366210938,6365800,104.99413299560547
2020-06-12,121.44000244140625,121.66000366210938,121.33000183105469,121.38999938964844,3051000,104.76112365722656
2020-06-15,121.66000366210938,121.73999786376953,121.29000091552734,121.29000091552734,2658000,104.67485046386719
2020-06-16,120.83999633789062,121.2699966430664,120.7300033569336,121.04000091552734,5252000,104.45905303955078
2020-06-17,121.16000366210938,121.2699966430664,120.97000122070312,121.2300033569336,2308300,104.62303161621094
2020-06-18,121.51000213623047,121.55999755859375,121.41999816894531,121.5,1694600,104.85607147216797
2020-06-19,121.2300033569336,121.61000061035156,121.2300033569336,121.54000091552734,2033200,104.89059448242188
2020-06-22,121.66000366210938,121.70999908447266,121.37000274658203,121.43000030517578,2284900,104.795654296875
2020-06-23,121.30999755859375,121.43000030517578,121.23999786376953,121.38999938964844,2010600,104.76112365722656
2020-06-24,121.29000091552734,121.66000366210938,121.29000091552734,121.62000274658203,2310700,104.95960235595703
2020-06-25,121.80000305175781,121.83000183105469,121.61000061035156,121.63999938964844,1650900,104.97688293457031
2020-06-26,121.80000305175781,122.06999969482422,121.77999877929688,121.97000122070312,3413900,105.26168060302734
2020-06-29,121.93000030517578,122.13999938964844,121.91999816894531,122.08999633789062,28632400,105.36526489257812
2020-06-30,122.1500015258789,122.19000244140625,121.79000091552734,121.87000274658203,4126700,105.17536163330078
2020-07-01,121.52999877929688,121.66000366210938,121.3499984741211,121.56999969482422,8416500,105.01123809814453
2020-07-02,121.44000244140625,121.73999786376953,121.3499984741211,121.72000122070312,3054100,105.14083862304688
2020-07-06,121.41000366210938,121.55999755859375,121.29000091552734,121.54000091552734,2821900,104.9853515625
2020-07-07,121.62999725341797,121.94000244140625,121.56999969482422,121.93000030517578,2920400,105.32221221923828
2020-07-08,121.72000122070312,121.87000274658203,121.61000061035156,121.73999786376953,2096700,105.15811157226562
2020-07-09,121.7699966430664,122.23999786376953,121.76000213623047,122.12999725341797,2769400,105.49495697021484
2020-07-10,122.25,122.29000091552734,121.8499984741211,121.88999938964844,1939000,105.28767395019531
2020-07-13,121.70999908447266,122.04000091552734,121.68000030517578,122.0199966430664,2051100,105.39995574951172
2020-07-14,122.18000030517578,122.2300033569336,121.98999786376953,122.01000213623047,1721500,105.39131927490234
2020-07-15,121.83000183105469,122.08999633789062,121.81999969482422,121.97000122070312,2085400,105.35677337646484
2020-07-16,122.16000366210938,122.25,122.05999755859375,122.05999755859375,1907100,105.43451690673828
2020-07-17,122.12000274658203,122.1500015258789,121.97000122070312,122.02999877929688,2405200,105.40859985351562
2020-07-20,122.19999694824219,122.22000122070312,122.0199966430664,122.11000061035156,2695900,105.47769927978516
2020-07-21,122.16000366210938,122.27999877929688,122.12000274658203,122.23999786376953,3228400,105.59001159667969
2020-07-22,122.38999938964844,122.38999938964844,122.23999786376953,122.27999877929688,2431500,105.6245346069336
2020-07-23,122.43000030517578,122.44999694824219,122.29000091552734,122.4000015258789,2006500,105.72817993164062
2020-07-24,122.30000305175781,122.43000030517578,122.2699966430664,122.33999633789062,3395600,105.67633819580078
2020-07-27,122.44000244140625,122.45999908447266,122.12000274658203,122.1500015258789,1976500,105.51225280761719
2020-07-28,122.30000305175781,122.47000122070312,122.26000213623047,122.44000244140625,1870300,105.76276397705078
2020-07-29,122.44999694824219,122.5999984741211,122.30999755859375,122.5999984741211,1874200,105.90097045898438
2020-07-30,122.75,122.77999877929688,122.66999816894531,122.7699966430664,28331800,106.04781341552734
2020-07-31,122.63999938964844,122.88999938964844,122.58999633789062,122.80000305175781,4039200,106.07369232177734
2020-08-03,122.5199966430664,122.6500015258789,122.45999908447266,122.63999938964844,6595900,106.02184295654297
2020-08-04,122.83000183105469,123.08999633789062,122.79000091552734,123.05999755859375,3842000,106.38493347167969
2020-08-05,122.75,122.77999877929688,122.61000061035156,122.6500015258789,2423700,106.0304946899414
2020-08-06,122.88999938964844,123.05999755859375,122.7300033569336,122.79000091552734,2286500,106.15150451660156
2020-08-07,122.83000183105469,122.9000015258789,122.48999786376953,122.52999877929688,2363400,105.9267349243164
2020-08-10,122.69999694824219,122.72000122070312,122.4000015258789,122.4000015258789,1994900,105.81432342529297
2020-08-11,121.95999908447266,122.04000091552734,121.69000244140625,121.9800033569336,7166500,105.45126342773438
2020-08-12,121.6500015258789,121.76000213623047,121.47000122070312,121.62000274658203,5538100,105.14004516601562
2020-08-13,121.5999984741211,121.70999908447266,121.25,121.37000274658203,5748400,104.92391967773438
2020-08-14,121.4800033569336,121.58999633789062,121.41999816894531,121.43000030517578,2722800,104.9758071899414
2020-08-17,121.69000244140625,121.83000183105469,121.5999984741211,121.62999725341797,3357700,105.14871978759766
2020-08-18,121.76000213623047,121.91999816894531,121.69000244140625,121.83999633789062,1853600,105.33023071289062
2020-08-19,121.9000015258789,121.97000122070312,121.6500015258789,121.68000030517578,4493800,105.1919174194336
2020-08-20,122.05000305175781,122.08000183105469,121.94999694824219,122.02999877929688,2880300,105.49449920654297
2020-08-21,122.11000061035156,122.1500015258789,121.91999816894531,122.12000274658203,2103700,105.57229614257812
2020-08-24,122.08999633789062,122.20999908447266,121.93000030517578,121.94999694824219,1974900,105.42532348632812
2020-08-25,121.55999755859375,121.72000122070312,121.38999938964844,121.66000366210938,3562800,105.17463684082031
2020-08-26,121.54000091552734,121.66999816894531,121.37999725341797,121.61000061035156,3337400,105.13140869140625
2020-08-27,121.87000274658203,121.87000274658203,121.18000030517578,121.18000030517578,4672900,104.7596664428711
2020-08-28,121.41000366210938,121.52999877929688,121.26000213623047,121.37999725341797,2277200,104.93256378173828
2020-08-31,121.4000015258789,121.70999908447266,121.37999725341797,121.51000213623047,3273300,105.0449447631836
2020-09-01,121.4000015258789,121.81999969482422,121.30000305175781,121.81999969482422,4622900,105.3892593383789
2020-09-02,121.72000122070312,122.04000091552734,121.69999694824219,121.98999786376953,3013400,105.53633880615234
2020-09-03,122.08000183105469,122.38999938964844,122.0199966430664,122.1500015258789,5750500,105.67475891113281
2020-09-04,121.83000183105469,121.91999816894531,121.37999725341797,121.47000122070312,7512800,105.08650970458984
2020-09-08,121.73999786376953,121.91999816894531,121.69999694824219,121.7300033569336,3442700,105.31141662597656
2020-09-09,121.76000213623047,121.83000183105469,121.54000091552734,121.66999816894531,3964300,105.2594985961914
2020-09-10,121.51000213623047,121.83999633789062,121.44000244140625,121.81999969482422,3164200,105.3892593383789
2020-09-11,121.87999725341797,122.01000213623047,121.83999633789062,122.01000213623047,4905000,105.55364227294922
2020-09-14,122.0199966430664,122.0999984741211,121.83000183105469,121.9000015258789,1797100,105.4584732055664
2020-09-15,121.83000183105469,121.9000015258789,121.76000213623047,121.83999633789062,2897600,105.40658569335938
2020-09-16,122,122,121.66000366210938,121.7699966430664,4015700,105.34602355957031
2020-09-17,122.05000305175781,122.05000305175781,121.7699966430664,121.80999755859375,3426800,105.3806381225586
2020-09-18,121.8499984741211,121.87999725341797,121.69999694824219,121.69999694824219,5606900,105.28544616699219
2020-09-21,122.01000213623047,122.1500015258789,121.9000015258789,121.91999816894531,5838100,105.47579956054688
2020-09-22,121.91999816894531,122.02999877929688,121.87999725341797,121.91999816894531,3387900,105.47579956054688
2020-09-23,121.91999816894531,121.95999908447266,121.76000213623047,121.91999816894531,3172000,105.47579956054688
2020-09-24,121.97000122070312,122.0199966430664,121.91000366210938,121.9800033569336,2866900,105.52769470214844
2020-09-25,122.05999755859375,122.12000274658203,122,122.08000183105469,2187400,105.61426544189453
2020-09-28,122.04000091552734,122.08000183105469,122,122.05999755859375,4167200,105.59688568115234
2020-09-29,122.12999725341797,122.22000122070312,122.08999633789062,122.1500015258789,2577100,105.67475891113281
2020-09-30,122.02999877929688,122.02999877929688,121.66000366210938,121.81999969482422,4276400,105.3892593383789
2020-10-01,121.52999877929688,121.9000015258789,121.43000030517578,121.80999755859375,8733800,105.44902038574219
2020-10-02,121.91000366210938,121.93000030517578,121.5999984741211,121.69000244140625,7509700,105.34513092041016
2020-10-05,121.3499984741211,121.36000061035156,120.91999816894531,120.91999816894531,6132200,104.67854309082031
2020-10-06,120.94999694824219,121.4000015258789,120.87000274658203,121.19999694824219,8516400,104.92092895507812
2020-10-07,120.97000122070312,121.0999984741211,120.77999877929688,120.8499984741211,7116700,104.61797332763672
2020-10-08,120.98999786376953,121.08999633789062,120.94000244140625,121.06999969482422,3499000,104.80838775634766
2020-10-09,120.97000122070312,121.12999725341797,120.77999877929688,121.01000213623047,4358500,104.75643920898438
2020-10-12,121.05999755859375,121.13999938964844,120.98999786376953,121.13999938964844,3287900,104.86900329589844
2020-10-13,121.2699966430664,121.43000030517578,121.2699966430664,121.41000366210938,6583300,105.10275268554688
2020-10-14,121.4800033569336,121.55000305175781,121.4000015258789,121.44999694824219,5200600,105.13733673095703
2020-10-15,121.58000183105469,121.5999984741211,121.29000091552734,121.31999969482422,3839200,105.02486419677734
2020-10-16,121.31999969482422,121.45999908447266,121.20999908447266,121.25,2726200,104.9642333984375
2020-10-19,121.0199966430664,121.12999725341797,120.9000015258789,121.05000305175781,3635800,104.7911148071289
2020-10-20,120.9000015258789,120.9800033569336,120.75,120.79000091552734,6129700,104.56600189208984
2020-10-21,120.63999938964844,120.76000213623047,120.55999755859375,120.62999725341797,6425300,104.42749786376953
2020-10-22,120.52999877929688,120.56999969482422,120.19999694824219,120.20999908447266,6749000,104.06392669677734
2020-10-23,120.19000244140625,120.48999786376953,120.18000030517578,120.37999725341797,5049900,104.21107482910156
2020-10-26,120.63999938964844,120.83000183105469,120.58999633789062,120.69999694824219,4817800,104.48807525634766
2020-10-27,120.87000274658203,121.01000213623047,120.81999969482422,120.97000122070312,3620100,104.72187805175781
2020-10-28,121.1500015258789,121.18000030517578,120.87999725341797,120.95999908447266,5586600,104.71314239501953
2020-10-29,120.91999816894531,120.94000244140625,120.37000274658203,120.44999694824219,7504800,104.27165222167969
2020-10-30,120.4000015258789,120.44999694824219,120.05999755859375,120.05999755859375,7246800,103.93405151367188
2020-11-02,120.33999633789062,120.41999816894531,120.12999725341797,120.19000244140625,7674300,104.11248779296875
2020-11-03,120.01000213623047,120.02999877929688,119.83000183105469,119.91999816894531,9203500,103.87860870361328
2020-11-04,120.93000030517578,121.05999755859375,120.77999877929688,120.93000030517578,14922300,104.7535400390625
2020-11-05,120.9800033569336,121.0199966430664,120.7699966430664,120.91000366210938,6250700,104.73621368408203
2020-11-06,120.52999877929688,120.58999633789062,120.36000061035156,120.5,10402200,104.38102722167969
2020-11-09,119.58999633789062,119.62999725341797,119.19000244140625,119.61000061035156,11195800,103.61009979248047
2020-11-10,119.22000122070312,119.5,119.20999908447266,119.2699966430664,4810500,103.3155517578125
2020-11-11,119.27999877929688,119.51000213623047,119.26000213623047,119.45999908447266,1699900,103.48017120361328
2020-11-12,119.81999969482422,120.1500015258789,119.77999877929688,120.13999938964844,6324000,104.06918334960938
2020-11-13,120.08999633789062,120.12999725341797,119.95999908447266,119.9800033569336,6766000,103.93059539794922
2020-11-16,119.9000015258789,120,119.87999725341797,119.88999938964844,3911400,103.8526382446289
2020-11-17,120.12000274658203,120.25,120.08999633789062,120.19999694824219,4707900,104.12114715576172
2020-11-18,120.27999877929688,120.27999877929688,119.98999786376953,120.16000366210938,7931200,104.0865249633789
2020-11-19,120.29000091552734,120.41000366210938,120.25,120.29000091552734,9323000,104.19911193847656
2020-11-20,120.3499984741211,120.5199966430664,120.33000183105469,120.5,16772200,104.38102722167969
2020-11-23,120.33999633789062,120.36000061035156,120.19999694824219,120.26000213623047,2511900,104.17314147949219
2020-11-24,120.16999816894531,120.19000244140625,120.01000213623047,120.06999969482422,4349300,104.00852966308594
2020-11-25,120.16000366210938,120.33000183105469,120.0999984741211,120.11000061035156,2125500,104.04320526123047
2020-11-27,120.30999755859375,120.47000122070312,120.30000305175781,120.47000122070312,2988100,104.35503387451172
2020-11-30,120.41999816894531,120.51000213623047,120.3499984741211,120.38999938964844,2390900,104.28577423095703
2020-12-01,119.97000122070312,120.01000213623047,119.52999877929688,119.66999816894531,13902200,103.73100280761719
2020-12-02,119.55999755859375,119.58000183105469,119.30000305175781,119.47000122070312,5578500,103.5576400756836
2020-12-03,119.6500015258789,119.9000015258789,119.5999984741211,119.79000091552734,4484900,103.83501434326172
2020-12-04,119.41000366210938,119.44000244140625,119.19999694824219,119.31999969482422,4709100,103.42761993408203
2020-12-07,119.61000061035156,119.76000213623047,119.58999633789062,119.69000244140625,4441600,103.74832916259766
2020-12-08,119.91000366210938,120.04000091552734,119.80000305175781,119.80999755859375,4735700,103.85234832763672
2020-12-09,119.58999633789062,119.7699966430664,119.47000122070312,119.63999938964844,3444100,103.70496368408203
2020-12-10,119.73999786376953,119.94999694824219,119.63999938964844,119.91000366210938,3557600,103.9390640258789
2020-12-11,120.08000183105469,120.2699966430664,120.05000305175781,120.1500015258789,4336600,104.14708709716797
2020-12-14,119.83999633789062,120.16000366210938,119.77999877929688,120.08000183105469,2870600,104.08641052246094
2020-12-15,119.93000030517578,120.02999877929688,119.83999633789062,119.95999908447266,2889200,103.98235321044922
2020-12-16,119.69000244140625,120,119.63999938964844,119.86000061035156,5058400,103.89567565917969
2020-12-17,119.98999786376953,120.06999969482422,119.62000274658203,119.69999694824219,3233200,103.82022857666016
2020-12-18,119.79000091552734,119.8499984741211,119.58000183105469,119.5999984741211,3189500,103.73346710205078
2020-12-21,119.79000091552734,119.83000183105469,119.58000183105469,119.68000030517578,2850500,103.80287170410156
2020-12-22,119.83000183105469,119.9000015258789,119.70999908447266,119.87999725341797,3688500,103.97633361816406
2020-12-23,119.6500015258789,119.66000366210938,119.41999816894531,119.62999725341797,3047100,103.75950622558594
2020-12-24,119.73999786376953,119.80000305175781,119.70999908447266,119.80000305175781,1529300,103.90696716308594
2020-12-28,119.61000061035156,119.80999755859375,119.54000091552734,119.80999755859375,3677500,103.91563415527344
2020-12-29,119.63999938964844,119.83000183105469,119.63999938964844,119.79000091552734,2157300,103.8982925415039
2020-12-30,119.73999786376953,119.87000274658203,119.7300033569336,119.87000274658203,2549100,103.9676742553711
2020-12-31,119.8499984741211,120,119.8499984741211,119.94999694824219,2626200,104.03702545166016
2021-01-04,119.68000030517578,120.05999755859375,119.6500015258789,119.9800033569336,5499000,104.06309509277344
2021-01-05,119.87000274658203,119.88999938964844,119.58000183105469,119.69999694824219,5004400,103.82022857666016
2021-01-06,119.12000274658203,119.12000274658203,118.7699966430664,119,10039300,103.21308135986328
2021-01-07,118.58000183105469,118.66000366210938,118.4800033569336,118.58000183105469,7751700,102.84883117675781
2021-01-08,118.3499984741211,118.43000030517578,118.12999725341797,118.23999786376953,8378700,102.5539321899414
2021-01-11,118.1500015258789,118.16000366210938,117.98999786376953,118.01000213623047,6061000,102.35444641113281
2021-01-12,117.7699966430664,118.04000091552734,117.56999969482422,117.98999786376953,6516600,102.33707427978516
2021-01-13,118.16999816894531,118.55000305175781,118.13999938964844,118.4000015258789,7562900,102.69266510009766
2021-01-14,118.38999938964844,118.47000122070312,118.02999877929688,118.12999725341797,8113000,102.45850372314453
2021-01-15,118.37999725341797,118.52999877929688,118.20999908447266,118.44999694824219,5978400,102.73606872558594
2021-01-19,118.27999877929688,118.5199966430664,118.2300033569336,118.5199966430664,4035700,102.7967758178711
2021-01-20,118.38999938964844,118.56999969482422,118.36000061035156,118.56999969482422,4277700,102.84011840820312
2021-01-21,118.37000274658203,118.4800033569336,118.30000305175781,118.4000015258789,4254500,102.69266510009766
2021-01-22,118.5,118.5999984741211,118.44000244140625,118.58000183105469,4706200,102.84883117675781
2021-01-25,118.75,119.05999755859375,118.70999908447266,119.05999755859375,5689200,103.26512145996094
2021-01-26,118.94000244140625,119.05999755859375,118.91999816894531,119.0199966430664,4257100,103.23043823242188
2021-01-27,119.22000122070312,119.33999633789062,119.12000274658203,119.16000366210938,5764700,103.35186767578125
2021-01-28,119,119.01000213623047,118.72000122070312,118.8499984741211,5394200,103.08300018310547
2021-01-29,118.51000213623047,118.79000091552734,118.47000122070312,118.63999938964844,7952100,102.9008560180664
2021-02-01,118.56999969482422,118.7699966430664,118.52999877929688,118.70999908447266,3640700,103.02930450439453
2021-02-02,118.33999633789062,118.45999908447266,118.30000305175781,118.41000366210938,3609800,102.76893615722656
2021-02-03,118.25,118.30999755859375,118.0999984741211,118.12000274658203,3844200,102.5172119140625
2021-02-04,117.9800033569336,118.12999725341797,117.88999938964844,118.08000183105469,2146000,102.4825210571289
2021-02-05,118.05000305175781,118.18000030517578,117.83000183105469,117.83000183105469,5498000,102.26555633544922
2021-02-08,117.80999755859375,118.04000091552734,117.73999786376953,117.87999725341797,2861300,102.30892181396484
2021-02-09,118.01000213623047,118.12999725341797,117.91999816894531,117.97000122070312,4458500,102.38704681396484
2021-02-10,118.0999984741211,118.2699966430664,118.08999633789062,118.2699966430664,6726800,102.64742279052734
2021-02-11,118.2699966430664,118.30999755859375,118.12999725341797,118.18000030517578,5949900,102.5693130493164
2021-02-12,117.88999938964844,118.0199966430664,117.75,117.79000091552734,8802400,102.2308120727539
2021-02-16,117.2699966430664,117.37999725341797,116.86000061035156,116.94000244140625,8909000,101.49310302734375
2021-02-17,117.0199966430664,117.16999816894531,116.87999725341797,117.0199966430664,4789700,101.5625228881836
2021-02-18,116.83000183105469,117.0999984741211,116.73999786376953,117.01000213623047,4469900,101.55387878417969
2021-02-19,116.66000366210938,116.7699966430664,116.37000274658203,116.54000091552734,5851800,101.14595794677734
2021-02-22,116.44999694824219,116.66999816894531,116.26000213623047,116.3499984741211,3828000,100.98103332519531
2021-02-23,116.2699966430664,116.58000183105469,116.16999816894531,116.44000244140625,7344900,101.05914306640625
2021-02-24,115.86000061035156,116.33999633789062,115.79000091552734,116.27999877929688,7133700,100.9202651977539
2021-02-25,115.61000061035156,115.72000122070312,114.0999984741211,114.7300033569336,35760600,99.5749740600586
2021-02-26,115.13999938964844,115.80999755859375,114.70999908447266,115.76000213623047,28188400,100.46896362304688
2021-03-01,115.47000122070312,115.69000244140625,115.25,115.55999755859375,9616500,100.3561019897461
2021-03-02,115.45999908447266,115.77999877929688,115.41000366210938,115.7699966430664,6271000,100.5384750366211
2021-03-03,115.22000122070312,115.23999786376953,114.93000030517578,115.1500015258789,8377300,99.99998474121094
2021-03-04,115.13999938964844,115.2699966430664,114.41000366210938,114.58000183105469,12327900,99.50502014160156
2021-03-05,114.12000274658203,114.56999969482422,114.0199966430664,114.41999816894531,8634600,99.366058349609375
2021-03-08,114.1500015258789,114.18000030517578,113.93000030517578,113.97000122070312,7416400,98.97528076171875
2021-03-09,114.47000122070312,114.61000061035156,114.29000091552734,114.51000213623047,7035000,99.444244384765625
2021-03-10,114.51000213623047,114.86000061035156,114.44999694824219,114.75,5683100,99.652679443359375
2021-03-11,114.73999786376953,114.87000274658203,114.54000091552734,114.70999908447266,7576500,99.61790466308594
2021-03-12,113.9800033569336,113.98999786376953,113.76000213623047,113.87999725341797,7332600,98.8970947265625
2021-03-15,113.94999694824219,114.12999725341797,113.91999816894531,114.0199966430664,4465500,99.01868438720703
2021-03-16,114.1500015258789,114.23999786376953,113.87000274658203,114,5479400,99.001312255859375
2021-03-17,113.56999969482422,114.05000305175781,113.36000061035156,113.80999755859375,8975900,98.83629608154297
2021-03-18,112.9000015258789,113.2300033569336,112.79000091552734,113.0999984741211,8281400,98.21973419189453
2021-03-19,112.86000061035156,113.19999694824219,112.83000183105469,113.02999877929688,8748100,98.15895080566406
2021-03-22,113.31999969482422,113.45999908447266,113.2300033569336,113.4000015258789,4679800,98.480255126953125
2021-03-23,113.6500015258789,113.9800033569336,113.56999969482422,113.95999908447266,7544000,98.96660614013672
2021-03-24,113.7300033569336,114.12999725341797,113.69999694824219,114.11000061035156,14634800,99.09685516357422
2021-03-25,114.16999816894531,114.23999786376953,113.79000091552734,113.95999908447266,10573800,98.96660614013672
2021-03-26,113.6500015258789,113.88999938964844,113.56999969482422,113.58000183105469,6409700,98.63658142089844
2021-03-29,113.68000030517578,113.69000244140625,113.08999633789062,113.19000244140625,6298000,98.29790496826172
2021-03-30,112.87999725341797,113.16000366210938,112.77999877929688,113.08999633789062,5784900,98.2110366821289
2021-03-31,113.05999755859375,113.19000244140625,112.79000091552734,112.93000030517578,8620000,98.0721206665039
2021-04-01,113.20999908447266,113.41999816894531,113.12999725341797,113.36000061035156,8535300,98.50660705566406
2021-04-05,112.97000122070312,113.12999725341797,112.80000305175781,113.04000091552734,9944500,98.22850036621094
2021-04-06,113.27999877929688,113.61000061035156,113.23999786376953,113.58999633789062,8765200,98.70642852783203
2021-04-07,113.56999969482422,113.80000305175781,113.4800033569336,113.5199966430664,6316800,98.6456069946289
2021-04-08,113.72000122070312,113.91999816894531,113.69999694824219,113.91000366210938,6334700,98.98453521728516
2021-04-09,113.54000091552734,113.81999969482422,113.44000244140625,113.61000061035156,5887400,98.72383880615234
2021-04-12,113.5199966430664,113.56999969482422,113.41999816894531,113.54000091552734,5466000,98.66301727294922
2021-04-13,113.56999969482422,114.01000213623047,113.54000091552734,114.01000213623047,7663800,99.07142639160156
2021-04-14,113.81999969482422,113.91000366210938,113.72000122070312,113.87000274658203,4876900,98.94974517822266
2021-04-15,114.2300033569336,114.7699966430664,114.2300033569336,114.5999984741211,9958500,99.58411407470703
2021-04-16,114.26000213623047,114.47000122070312,114.2300033569336,114.29000091552734,7334900,99.31470489501953
2021-04-19,114.0999984741211,114.36000061035156,114.04000091552734,114.16999816894531,5738600,99.2104263305664
2021-04-20,114.13999938964844,114.58999633789062,114.13999938964844,114.51000213623047,6468300,99.50591278076172
2021-04-21,114.5,114.62999725341797,114.33999633789062,114.56999969482422,7976500,99.55804443359375
2021-04-22,114.55999755859375,114.69000244140625,114.29000091552734,114.66000366210938,7681300,99.63623046875
2021-04-23,114.63999938964844,114.6500015258789,114.33000183105469,114.51000213623047,5509900,99.50591278076172
2021-04-26,114.45999908447266,114.55000305175781,114.38999938964844,114.38999938964844,7145300,99.40161895751953
2021-04-27,114.2300033569336,114.33000183105469,113.94000244140625,113.94000244140625,7720500,99.01055908203125
2021-04-28,113.94999694824219,114.11000061035156,113.66000366210938,114.08999633789062,8692900,99.14093017578125
2021-04-29,113.55000305175781,113.9000015258789,113.44000244140625,113.88999938964844,5547800,98.96710968017578
2021-04-30,113.94000244140625,114.02999877929688,113.7699966430664,113.98999786376953,5160000,99.05401611328125
2021-05-03,113.95999908447266,114.3499984741211,113.91999816894531,114.11000061035156,8593300,99.22273254394531
2021-05-04,114.33999633789062,114.55999755859375,114.19999694824219,114.26000213623047,11171000,99.35314178466797
2021-05-05,114.13999938964844,114.43000030517578,114.13999938964844,114.4000015258789,6810000,99.47486877441406
2021-05-06,114.31999969482422,114.58000183105469,114.30000305175781,114.44999694824219,6546200,99.51835632324219
2021-05-07,114.72000122070312,114.94999694824219,114.38999938964844,114.48999786376953,10657600,99.5531234741211
2021-05-10,114.54000091552734,114.62999725341797,114.20999908447266,114.26000213623047,5906800,99.35314178466797
2021-05-11,114.08999633789062,114.16999816894531,114.0199966430664,114.06999969482422,6591300,99.18791961669922
2021-05-12,113.6500015258789,113.7300033569336,113.47000122070312,113.5199966430664,14509800,98.70967102050781
2021-05-13,113.66000366210938,113.94000244140625,113.58999633789062,113.9000015258789,8242700,99.04012298583984
2021-05-14,114.06999969482422,114.19000244140625,113.94999694824219,114.1500015258789,7943100,99.25751495361328
2021-05-17,114.06999969482422,114.12000274658203,113.98999786376953,114.04000091552734,6711100,99.16184997558594
2021-05-18,114.02999877929688,114.08999633789062,113.91999816894531,114.04000091552734,4319600,99.16184997558594
2021-05-19,114.0199966430664,114.25,113.5999984741211,113.69999694824219,13156500,98.86622619628906
2021-05-20,113.9000015258789,114.18000030517578,113.87000274658203,114.16999816894531,8412700,99.27486419677734
2021-05-21,114.27999877929688,114.30999755859375,114.08000183105469,114.20999908447266,6648700,99.30967712402344
2021-05-24,114.2699966430664,114.43000030517578,114.22000122070312,114.31999969482422,4826000,99.40531158447266
2021-05-25,114.44000244140625,114.76000213623047,114.44000244140625,114.73999786376953,5748200,99.7705078125
2021-05-26,114.66000366210938,114.80999755859375,114.55999755859375,114.61000061035156,4501600,99.65748596191406
2021-05-27,114.36000061035156,114.41000366210938,114.19999694824219,114.41000366210938,5998100,99.48357391357422
2021-05-28,114.36000061035156,114.63999938964844,114.36000061035156,114.4000015258789,5575700,99.47486877441406
2021-06-01,114.19000244140625,114.31999969482422,114.05000305175781,114.30000305175781,9498100,99.45662689208984
2021-06-02,114.41999816894531,114.51000213623047,114.37000274658203,114.43000030517578,4269900,99.569732666015625
2021-06-03,114.33000183105469,114.33000183105469,114.08999633789062,114.13999938964844,3591200,99.31737518310547
2021-06-04,114.43000030517578,114.77999877929688,114.41000366210938,114.7699966430664,6326000,99.86556243896484
2021-06-07,114.62999725341797,114.72000122070312,114.5999984741211,114.68000030517578,3068500,99.7872543334961
2021-06-08,115.04000091552734,115.06999969482422,114.95999908447266,115.01000213623047,4760500,100.07442474365234
2021-06-09,115.41999816894531,115.55000305175781,115.22000122070312,115.37000274658203,5679300,100.38768005371094
2021-06-10,115.12000274658203,115.79000091552734,115.06999969482422,115.77999877929688,6494800,100.74439239501953
2021-06-11,115.69999694824219,115.72000122070312,115.51000213623047,115.61000061035156,3914200,100.59649658203125
2021-06-14,115.48999786376953,115.5,115.19999694824219,115.25,3730900,100.28324127197266
2021-06-15,115.19000244140625,115.29000091552734,115.12999725341797,115.2699966430664,4212700,100.30062103271484
2021-06-16,115.31999969482422,115.37999725341797,114.30999755859375,114.4800033569336,13529000,99.613250732421875
2021-06-17,114.66000366210938,115.26000213623047,114.58000183105469,114.88999938964844,8838100,99.970001220703125
2021-06-18,115.04000091552734,115.58000183105469,114.80999755859375,115.54000091552734,13435000,100.53557586669922
2021-06-21,115.26000213623047,115.3499984741211,115.08000183105469,115.16999816894531,6460000,100.213623046875
2021-06-22,115.04000091552734,115.41000366210938,115.01000213623047,115.37999725341797,5459700,100.39634704589844
2021-06-23,115.25,115.37000274658203,115.0999984741211,115.1500015258789,5429800,100.19622802734375
2021-06-24,115.1500015258789,115.27999877929688,115.08000183105469,115.12999725341797,3631700,100.1788330078125
2021-06-25,115.20999908447266,115.25,114.69000244140625,114.88999938964844,6716800,99.970001220703125
2021-06-28,115.11000061035156,115.36000061035156,115.0999984741211,115.25,4968900,100.28324127197266
2021-06-29,115.0999984741211,115.31999969482422,115.08999633789062,115.30999755859375,3373200,100.33545684814453
2021-06-30,115.4800033569336,115.66000366210938,115.45999908447266,115.48999786376953,6572800,100.49208068847656
2021-07-01,115.37999725341797,115.44999694824219,115.16999816894531,115.33000183105469,11966200,100.41979217529297
2021-07-02,115.47000122070312,115.75,115.44000244140625,115.75,5071900,100.78550720214844
2021-07-06,115.88999938964844,116.44000244140625,115.88999938964844,116.36000061035156,9095300,101.3166732788086
2021-07-07,116.58000183105469,116.91000366210938,116.47000122070312,116.69999694824219,7456400,101.61270904541016
2021-07-08,116.91999816894531,117.19000244140625,116.81999969482422,117,7368000,101.8739242553711
2021-07-09,116.5199966430664,116.54000091552734,116.4000015258789,116.41000366210938,5531200,101.36019134521484
2021-07-12,116.51000213623047,116.55999755859375,116.26000213623047,116.3499984741211,3867700,101.30794525146484
2021-07-13,116.41000366210938,116.52999877929688,115.88999938964844,115.98999786376953,6926500,100.99449920654297
2021-07-14,116.30999755859375,116.5199966430664,116.20999908447266,116.48999786376953,6029200,101.42980194091797
2021-07-15,116.79000091552734,117.04000091552734,116.52999877929688,116.9800033569336,5704500,101.85648345947266
2021-07-16,116.66999816894531,116.9800033569336,116.66000366210938,116.95999908447266,3577900,101.83908081054688
2021-07-19,117.73999786376953,118.11000061035156,117.68000030517578,117.95999908447266,20557500,102.70980834960938
2021-07-20,118.47000122070312,118.5199966430664,117.70999908447266,117.80999755859375,8729000,102.57915496826172
2021-07-21,117.33000183105469,117.41000366210938,117.0199966430664,117.12999725341797,7438300,101.98709106445312
2021-07-22,117.12999725341797,117.63999938964844,117.12000274658203,117.4000015258789,6363500,102.22216033935547
2021-07-23,116.9800033569336,117.25,116.97000122070312,117.22000122070312,6804600,102.06548309326172
2021-07-26,117.4000015258789,117.41999816894531,117.12000274658203,117.13999938964844,6179600,101.99580383300781
2021-07-27,117.62000274658203,117.70999908447266,117.51000213623047,117.63999938964844,8621200,102.4311752319336
2021-07-28,117.41999816894531,117.75,117.26000213623047,117.73999786376953,11533500,102.51821899414062
2021-07-29,117.30999755859375,117.52999877929688,117.27999877929688,117.37999725341797,6203800,102.20476531982422
2021-07-30,117.58000183105469,117.77999877929688,117.56999969482422,117.70999908447266,5656400,102.49209594726562
2021-08-02,117.81999969482422,118.37999725341797,117.70999908447266,118.1500015258789,19495800,102.94172668457031
2021-08-03,118.18000030517578,118.37000274658203,118.12000274658203,118.18000030517578,6627300,102.96784210205078
2021-08-04,118.52999877929688,118.62999725341797,117.77999877929688,118.1500015258789,7545000,102.94172668457031
2021-08-05,117.9000015258789,117.95999908447266,117.63999938964844,117.72000122070312,5164600,102.56703186035156
2021-08-06,117.13999938964844,117.25,117,117.02999877929688,7807600,101.96589660644531
2021-08-09,117.19999694824219,117.30999755859375,116.77999877929688,116.77999877929688,10842500,101.748046875
2021-08-10,116.87000274658203,116.87999725341797,116.55000305175781,116.55999755859375,7192400,101.55635833740234
2021-08-11,116.63999938964844,116.98999786376953,116.44000244140625,116.69000244140625,7254300,101.66964721679688
2021-08-12,116.56999969482422,116.69999694824219,116.43000030517578,116.56999969482422,6932200,101.5650863647461
2021-08-13,116.75,117.23999786376953,116.7300033569336,117.23999786376953,6896500,102.14881896972656
2021-08-16,117.55000305175781,117.81999969482422,117.5,117.5,6928100,102.3753662109375
2021-08-17,117.4800033569336,117.69999694824219,117.41999816894531,117.44000244140625,7785500,102.32308959960938
2021-08-18,117.38999938964844,117.48999786376953,117.12999725341797,117.37999725341797,7025800,102.27079010009766
2021-08-19,117.62999725341797,117.72000122070312,117.52999877929688,117.63999938964844,6242600,102.49732971191406
2021-08-20,117.63999938964844,117.70999908447266,117.41000366210938,117.52999877929688,6510200,102.40150451660156
2021-08-23,117.5,117.58000183105469,117.4000015258789,117.55999755859375,3958500,102.42762756347656
2021-08-24,117.41000366210938,117.51000213623047,117.20999908447266,117.23999786376953,3649700,102.14881896972656
2021-08-25,117.19999694824219,117.23999786376953,116.72000122070312,116.77999877929688,5874700,101.748046875
2021-08-26,116.72000122070312,116.83000183105469,116.58999633789062,116.77999877929688,6850600,101.748046875
2021-08-27,116.77999877929688,117.16000366210938,116.62999725341797,117.16000366210938,6360700,102.0791244506836
2021-08-30,117.13999938964844,117.4000015258789,117.0999984741211,117.38999938964844,6546200,102.27947998046875
2021-08-31,117.33000183105469,117.48999786376953,117.12000274658203,117.16999816894531,7418400,102.08784484863281
2021-09-01,117.25,117.29000091552734,117.04000091552734,117.13999938964844,11908600,102.13146209716797
2021-09-02,117.2699966430664,117.27999877929688,117.13999938964844,117.27999877929688,2976200,102.25347900390625
2021-09-03,117.01000213623047,117.05000305175781,116.87999725341797,117,4988900,102.00939178466797
2021-09-07,116.58999633789062,116.68000030517578,116.44000244140625,116.54000091552734,7098600,101.60830688476562
2021-09-08,116.69999694824219,116.94000244140625,116.62999725341797,116.86000061035156,6046200,101.88732147216797
2021-09-09,116.91000366210938,117.31999969482422,116.80999755859375,117.19000244140625,7009500,102.17504119873047
2021-09-10,116.93000030517578,117.02999877929688,116.70999908447266,116.81999969482422,8147100,101.85244750976562
2021-09-13,116.93000030517578,117.05999755859375,116.91000366210938,116.95999908447266,4269300,101.9744873046875
2021-09-14,117.16000366210938,117.5199966430664,117.0999984741211,117.4000015258789,6991000,102.35812377929688
2021-09-15,117.33000183105469,117.3499984741211,117,117.19999694824219,5108900,102.18374633789062
2021-09-16,116.79000091552734,117.01000213623047,116.68000030517578,116.83000183105469,5682700,101.86116027832031
2021-09-17,116.54000091552734,116.56999969482422,116.37999725341797,116.48999786376953,7611700,101.564697265625
2021-09-20,116.91000366210938,117.20999908447266,116.81999969482422,117.08000183105469,8781600,102.07911682128906
2021-09-21,117.12000274658203,117.1500015258789,116.94000244140625,117.01000213623047,4867900,102.01809692382812
2021-09-22,117.01000213623047,117.22000122070312,116.79000091552734,117.12000274658203,10966400,102.11400604248047
2021-09-23,116.58000183105469,116.61000061035156,116.05999755859375,116.05999755859375,10650100,101.18981170654297
2021-09-24,115.9000015258789,115.91000366210938,115.63999938964844,115.70999908447266,10528000,100.8846664428711
2021-09-27,115.4000015258789,115.5999984741211,115.37000274658203,115.4000015258789,6742100,100.61438751220703
2021-09-28,114.9800033569336,115.22000122070312,114.7300033569336,114.95999908447266,10295500,100.23076629638672
2021-09-29,115.19999694824219,115.36000061035156,114.87000274658203,115.08000183105469,8364000,100.33538055419922
2021-09-30,114.97000122070312,115.26000213623047,114.91999816894531,115.22000122070312,7307900,100.45742797851562
2021-10-01,115.36000061035156,115.66000366210938,115.26000213623047,115.61000061035156,19830100,100.8675308227539
2021-10-04,115.41000366210938,115.66999816894531,115.26000213623047,115.47000122070312,7691800,100.74532318115234
2021-10-05,115.29000091552734,115.31999969482422,114.98999786376953,115.11000061035156,6861900,100.43128204345703
2021-10-06,115.1500015258789,115.26000213623047,115.05000305175781,115.13999938964844,7473500,100.45743560791016
2021-10-07,114.87999725341797,114.91000366210938,114.66999816894531,114.68000030517578,8160200,100.05606842041016
2021-10-08,114.62000274658203,114.62000274658203,114.30000305175781,114.43000030517578,9455100,99.83799743652344
2021-10-11,114.2300033569336,114.31999969482422,114.12999725341797,114.1500015258789,2261300,99.59368133544922
2021-10-12,114.3499984741211,114.70999908447266,114.27999877929688,114.66999816894531,7938400,100.04735565185547
2021-10-13,114.73999786376953,115.05000305175781,114.68000030517578,114.88999938964844,11662400,100.23930358886719
2021-10-14,115.0199966430664,115.20999908447266,114.9000015258789,115.16000366210938,9518200,100.4748764038086
2021-10-15,114.73999786376953,114.7699966430664,114.52999877929688,114.58999633789062,8689700,99.97760772705078
2021-10-18,114.25,114.5199966430664,114.06999969482422,114.43000030517578,8703300,99.83799743652344
2021-10-19,114.2699966430664,114.31999969482422,114,114.0199966430664,7445200,99.48027038574219
2021-10-20,114.0199966430664,114.20999908447266,113.94000244140625,113.97000122070312,6230000,99.43663787841797
2021-10-21,113.9000015258789,113.94999694824219,113.62999725341797,113.66999816894531,7103900,99.17488098144531
2021-10-22,113.77999877929688,114.05000305175781,113.66999816894531,113.95999908447266,10204600,99.42792510986328
2021-10-25,113.9800033569336,114.22000122070312,113.9800033569336,114.0999984741211,4835000,99.55008697509766
2021-10-26,114.12000274658203,114.23999786376953,113.9000015258789,114.23999786376953,5603100,99.67220306396484
2021-10-27,114.63999938964844,115.05999755859375,114.31999969482422,114.87999725341797,16140300,100.23059844970703
2021-10-28,114.76000213623047,114.91000366210938,114.45999908447266,114.58000183105469,9940400,99.96883392333984
2021-10-29,114.2699966430664,114.86000061035156,114.19000244140625,114.62999725341797,11254300,100.01244354248047
2021-11-01,114.22000122070312,114.62999725341797,114.19000244140625,114.54000091552734,14479000,100.00462341308594
2021-11-02,114.66999816894531,114.95999908447266,114.66000366210938,114.81999969482422,12191100,100.24907684326172
2021-11-03,114.83999633789062,114.87999725341797,114.2699966430664,114.45999908447266,17031100,99.93475341796875
2021-11-04,114.66000366210938,115.16999816894531,114.66000366210938,115.08000183105469,12665400,100.47608947753906
2021-11-05,115.33999633789062,115.80999755859375,115.22000122070312,115.70999908447266,12955100,101.0261459350586
2021-11-08,115.5199966430664,115.5199966430664,115.16000366210938,115.20999908447266,7404300,100.58958435058594
2021-11-09,115.69999694824219,115.9800033569336,115.6500015258789,115.73999786376953,12345400,101.05233764648438
2021-11-10,115.54000091552734,115.56999969482422,114.54000091552734,114.75,19425100,100.18794250488281
2021-11-11,114.75,114.80000305175781,114.37999725341797,114.37999725341797,3746100,99.86494445800781
2021-11-12,114.80000305175781,114.94000244140625,114.5199966430664,114.62000274658203,10613400,100.0744857788086
2021-11-15,114.55000305175781,114.58000183105469,114.12999725341797,114.16999816894531,8021400,99.68157958984375
2021-11-16,114.18000030517578,114.4000015258789,114.05000305175781,114.06999969482422,6573700,99.59423828125
2021-11-17,114.06999969482422,114.48999786376953,114.05000305175781,114.4800033569336,10006200,99.952239990234375
2021-11-18,114.30999755859375,114.58000183105469,114.29000091552734,114.55000305175781,10183400,100.01333618164062
2021-11-19,114.91999816894531,115.11000061035156,114.79000091552734,114.86000061035156,10731600,100.28401184082031
2021-11-22,114.33000183105469,114.44000244140625,113.94999694824219,114.0199966430664,10876200,99.55060577392578
2021-11-23,113.81999969482422,113.87999725341797,113.55000305175781,113.55000305175781,11543700,99.14026641845703
2021-11-24,113.56999969482422,113.91999816894531,113.5,113.9000015258789,8322900,99.4458236694336
2021-11-26,114.9800033569336,115.38999938964844,114.91999816894531,115.37000274658203,13878500,100.72929382324219
2021-11-29,114.69000244140625,115.19999694824219,114.66000366210938,115.11000061035156,13908200,100.50230407714844
2021-11-30,115.81999969482422,116.1500015258789,115.22000122070312,115.80000305175781,19416800,101.10470581054688
2021-12-01,115.30000305175781,115.93000030517578,115.16000366210938,115.93000030517578,24991000,101.29522705078125
2021-12-02,115.9000015258789,115.94999694824219,115.41000366210938,115.68000030517578,11448900,101.07675170898438
2021-12-03,115.48999786376953,116.63999938964844,115.38999938964844,116.36000061035156,19790900,101.6709213256836
2021-12-06,116.19000244140625,116.27999877929688,115.6500015258789,115.77999877929688,9863200,101.16413116455078
2021-12-07,115.45999908447266,115.69999694824219,115.26000213623047,115.33999633789062,7678400,100.77969360351562
2021-12-08,115.16999816894531,115.19999694824219,114.81999969482422,114.97000122070312,11126500,100.4563980102539
2021-12-09,115.25,115.44000244140625,115.0999984741211,115.26000213623047,9198400,100.70977783203125
2021-12-10,115.44000244140625,115.66000366210938,115.27999877929688,115.33999633789062,5051500,100.77969360351562
2021-12-13,115.62999725341797,115.98999786376953,115.61000061035156,115.88999938964844,5706900,101.26022338867188
2021-12-14,115.6500015258789,115.80999755859375,115.43000030517578,115.69000244140625,4749500,101.08550262451172
2021-12-15,115.41000366210938,115.7300033569336,115.27999877929688,115.5199966430664,8428000,100.93694305419922
2021-12-16,115.58000183105469,115.91000366210938,115.55999755859375,115.75,9085400,101.2308120727539
2021-12-17,116.12000274658203,116.33999633789062,115.94000244140625,116.01000213623047,7933100,101.45818328857422
2021-12-20,116.19999694824219,116.3499984741211,115.87999725341797,115.91000366210938,13772100,101.37074279785156
2021-12-21,115.48999786376953,115.54000091552734,115.2300033569336,115.44999694824219,7672800,100.96843719482422
2021-12-22,115.62999725341797,115.63999938964844,115.33999633789062,115.55999755859375,5538200,101.06462860107422
2021-12-23,115.4800033569336,115.48999786376953,115.18000030517578,115.31999969482422,7209700,100.854736328125
2021-12-27,115.27999877929688,115.41999816894531,115.25,115.36000061035156,3471800,100.88973999023438
2021-12-28,115.55000305175781,115.58000183105469,115.27999877929688,115.33999633789062,8314500,100.87224578857422
2021-12-29,114.97000122070312,115.06999969482422,114.66999816894531,114.75,11879900,100.35624694824219
2021-12-30,114.9800033569336,115.13999938964844,114.79000091552734,115.12999725341797,10296000,100.68858337402344
2021-12-31,115.16000366210938,115.30999755859375,115,115,7584500,100.57489776611328
2022-01-03,114.37000274658203,114.41000366210938,113.93000030517578,113.93000030517578,27744600,99.63910675048828
2022-01-04,113.66999816894531,113.88999938964844,113.58000183105469,113.87000274658203,15911800,99.58663177490234
2022-01-05,113.88999938964844,113.9000015258789,113.30999755859375,113.38999938964844,13715700,99.166839599609375
2022-01-06,113.12999725341797,113.20999908447266,112.9800033569336,113.11000061035156,10957400,98.92195892333984
2022-01-07,112.95999908447266,113,112.47000122070312,112.73999786376953,13318200,98.59834289550781
2022-01-10,112.44999694824219,112.75,112.37999725341797,112.70999908447266,8430700,98.5721206665039
2022-01-11,112.66000366210938,112.98999786376953,112.55999755859375,112.9800033569336,8086500,98.80826568603516
2022-01-12,113.16999816894531,113.43000030517578,112.9800033569336,113,7996500,98.8258056640625
2022-01-13,113.06999969482422,113.4000015258789,112.9800033569336,113.36000061035156,8431100,99.14061737060547
2022-01-14,113.06999969482422,113.08999633789062,112.55000305175781,112.58000183105469,10595700,98.458465576171875
2022-01-18,112.0999984741211,112.19999694824219,111.69000244140625,111.7300033569336,11594100,97.715087890625
2022-01-19,111.91000366210938,112.22000122070312,111.83999633789062,112,10349700,97.95121002197266
2022-01-20,112.18000030517578,112.23999786376953,112.02999877929688,112.23999786376953,8297300,98.16107177734375
2022-01-21,112.87000274658203,113.05000305175781,112.6500015258789,112.88999938964844,13250000,98.72954559326172
2022-01-24,113.23999786376953,113.29000091552734,112.7699966430664,112.79000091552734,22377400,98.6421127319336
2022-01-25,112.88999938964844,113.08999633789062,112.56999969482422,112.63999938964844,13534000,98.510894775390625
2022-01-26,112.66000366210938,112.76000213623047,111.83999633789062,111.83999633789062,12694700,97.8112564086914
2022-01-27,112.11000061035156,112.5199966430664,112.08999633789062,112.30999755859375,11609400,98.222320556640625
2022-01-28,112.1500015258789,112.66000366210938,112.12000274658203,112.56999969482422,6713500,98.44969940185547
2022-01-31,112.36000061035156,112.6500015258789,112.29000091552734,112.56999969482422,8258600,98.44969940185547
2022-02-01,112.5,112.54000091552734,112.12999725341797,112.30999755859375,16338700,98.31664276123047
2022-02-02,112.4000015258789,112.80999755859375,112.4000015258789,112.54000091552734,5997100,98.51799011230469
2022-02-03,112.04000091552734,112.16000366210938,111.91999816894531,112.05999755859375,8032600,98.09779357910156
2022-02-04,111.41999816894531,111.44999694824219,111.08999633789062,111.19999694824219,8616400,97.34491729736328
2022-02-07,111.2300033569336,111.3499984741211,111.08999633789062,111.2300033569336,10294700,97.37120056152344
2022-02-08,110.93000030517578,110.98999786376953,110.80999755859375,110.87000274658203,8111500,97.0560531616211
2022-02-09,111.12999725341797,111.37000274658203,110.9800033569336,111.0199966430664,10113400,97.18736267089844
2022-02-10,110.61000061035156,110.68000030517578,109.95999908447266,110,16633900,96.29442596435547
2022-02-11,110.47000122070312,111.2300033569336,109.91999816894531,111.13999938964844,18315600,97.29242706298828
2022-02-14,110.54000091552734,110.83000183105469,110.20999908447266,110.37000274658203,11090000,96.61834716796875
2022-02-15,110.05000305175781,110.23999786376953,109.95999908447266,110.04000091552734,8490500,96.3294677734375
2022-02-16,110.31999969482422,110.33999633789062,109.94000244140625,110.2699966430664,9007700,96.530792236328125
2022-02-17,110.52999877929688,110.9000015258789,110.5199966430664,110.86000061035156,8749500,97.04730224609375
2022-02-18,111.04000091552734,111.2300033569336,110.97000122070312,111.22000122070312,8486800,97.36244201660156
2022-02-22,110.97000122070312,111.22000122070312,110.83999633789062,111.20999908447266,8392500,97.35368347167969
2022-02-23,110.80000305175781,110.9000015258789,110.51000213623047,110.62999725341797,7941800,96.845977783203125
2022-02-24,111.5199966430664,111.55000305175781,110.7300033569336,110.88999938964844,19162100,97.07355499267578
2022-02-25,110.72000122070312,110.87999725341797,110.4800033569336,110.86000061035156,8101900,97.04730224609375
2022-02-28,111.62000274658203,112.13999938964844,111.58000183105469,112.12000274658203,12291800,98.15031433105469
2022-03-01,112.5999984741211,113.48999786376953,112.55000305175781,113.11000061035156,28285600,99.10623931884766
2022-03-02,112.45999908447266,112.55999755859375,111.38999938964844,111.41000366210938,12303800,97.61668395996094
2022-03-03,111.69000244140625,112.0999984741211,111.48999786376953,111.88999938964844,12247400,98.03728485107422
2022-03-04,112.87999725341797,113.30000305175781,112.7699966430664,113,20102300,99.00989532470703
2022-03-07,112.47000122070312,113.08000183105469,112.44000244140625,112.5199966430664,13633200,98.58928680419922
2022-03-08,111.87000274658203,112.06999969482422,111.6500015258789,111.79000091552734,10819400,97.94966125488281
2022-03-09,111.33000183105469,111.43000030517578,110.9800033569336,111.0999984741211,7932300,97.3450927734375
2022-03-10,110.72000122070312,110.83000183105469,110.36000061035156,110.58999633789062,11100100,96.898223876953125
2022-03-11,110.47000122070312,110.69999694824219,110.3499984741211,110.55999755859375,5567600,96.87194061279297
2022-03-14,109.66999816894531,109.73999786376953,109.16000366210938,109.16000366210938,8622500,95.64527893066406
2022-03-15,109.73999786376953,109.80000305175781,109.02999877929688,109.11000061035156,9294400,95.601470947265625
2022-03-16,109,109.12000274658203,108.25,108.95999908447266,12847300,95.47005462646484
2022-03-17,109.02999877929688,109.23999786376953,108.55000305175781,108.75,7215900,95.28602600097656
2022-03-18,108.93000030517578,109.22000122070312,108.93000030517578,109.06999969482422,7509200,95.56640625
2022-03-21,108.27999877929688,108.44999694824219,107.56999969482422,107.6500015258789,11003600,94.32222747802734
2022-03-22,107.19999694824219,107.23999786376953,106.97000122070312,107.05999755859375,7710300,93.80523681640625
2022-03-23,107.31999969482422,107.77999877929688,107.08999633789062,107.77999877929688,11222700,94.43611907958984
2022-03-24,107.1500015258789,107.5,107.11000061035156,107.18000030517578,11112300,93.910400390625
2022-03-25,106.69000244140625,106.69999694824219,105.97000122070312,106.08000183105469,9055600,92.94659423828125
2022-03-28,106.25,106.69999694824219,106.12000274658203,106.31999969482422,12858500,93.15686798095703
2022-03-29,106.58000183105469,106.9800033569336,106.3499984741211,106.8499984741211,7539900,93.6212387084961
2022-03-30,106.62999725341797,107.30000305175781,106.55999755859375,107.2699966430664,6430100,93.9892578125
2022-03-31,107.43000030517578,107.62000274658203,107.2699966430664,107.47000122070312,9147200,94.16450500488281
2022-04-01,106.30999755859375,107.01000213623047,106.19999694824219,106.6500015258789,10237000,93.5513687133789
2022-04-04,106.76000213623047,106.77999877929688,106.37999725341797,106.58000183105469,7372100,93.48995208740234
2022-04-05,106.2699966430664,106.29000091552734,105.19999694824219,105.30999755859375,9675600,92.375946044921875
2022-04-06,104.6500015258789,105.31999969482422,104.6500015258789,104.94000244140625,9054400,92.05138397216797
2022-04-07,104.68000030517578,104.97000122070312,104.45999908447266,104.68000030517578,5518900,91.82332611083984
2022-04-08,104.08000183105469,104.41999816894531,104,104.1500015258789,8091800,91.35838317871094
2022-04-11,103.77999877929688,103.9000015258789,103.5199966430664,103.6500015258789,7356400,90.91979217529297
2022-04-12,104.19000244140625,104.58999633789062,104.02999877929688,104.1500015258789,12211000,91.35838317871094
2022-04-13,104.44000244140625,104.91000366210938,104.30999755859375,104.37999725341797,6346100,91.56016540527344
2022-04-14,104.2300033569336,104.2699966430664,103.31999969482422,103.44000244140625,6158700,90.73560333251953
2022-04-18,103.52999877929688,103.55000305175781,103.11000061035156,103.13999938964844,4591500,90.4724349975586
2022-04-19,102.73999786376953,102.93000030517578,102.38999938964844,102.45999908447266,7004900,89.87596893310547
2022-04-20,102.87999725341797,103.41999816894531,102.76000213623047,103.26000213623047,7479300,90.5777359008789
2022-04-21,102.97000122070312,102.9800033569336,102.2699966430664,102.69000244140625,9137500,90.077728271484375
2022-04-22,102.43000030517578,103.0199966430664,102.37999725341797,102.73999786376953,5451600,90.12157440185547
2022-04-25,103.55000305175781,103.9800033569336,103.33999633789062,103.4000015258789,8617400,90.70051574707031
2022-04-26,104.0999984741211,104.2699966430664,103.76000213623047,104.08999633789062,9575400,91.30577087402344
2022-04-27,104.02999877929688,104.12999725341797,103.45999908447266,103.51000213623047,7908900,90.79698944091797
2022-04-28,103.16000366210938,103.38999938964844,102.95999908447266,103.36000061035156,6943500,90.6654281616211
2022-04-29,102.5999984741211,103.20999908447266,102.55000305175781,102.80999755859375,10012500,90.18296813964844
2022-05-02,102.1500015258789,102.22000122070312,101.81999969482422,101.91999816894531,11327000,89.5111312866211
2022-05-03,102.5199966430664,102.5999984741211,102.0199966430664,102.04000091552734,8129100,89.61650848388672
2022-05-04,102,102.77999877929688,101.80999755859375,102.69999694824219,11934700,90.19618225097656
2022-05-05,101.88999938964844,102.02999877929688,101.1500015258789,101.66999816894531,11675700,89.29155731201172
2022-05-06,101.1500015258789,101.61000061035156,100.98999786376953,101.08999633789062,12538400,88.78217315673828
2022-05-09,101.13999938964844,101.88999938964844,101.08999633789062,101.83999633789062,7301200,89.44083404541016
2022-05-10,102.30999755859375,102.58000183105469,102.12000274658203,102.18000030517578,8054600,89.73944854736328
2022-05-11,101.93000030517578,102.8499984741211,101.79000091552734,102.80999755859375,7167900,90.292724609375
2022-05-12,103.12000274658203,103.56999969482422,103.01000213623047,103.1500015258789,8132400,90.59134674072266
2022-05-13,102.87000274658203,102.94000244140625,102.55000305175781,102.61000061035156,6016900,90.11712646484375
2022-05-16,102.9800033569336,103.33000183105469,102.87000274658203,103.04000091552734,3315600,90.49476623535156
2022-05-17,102.3499984741211,102.6500015258789,102.2300033569336,102.26000213623047,4286800,89.8097152709961
2022-05-18,102.26000213623047,103.0999984741211,102.19000244140625,102.98999786376953,4465500,90.4508056640625
2022-05-19,103.9000015258789,103.93000030517578,103.27999877929688,103.36000061035156,5137600,90.775787353515625
2022-05-20,103.30000305175781,103.98999786376953,103.2699966430664,103.83999633789062,5908800,91.1973648071289
2022-05-23,103.56999969482422,103.7699966430664,103.19999694824219,103.20999908447266,5720600,90.64405822753906
2022-05-24,103.73999786376953,104.47000122070312,103.70999908447266,104.0999984741211,6786600,91.4256820678711
2022-05-25,104.47000122070312,104.47000122070312,104.06999969482422,104.30999755859375,4274500,91.61011505126953
2022-05-26,104.37000274658203,104.41000366210938,103.87999725341797,104.26000213623047,3478900,91.56621551513672
2022-05-27,104.44999694824219,104.58999633789062,104.22000122070312,104.41000366210938,2508200,91.69795989990234
2022-05-31,103.62000274658203,103.62999725341797,103.1500015258789,103.31999969482422,6773200,90.74066925048828
2022-06-01,103.2699966430664,103.37000274658203,102.41999816894531,102.61000061035156,5555900,90.22977447509766
2022-06-02,102.91000366210938,102.91999816894531,102.5199966430664,102.76000213623047,3014300,90.36167907714844
2022-06-03,102.36000061035156,102.6500015258789,102.33000183105469,102.55999755859375,2687800,90.18580627441406
2022-06-06,102.30999755859375,102.41000366210938,101.7300033569336,101.79000091552734,4800600,89.50870513916016
2022-06-07,102.05999755859375,102.43000030517578,102.04000091552734,102.19999694824219,3230000,89.8692398071289
2022-06-08,102.01000213623047,102.16999816894531,101.80999755859375,101.81999969482422,2917900,89.5350570678711
2022-06-09,101.69000244140625,101.94000244140625,101.51000213623047,101.7300033569336,4178600,89.4559326171875
2022-06-10,101.20999908447266,101.30999755859375,100.5999984741211,100.7300033569336,4443400,88.57660675048828
2022-06-13,99.660003662109375,99.80000305175781,98.41999816894531,98.94000244140625,9200800,87.0025634765625
2022-06-14,99.160003662109375,99.30000305175781,97.98999786376953,98.1500015258789,7829800,86.30786895751953
2022-06-15,98.94999694824219,99.55999755859375,98.4000015258789,99.5199966430664,10256200,87.51258087158203
2022-06-16,98.55000305175781,100.22000122070312,98.43000030517578,100.16999816894531,9168800,88.08414459228516
2022-06-17,100.26000213623047,100.45999908447266,99.55000305175781,100.19999694824219,7029700,88.11052703857422
2022-06-21,99.660003662109375,99.94999694824219,99.55000305175781,99.68000030517578,10342000,87.653289794921875
2022-06-22,100.83999633789062,101.12000274658203,100.70999908447266,100.94000244140625,9501900,88.761260986328125
2022-06-23,101.55999755859375,102.16999816894531,101.4000015258789,101.51000213623047,9247200,89.26246643066406
2022-06-24,101.37999725341797,101.76000213623047,101.06999969482422,101.1500015258789,5127000,88.94588470458984
2022-06-27,100.56999969482422,101.0199966430664,100.44999694824219,100.58000183105469,5439400,88.4447021484375
2022-06-28,100.47000122070312,100.73999786376953,100.33000183105469,100.70999908447266,3763300,88.55900573730469
2022-06-29,100.87999725341797,101.5199966430664,100.79000091552734,101.5199966430664,3559600,89.27127838134766
2022-06-30,102.0999984741211,102.54000091552734,102.01000213623047,102.30000305175781,5409500,89.957183837890625
2022-07-01,103.12000274658203,103.97000122070312,102.9800033569336,103.23999786376953,63222900,90.9215087890625
2022-07-05,103.75,104.0199966430664,103.44000244140625,103.62000274658203,6651400,91.25617980957031
2022-07-06,104,104.01000213623047,102.72000122070312,102.73999786376953,4754700,90.48113250732422
2022-07-07,102.7699966430664,102.7699966430664,102.02999877929688,102.11000061035156,4058100,89.92633056640625
2022-07-08,101.83000183105469,101.83999633789062,101.37000274658203,101.48999786376953,3664900,89.38031768798828
2022-07-11,102.02999877929688,102.45999908447266,101.9800033569336,102.29000091552734,2765700,90.084869384765625
2022-07-12,102.83000183105469,103.02999877929688,102.44999694824219,102.52999877929688,3669200,90.29620361328125
2022-07-13,101.91000366210938,103.05000305175781,101.77999877929688,102.97000122070312,6809400,90.6837158203125
2022-07-14,102.19999694824219,102.63999938964844,101.93000030517578,102.4000015258789,5370400,90.18171691894531
2022-07-15,102.47000122070312,102.98999786376953,102.44000244140625,102.75,3834000,90.48997497558594
2022-07-18,102.41999816894531,102.5999984741211,102.02999877929688,102.44999694824219,3150700,90.22578430175781
2022-07-19,102.31999969482422,102.41000366210938,101.87999725341797,101.9800033569336,2996100,89.81184387207031
2022-07-20,102.4800033569336,102.48999786376953,101.80000305175781,101.87999725341797,53057500,89.7237777709961
2022-07-21,102.29000091552734,103.04000091552734,102.19000244140625,103.04000091552734,5344300,90.7453842163086
2022-07-22,104,104.45999908447266,103.81999969482422,104.22000122070312,7747100,91.78456115722656
2022-07-25,103.58000183105469,103.9000015258789,103.55000305175781,103.8499984741211,2994500,91.458740234375
2022-07-26,104.55000305175781,104.69999694824219,103.8499984741211,103.88999938964844,4736300,91.493927001953125
2022-07-27,104.13999938964844,104.61000061035156,104.0199966430664,104.0999984741211,7475300,91.67887115478516
2022-07-28,105.0999984741211,105.31999969482422,104.75,105.12999725341797,5768100,92.58599853515625
2022-07-29,104.91999816894531,105.58000183105469,104.80999755859375,105.16999816894531,5961100,92.6212387084961
2022-08-01,105.29000091552734,105.66999816894531,105.12999725341797,105.5999984741211,9672400,93.16289520263672
2022-08-02,105.55999755859375,105.75,104.06999969482422,104.13999938964844,9269700,91.8748550415039
2022-08-03,103.9800033569336,104.58000183105469,103.43000030517578,104.56999969482422,7829500,92.25420379638672
2022-08-04,104.68000030517578,105.12999725341797,104.52999877929688,105.0999984741211,9873200,92.72180938720703
2022-08-05,103.7300033569336,103.7699966430664,103.3499984741211,103.58000183105469,10047200,91.38082122802734
2022-08-08,104,104.23999786376953,103.91000366210938,104.19000244140625,6681300,91.91898345947266
2022-08-09,103.9000015258789,104.08000183105469,103.77999877929688,103.87999725341797,3814700,91.64550018310547
2022-08-10,104.3499984741211,104.70999908447266,103.93000030517578,103.94000244140625,7260300,91.69843292236328
2022-08-11,104.18000030517578,104.29000091552734,103.13999938964844,103.25,8309300,91.089691162109375
2022-08-12,103.6500015258789,103.69999694824219,103.31999969482422,103.66000366210938,4128600,91.4513931274414
2022-08-15,104.16999816894531,104.33000183105469,103.94999694824219,103.98999786376953,3441100,91.74250030517578
2022-08-16,103.79000091552734,103.91000366210938,103.38999938964844,103.87000274658203,3241800,91.63666534423828
2022-08-17,103.30999755859375,103.36000061035156,102.95999908447266,103.16999816894531,6366700,91.01910400390625
2022-08-18,103.44999694824219,103.7300033569336,103.27999877929688,103.37000274658203,3709200,91.19554901123047
2022-08-19,102.62000274658203,102.69000244140625,102.36000061035156,102.4800033569336,6678000,90.41035461425781
2022-08-22,102.4000015258789,102.44999694824219,101.9800033569336,102.02999877929688,4125800,90.01337432861328
2022-08-23,101.86000061035156,102.48999786376953,101.70999908447266,101.77999877929688,7755000,89.79280090332031
2022-08-24,101.54000091552734,101.63999938964844,101.29000091552734,101.44000244140625,3504600,89.49288177490234
2022-08-25,101.5199966430664,102.12999725341797,101.38999938964844,102.08999633789062,6645300,90.06629180908203
2022-08-26,101.86000061035156,102.2300033569336,101.62000274658203,101.97000122070312,5535900,89.96043395996094
2022-08-29,101.58000183105469,101.58000183105469,101.25,101.38999938964844,4416900,89.44873046875
2022-08-30,101.38999938964844,101.72000122070312,101.0199966430664,101.36000061035156,4474200,89.422271728515625
2022-08-31,101.20999908447266,101.44000244140625,100.7699966430664,100.94000244140625,5797600,89.05176544189453
2022-09-01,100.08999633789062,100.30999755859375,99.7300033569336,99.95999908447266,10324200,88.34382629394531
2022-09-02,100.36000061035156,100.79000091552734,100.22000122070312,100.5199966430664,5741900,88.83876037597656
2022-09-06,99.910003662109375,99.94000244140625,99.3499984741211,99.4000015258789,6769400,87.84891510009766
2022-09-07,99.79000091552734,100.16999816894531,99.73999786376953,100.05000305175781,7169700,88.423370361328125
2022-09-08,100.04000091552734,100.26000213623047,99.68000030517578,99.68000030517578,5773600,88.09638214111328
2022-09-09,99.9000015258789,100.08999633789062,99.56999969482422,99.69000244140625,5780600,88.105224609375
2022-09-12,99.970001220703125,100.05000305175781,99.2699966430664,99.44999694824219,4034200,87.893096923828125
2022-09-13,98.76000213623047,98.94999694824219,98.6500015258789,98.88999938964844,5100500,87.39818572998047
2022-09-14,98.73999786376953,99.18000030517578,98.69000244140625,98.94000244140625,3866600,87.442352294921875
2022-09-15,98.66999816894531,98.79000091552734,98.5,98.5999984741211,4622600,87.141876220703125
2022-09-16,98.5199966430664,98.98999786376953,98.44999694824219,98.68000030517578,4718200,87.212554931640625
2022-09-19,98.30999755859375,98.61000061035156,98.23999786376953,98.4000015258789,3879000,86.96514892578125
2022-09-20,97.69999694824219,98.04000091552734,97.54000091552734,97.79000091552734,4869100,86.42598724365234
2022-09-21,97.95999908447266,98.279998779296875,97.30000305175781,98.18000030517578,5414900,86.77068328857422
2022-09-22,97.160003662109375,97.220001220703125,96.589996337890625,96.69999694824219,6662400,85.46266174316406
2022-09-23,96.660003662109375,96.970001220703125,96.279998779296875,96.81999969482422,7630600,85.56873321533203
2022-09-26,96.29000091552734,96.30000305175781,95.06999969482422,95.20999908447266,8015500,84.14581298828125
2022-09-27,95.23999786376953,95.3499984741211,94.51000213623047,94.55999755859375,8668400,83.57134246826172
2022-09-28,95.9000015258789,96.80000305175781,95.5199966430664,96.69000244140625,8471700,85.453826904296875
2022-09-29,95.9800033569336,96.58000183105469,95.88999938964844,96.23999786376953,6056500,85.056121826171875
2022-09-30,96.660003662109375,96.87999725341797,95.660003662109375,95.98999786376953,8847200,84.83516693115234
2022-10-03,96.720001220703125,97.6500015258789,96.48999786376953,96.94000244140625,10579900,85.84199523925781
2022-10-04,97.33000183105469,97.69999694824219,96.95999908447266,97.13999938964844,7361400,86.01911926269531
2022-10-05,96.55999755859375,96.589996337890625,95.9800033569336,96.220001220703125,8603700,85.20442199707031
2022-10-06,96.05999755859375,96.19000244140625,95.55999755859375,95.69000244140625,11298400,84.73511505126953
2022-10-07,95.19000244140625,95.529998779296875,95.06999969482422,95.220001220703125,5085300,84.31893157958984
2022-10-10,95.08000183105469,95.13999938964844,94.31999969482422,94.660003662109375,3829100,83.823028564453125
2022-10-11,94.9800033569336,95.43000030517578,94.63999938964844,94.9000015258789,5498500,84.03556060791016
2022-10-12,94.7699966430664,95.339996337890625,94.70999908447266,95.20999908447266,5847400,84.31005859375
2022-10-13,93.9800033569336,95.23999786376953,93.970001220703125,94.80999755859375,6220100,83.955841064453125
2022-10-14,95.31999969482422,95.33000183105469,94.2300033569336,94.279998779296875,5886200,83.4865493774414
2022-10-17,94.95999908447266,95.11000061035156,94.33000183105469,94.37999725341797,3215200,83.575103759765625
2022-10-18,94.62999725341797,94.80000305175781,94.06999969482422,94.62000274658203,4006600,83.78761291503906
2022-10-19,93.87999725341797,94.06999969482422,93.55999755859375,93.62999725341797,5762600,82.910980224609375
2022-10-20,93.410003662109375,93.6500015258789,92.86000061035156,92.93000030517578,5738400,82.29108428955078
2022-10-21,92.5999984741211,93.33000183105469,92.4800033569336,93.13999938964844,7528500,82.47705841064453
2022-10-24,93.11000061035156,93.43000030517578,92.69000244140625,93.0199966430664,6210800,82.37078857421875
2022-10-25,94.04000091552734,94.44000244140625,93.95999908447266,94.18000030517578,6301500,83.39798736572266
2022-10-26,94.410003662109375,94.81999969482422,94.4000015258789,94.660003662109375,6692700,83.823028564453125
2022-10-27,94.95999908447266,95.470001220703125,94.66999816894531,95.33000183105469,7238100,84.41634368896484
2022-10-28,94.720001220703125,95.19000244140625,94.58000183105469,94.839996337890625,5659800,83.982421875
2022-10-31,94.43000030517578,94.55999755859375,94.01000213623047,94.410003662109375,4586900,83.60164642333984
2022-11-01,94.95999908447266,94.98999786376953,94.029998779296875,94.19000244140625,6066400,83.58656311035156
2022-11-02,94.30999755859375,94.87000274658203,93.79000091552734,94.029998779296875,7581400,83.44456481933594
2022-11-03,93.19000244140625,93.79000091552734,93.18000030517578,93.62000274658203,8403900,83.08072662353516
2022-11-04,93.63999938964844,93.94999694824219,93.4000015258789,93.41999816894531,5287000,82.90325164794922
2022-11-07,93.54000091552734,93.589996337890625,93.06999969482422,93.089996337890625,4289300,82.61040496826172
2022-11-08,93.3499984741211,93.87999725341797,93.31999969482422,93.70999908447266,4679200,83.16058349609375
2022-11-09,93.61000061035156,94.089996337890625,93.54000091552734,94.029998779296875,3658100,83.44456481933594
2022-11-10,95.43000030517578,96.18000030517578,95.43000030517578,96.13999938964844,9608300,85.317047119140625
2022-11-11,95.69999694824219,96.05999755859375,95.6500015258789,95.94000244140625,2840200,85.13956451416016
2022-11-14,95.839996337890625,95.8499984741211,95.529998779296875,95.70999908447266,4130800,84.93546295166016
2022-11-15,96.18000030517578,96.48999786376953,95.94000244140625,96.41999816894531,6841600,85.5655288696289
2022-11-16,96.87000274658203,97.2300033569336,96.63999938964844,97.12999725341797,6140100,86.19561004638672
2022-11-17,96.529998779296875,96.62999725341797,96.26000213623047,96.470001220703125,5986800,85.60990905761719
2022-11-18,96.470001220703125,96.589996337890625,96.11000061035156,96.12999725341797,3102100,85.30815124511719
2022-11-21,96.54000091552734,96.61000061035156,96.04000091552734,96.06999969482422,4477700,85.25492095947266
2022-11-22,96.4800033569336,96.720001220703125,96.37999725341797,96.62000274658203,5532800,85.74300384521484
2022-11-23,96.75,97.18000030517578,96.6500015258789,97.13999938964844,5236500,86.2044677734375
2022-11-25,96.87000274658203,97.12000274658203,96.8499984741211,97.11000061035156,1345400,86.177825927734375
2022-11-28,97.220001220703125,97.3499984741211,97.01000213623047,97.1500015258789,4218400,86.213348388671875
2022-11-29,96.76000213623047,97.08000183105469,96.70999908447266,96.73999786376953,3356600,85.84950256347656
2022-11-30,96.56999969482422,97.61000061035156,96.4000015258789,97.61000061035156,7127100,86.62158203125
2022-12-01,97.5999984741211,98.5,97.56999969482422,98.4800033569336,17629100,87.567657470703125
2022-12-02,97.91999816894531,98.69000244140625,97.61000061035156,98.68000030517578,5783700,87.74547576904297
2022-12-05,98.089996337890625,98.12999725341797,97.62999725341797,97.68000030517578,6295800,86.856292724609375
2022-12-06,97.93000030517578,98.410003662109375,97.8499984741211,98.279998779296875,5745500,87.38983154296875
2022-12-07,98.68000030517578,99.25,98.62000274658203,99.13999938964844,5386200,88.15452575683594
2022-12-08,98.62000274658203,98.87999725341797,98.44999694824219,98.58000183105469,5325800,87.656585693359375
2022-12-09,98.29000091552734,98.37000274658203,97.8499984741211,97.8499984741211,4343100,87.007476806640625
2022-12-12,98.30000305175781,98.38999938964844,97.58000183105469,97.70999908447266,5192200,86.88299560546875
2022-12-13,99.13999938964844,99.26000213623047,98.5,98.589996337890625,7856600,87.66547393798828
2022-12-14,98.6500015258789,98.98999786376953,98.20999908447266,98.86000061035156,6533200,87.90557098388672
2022-12-15,98.80999755859375,99.01000213623047,98.55000305175781,98.86000061035156,4344200,88.076629638671875
2022-12-16,98.16999816894531,98.79000091552734,98.06999969482422,98.61000061035156,4432800,87.85387420654297
2022-12-19,98.05000305175781,98.05999755859375,97.7300033569336,97.80999755859375,3951100,87.14112091064453
2022-12-20,97.08000183105469,97.30999755859375,96.98999786376953,97.0999984741211,4199800,86.50859069824219
2022-12-21,97.5,97.54000091552734,97.089996337890625,97.220001220703125,4406600,86.6155014038086
2022-12-22,97.23999786376953,97.4800033569336,97.13999938964844,97.19000244140625,2143100,86.58879089355469
2022-12-23,96.7300033569336,96.94999694824219,96.69000244140625,96.75,3164900,86.19676208496094
2022-12-27,96.220001220703125,96.410003662109375,95.9000015258789,95.94000244140625,4780800,85.475128173828125
2022-12-28,96.08000183105469,96.160003662109375,95.69000244140625,95.70999908447266,3161200,85.27022552490234
2022-12-29,95.970001220703125,96.2699966430664,95.91999816894531,96.18000030517578,4021800,85.68892669677734
2022-12-30,95.86000061035156,96.2699966430664,95.62000274658203,95.779998779296875,5043800,85.33255767822266
2023-01-03,96.910003662109375,97,96.339996337890625,96.529998779296875,6808300,86.00074005126953
2023-01-04,97.339996337890625,97.41999816894531,96.98999786376953,97.2699966430664,7800100,86.6600341796875
2023-01-05,96.69999694824219,97.220001220703125,96.56999969482422,97.12999725341797,3177900,86.535308837890625
2023-01-06,97.16999816894531,98.43000030517578,97.08000183105469,98.37999725341797,6807700,87.648956298828125
2023-01-09,98.26000213623047,98.80999755859375,98.19999694824219,98.62999725341797,4988000,87.87171173095703
2023-01-10,98.220001220703125,98.33000183105469,97.83000183105469,98.01000213623047,4026900,87.31932830810547
2023-01-11,98.30000305175781,98.660003662109375,98.23999786376953,98.63999938964844,7118700,87.88060760498047
2023-01-12,98.95999908447266,99.5199966430664,98.4800033569336,99.5199966430664,5768000,88.66461944580078
2023-01-13,99.26000213623047,99.5,98.86000061035156,98.98999786376953,5573500,88.19243621826172
2023-01-17,98.660003662109375,99.0199966430664,98.63999938964844,98.68000030517578,3709000,87.916229248046875
2023-01-18,99.87000274658203,100.05999755859375,99.55000305175781,100.0199966430664,7926400,89.11006927490234
2023-01-19,99.81999969482422,99.9800033569336,99.62999725341797,99.83000183105469,4234100,88.9408187866211
2023-01-20,99.31999969482422,99.44999694824219,99.05999755859375,99.16999816894531,8822700,88.3528060913086
2023-01-23,98.839996337890625,99.13999938964844,98.80999755859375,98.8499984741211,4334900,88.06768798828125
2023-01-24,98.9800033569336,99.44000244140625,98.6500015258789,99.41999816894531,3540300,88.57552337646484
2023-01-25,99.48999786376953,99.7300033569336,99.20999908447266,99.529998779296875,2924700,88.67353057861328
2023-01-26,99.339996337890625,99.529998779296875,99.029998779296875,99.16999816894531,2875400,88.3528060913086
2023-01-27,98.80000305175781,99.0199966430664,98.7699966430664,99.0199966430664,5524100,88.21915435791016
2023-01-30,98.73999786376953,98.94999694824219,98.660003662109375,98.70999908447266,2584600,87.9429931640625
2023-01-31,99.160003662109375,99.25,98.73999786376953,99.20999908447266,4856400,88.38844299316406
2023-02-01,99.19999694824219,99.7699966430664,98.83000183105469,99.70999908447266,20159100,89.02410888671875
2023-02-02,100.0199966430664,100.20999908447266,99.63999938964844,99.66999816894531,5823000,88.98841857910156
2023-02-03,98.80999755859375,99,98.470001220703125,98.5999984741211,5267000,88.03307342529297
2023-02-06,97.9000015258789,98.04000091552734,97.69999694824219,97.75,5500400,87.274200439453125
2023-02-07,97.6500015258789,98.12999725341797,97.45999908447266,97.51000213623047,5678900,87.0599136352539
2023-02-08,97.61000061035156,97.87999725341797,97.4000015258789,97.87000274658203,6137600,87.38133239746094
2023-02-09,98.12000274658203,98.13999938964844,97.31999969482422,97.43000030517578,7358300,86.98847961425781
2023-02-10,97.3499984741211,97.37999725341797,96.88999938964844,96.95999908447266,5290000,86.5688705444336
2023-02-13,96.970001220703125,97.23999786376953,96.94999694824219,97.19000244140625,17262300,86.77421569824219
2023-02-14,96.88999938964844,97.12000274658203,96.48999786376953,96.75,7133600,86.38133239746094
2023-02-15,96.58000183105469,96.80000305175781,96.33000183105469,96.45999908447266,4964700,86.12242889404297
2023-02-16,96.2300033569336,96.43000030517578,96.05000305175781,96.13999938964844,27126400,85.83671569824219
2023-02-17,95.93000030517578,96.44000244140625,95.9000015258789,96.410003662109375,4540500,86.07780456542969
2023-02-21,95.75,95.83000183105469,95.339996337890625,95.36000061035156,11382100,85.14033508300781
2023-02-22,95.63999938964844,95.80999755859375,95.4800033569336,95.529998779296875,30136400,85.29210662841797
2023-02-23,95.55999755859375,96,95.51000213623047,95.9000015258789,7059800,85.62242889404297
2023-02-24,95.29000091552734,95.44999694824219,95.11000061035156,95.31999969482422,10757200,85.10462188720703
2023-02-27,95.660003662109375,95.76000213623047,95.44999694824219,95.61000061035156,3693200,85.36354064941406
2023-02-28,95.31999969482422,95.79000091552734,95.19999694824219,95.76000213623047,4690000,85.4974594116211
2023-03-01,95.13999938964844,95.30000305175781,94.75,94.80000305175781,8328600,84.81392669677734
2023-03-02,94.29000091552734,94.48999786376953,94.20999908447266,94.410003662109375,12952800,84.464996337890625
2023-03-03,94.910003662109375,95.16999816894531,94.62999725341797,95.16999816894531,5696900,85.14493560791016
2023-03-06,95.38999938964844,95.41999816894531,94.93000030517578,95,3766400,84.99288177490234
2023-03-07,95.16999816894531,95.29000091552734,94.779998779296875,95.01000213623047,5053300,85.00181579589844
2023-03-08,95.37999725341797,95.55999755859375,94.86000061035156,94.9800033569336,5163500,84.97496795654297
2023-03-09,95.13999938964844,95.720001220703125,95.08000183105469,95.56999969482422,12498800,85.50284576416016
2023-03-10,96.80999755859375,97.41999816894531,96.66999816894531,97.33000183105469,11041300,87.07740020751953
2023-03-13,98.94999694824219,99.41999816894531,98.13999938964844,98.51000213623047,23930600,88.133148193359375
2023-03-14,98.089996337890625,98.18000030517578,97.37999725341797,97.58000183105469,47886700,87.30108642578125
2023-03-15,99.26000213623047,99.779998779296875,98.5199966430664,98.98999786376953,25157400,88.56255340576172
2023-03-16,99.529998779296875,99.76000213623047,97.9800033569336,98.0999984741211,13961000,87.76631927490234
2023-03-17,98.86000061035156,99.62999725341797,98.7699966430664,99.26000213623047,12293700,88.80412292480469
2023-03-20,99.41999816894531,99.43000030517578,98.62999725341797,98.86000061035156,7982400,88.446258544921875
2023-03-21,98.18000030517578,98.45999908447266,97.86000061035156,98,9851600,87.67684173583984
2023-03-22,97.83000183105469,99.37000274658203,97.75,99.29000091552734,10705200,88.83097839355469
2023-03-23,99.12999725341797,99.94000244140625,98.9800033569336,99.86000061035156,7118800,89.34090423583984
2023-03-24,100.44000244140625,100.58000183105469,99.76000213623047,99.88999938964844,9135800,89.36775970458984
2023-03-27,98.94000244140625,99.13999938964844,98.62999725341797,98.660003662109375,8284400,88.2673110961914
2023-03-28,98.44999694824219,98.75,98.36000061035156,98.5999984741211,13324800,88.21363830566406
2023-03-29,98.2300033569336,98.62000274658203,98.19000244140625,98.43000030517578,13404700,88.0615463256836
2023-03-30,98.339996337890625,98.66999816894531,98.30999755859375,98.58000183105469,4157500,88.19575500488281
2023-03-31,98.73999786376953,99.19000244140625,98.58000183105469,99.12000274658203,6330100,88.67888641357422
2023-04-03,98.80999755859375,99.55999755859375,98.73999786376953,99.38999938964844,7226600,89.09661865234375
2023-04-04,98.970001220703125,100.13999938964844,98.94999694824219,100.02999877929688,6763200,89.6703109741211
2023-04-05,100.4000015258789,100.7699966430664,100.30000305175781,100.44999694824219,6257100,90.04683685302734
2023-04-06,100.48999786376953,100.72000122070312,100.45999908447266,100.4800033569336,4264700,90.07373809814453
2023-04-10,99.69000244140625,99.76000213623047,99.37000274658203,99.48999786376953,6025100,89.18623352050781
2023-04-11,99.56999969482422,99.58000183105469,99.220001220703125,99.44999694824219,5459000,89.15038299560547
2023-04-12,99.910003662109375,99.94999694824219,99.29000091552734,99.73999786376953,5857200,89.4103775024414
2023-04-13,99.9000015258789,100.06999969482422,99.33000183105469,99.410003662109375,39858200,89.1145248413086
2023-04-14,99.08000183105469,99.0999984741211,98.79000091552734,98.91999816894531,4968500,88.6752700805664
2023-04-17,98.54000091552734,98.5999984741211,98.26000213623047,98.29000091552734,5681000,88.11051940917969
2023-04-18,98.31999969482422,98.66999816894531,98.30000305175781,98.44999694824219,5061300,88.25394439697266
2023-04-19,98.220001220703125,98.30999755859375,97.9800033569336,98.23999786376953,4648100,88.065704345703125
2023-04-20,98.779998779296875,98.88999938964844,98.68000030517578,98.80999755859375,4608000,88.57667541503906
2023-04-21,99.0199966430664,99.0999984741211,98.48999786376953,98.56999969482422,5948100,88.36151123046875
2023-04-24,98.839996337890625,99.06999969482422,98.7699966430664,99.05000305175781,5143700,88.79183197021484
2023-04-25,99.61000061035156,100.06999969482422,99.589996337890625,100.02999877929688,13076800,89.6703109741211
2023-04-26,100.01000213623047,100.12999725341797,99.48999786376953,99.63999938964844,5903000,89.32073211669922
2023-04-27,99.2300033569336,99.279998779296875,98.87999725341797,98.98999786376953,5065800,88.73802947998047
2023-04-28,99.589996337890625,99.73999786376953,99.37000274658203,99.7300033569336,8525900,89.40140533447266
2023-05-01,99.11000061035156,99.16999816894531,98.19000244140625,98.31999969482422,17442000,88.34916687011719
2023-05-02,98.660003662109375,99.62999725341797,98.5999984741211,99.5999984741211,8540700,89.49932861328125
2023-05-03,99.87000274658203,100.27999877929688,99.69000244140625,100.25,9534800,90.08344268798828
2023-05-04,99.9800033569336,100.80000305175781,99.95999908447266,100.2300033569336,12014100,90.065460205078125
2023-05-05,99.6500015258789,99.7300033569336,99.44000244140625,99.69000244140625,11254400,89.5802230834961
2023-05-08,99.06999969482422,99.29000091552734,99.029998779296875,99.08000183105469,7022400,89.03206634521484
2023-05-09,99.06999969482422,99.16999816894531,98.94000244140625,98.95999908447266,7317200,88.92424774169922
2023-05-10,99.410003662109375,99.779998779296875,99.4000015258789,99.69999694824219,9930800,89.58918762207031
2023-05-11,100.29000091552734,100.41000366210938,99.95999908447266,100.06999969482422,5979600,89.9216537475586
2023-05-12,99.98999786376953,100.06999969482422,99.44000244140625,99.470001220703125,5107300,89.38252258300781
2023-05-15,99.19000244140625,99.25,99.12000274658203,99.25,4459100,89.184844970703125
2023-05-16,98.87000274658203,99,98.6500015258789,98.93000030517578,7194000,88.89729309082031
2023-05-17,98.98999786376953,99.0199966430664,98.48999786376953,98.61000061035156,5542600,88.6097412109375
2023-05-18,98.25,98.26000213623047,97.95999908447266,98,9448900,88.06159973144531
2023-05-19,97.6500015258789,98.0999984741211,97.45999908447266,97.62999725341797,12923500,87.7291259765625
2023-05-22,97.6500015258789,97.9000015258789,97.4000015258789,97.44999694824219,7034700,87.56736755371094
2023-05-23,97.30999755859375,97.7300033569336,97.2300033569336,97.61000061035156,8264200,87.711151123046875
2023-05-24,97.7300033569336,97.7699966430664,97.30999755859375,97.36000061035156,7415400,87.48651123046875
2023-05-25,97.18000030517578,97.26000213623047,96.66999816894531,96.75,11647700,86.9383544921875
2023-05-26,96.5999984741211,96.93000030517578,96.38999938964844,96.93000030517578,7408900,87.10011291503906
2023-05-30,97.220001220703125,97.69000244140625,97.1500015258789,97.69000244140625,7883000,87.78301239013672
2023-05-31,97.75,98.20999908447266,97.62000274658203,98.05999755859375,10817900,88.11549377441406
2023-06-01,98.12000274658203,98.37999725341797,97.970001220703125,98.0999984741211,18161600,88.3604965209961
2023-06-02,97.93000030517578,97.95999908447266,97.23999786376953,97.31999969482422,7585400,87.6579360961914
2023-06-05,96.91999816894531,97.55999755859375,96.81999969482422,97.29000091552734,6243100,87.63091278076172
2023-06-06,97.33000183105469,97.37999725341797,97.05999755859375,97.3499984741211,3986200,87.68495178222656
2023-06-07,97.220001220703125,97.31999969482422,96.54000091552734,96.63999938964844,8226600,87.0454330444336
2023-06-08,96.80999755859375,97.30999755859375,96.7699966430664,97.29000091552734,5841900,87.63091278076172
2023-06-09,96.95999908447266,97.08000183105469,96.7699966430664,96.94000244140625,6421900,87.31566619873047
2023-06-12,97.089996337890625,97.12000274658203,96.66999816894531,97.0999984741211,5261700,87.45977783203125
2023-06-13,97.25,97.31999969482422,96.26000213623047,96.410003662109375,9173500,86.83827209472656
2023-06-14,96.69999694824219,96.83000183105469,96.18000030517578,96.54000091552734,7704400,86.95538330078125
2023-06-15,97.11000061035156,97.36000061035156,96.9800033569336,97.29000091552734,5959100,87.63091278076172
2023-06-16,96.80999755859375,97.05000305175781,96.589996337890625,96.87000274658203,6538100,87.25263977050781
2023-06-20,97.05000305175781,97.38999938964844,97.05000305175781,97.160003662109375,5477300,87.51383209228516
2023-06-21,96.9000015258789,97.33000183105469,96.75,97.25,5119600,87.594879150390625
2023-06-22,96.95999908447266,97.12999725341797,96.62999725341797,96.69999694824219,4102100,87.0994873046875
2023-06-23,97.470001220703125,97.5,96.9800033569336,97.0999984741211,4112100,87.45977783203125
2023-06-26,97.3499984741211,97.43000030517578,97.160003662109375,97.339996337890625,2976600,87.67597198486328
2023-06-27,97.31999969482422,97.5,96.87000274658203,97,4752500,87.36971282958984
2023-06-28,97.13999938964844,97.43000030517578,96.94999694824219,97.38999938964844,5257300,87.72100067138672
2023-06-29,96.51000213623047,96.58000183105469,96.220001220703125,96.38999938964844,8268700,86.820281982421875
2023-06-30,96.41999816894531,96.660003662109375,96.30999755859375,96.5999984741211,7450600,87.00943756103516
2023-07-03,96.31999969482422,96.62000274658203,95.94999694824219,95.94999694824219,4687100,86.63203430175781
2023-07-05,95.94999694824219,96,95.37000274658203,95.48999786376953,10181200,86.21669006347656
2023-07-06,94.76000213623047,94.86000061035156,94.36000061035156,94.70999908447266,9285100,85.5124282836914
2023-07-07,94.58000183105469,94.94999694824219,94.54000091552734,94.589996337890625,6577600,85.40411376953125
2023-07-10,94.73999786376953,95.220001220703125,94.7300033569336,95.08000183105469,6622700,85.84651184082031
2023-07-11,95.26000213623047,95.41999816894531,95.12999725341797,95.279998779296875,6327100,86.02709197998047
2023-07-12,95.910003662109375,96.339996337890625,95.7699966430664,96.20999908447266,8255100,86.86678314208984
2023-07-13,96.68000030517578,97.06999969482422,96.58000183105469,97.01000213623047,9742600,87.58909606933594
2023-07-14,96.80000305175781,96.91999816894531,96.48999786376953,96.529998779296875,7491100,87.15570068359375
2023-07-17,96.5999984741211,96.779998779296875,96.4800033569336,96.69000244140625,3182400,87.30016326904297
2023-07-18,97,97.12000274658203,96.73999786376953,96.80000305175781,3626500,87.39945983886719
2023-07-19,96.9800033569336,97.19000244140625,96.79000091552734,97.12999725341797,5059300,87.6974105834961
2023-07-20,96.62999725341797,96.66999816894531,96.19000244140625,96.36000061035156,9486600,87.002197265625
2023-07-21,96.56999969482422,96.660003662109375,96.410003662109375,96.44000244140625,4560100,87.07444763183594
2023-07-24,96.61000061035156,96.70999908447266,96.16999816894531,96.20999908447266,7451100,86.86678314208984
2023-07-25,95.83000183105469,96.089996337890625,95.81999969482422,96.029998779296875,4079300,86.70423889160156
2023-07-26,96.25,96.410003662109375,95.970001220703125,96.36000061035156,4880100,87.002197265625
2023-07-27,95.98999786376953,96.0999984741211,95.18000030517578,95.30999755859375,8522800,86.054168701171875
2023-07-28,95.529998779296875,95.73999786376953,95.44000244140625,95.62000274658203,5794100,86.33403778076172
2023-07-31,95.58000183105469,95.910003662109375,95.56999969482422,95.73999786376953,6347000,86.44239807128906
2023-08-01,95.04000091552734,95.18000030517578,94.779998779296875,94.94000244140625,7714000,85.93733978271484
2023-08-02,94.660003662109375,94.79000091552734,94.36000061035156,94.75,8009200,85.76533508300781
2023-08-03,94.11000061035156,94.25,93.95999908447266,94.05000305175781,11057900,85.13172149658203
2023-08-04,94.4000015258789,95.12999725341797,94.4000015258789,95.05000305175781,10189900,86.036895751953125
2023-08-07,94.93000030517578,94.9800033569336,94.70999908447266,94.81999969482422,4007400,85.82872009277344
2023-08-08,95.30999755859375,95.54000091552734,95.19000244140625,95.30000305175781,5401400,86.26319122314453
2023-08-09,95.30000305175781,95.5199966430664,95.26000213623047,95.36000061035156,5317200,86.3175048828125
2023-08-10,95.36000061035156,95.54000091552734,94.62000274658203,94.62999725341797,8462100,85.65672302246094
2023-08-11,94.23999786376953,94.55999755859375,94.089996337890625,94.12999725341797,5915000,85.20413970947266
2023-08-14,93.9800033569336,94.26000213623047,93.779998779296875,93.9800033569336,6218400,85.06836700439453
2023-08-15,93.87999725341797,94.18000030517578,93.75,93.80000305175781,9602600,84.9054183959961
2023-08-16,93.779998779296875,94,93.37000274658203,93.44000244140625,7199600,84.57954406738281
2023-08-17,93.410003662109375,93.470001220703125,93.05999755859375,93.31999969482422,9858300,84.47096252441406
2023-08-18,93.48999786376953,93.80999755859375,93.44000244140625,93.5999984741211,7510500,84.7243881225586
2023-08-21,93.160003662109375,93.19999694824219,92.910003662109375,93.0199966430664,10864000,84.199371337890625
2023-08-22,92.94000244140625,93.160003662109375,92.8499984741211,93.05999755859375,6330500,84.235595703125
2023-08-23,93.62999725341797,94.06999969482422,93.5999984741211,94.06999969482422,8550500,85.14982604980469
2023-08-24,93.779998779296875,94.05000305175781,93.69000244140625,93.720001220703125,5735800,84.83302307128906
2023-08-25,93.589996337890625,93.93000030517578,93.339996337890625,93.69000244140625,7895700,84.805877685546875
2023-08-28,93.910003662109375,93.9800033569336,93.70999908447266,93.94999694824219,3301700,85.04119873046875
2023-08-29,93.7300033569336,94.660003662109375,93.70999908447266,94.62000274658203,7064200,85.64765930175781
2023-08-30,94.73999786376953,94.79000091552734,94.55000305175781,94.61000061035156,6346700,85.63858795166016
2023-08-31,94.720001220703125,94.94000244140625,94.62999725341797,94.80000305175781,6167300,85.810638427734375
2023-09-01,94.56999969482422,94.58000183105469,93.86000061035156,93.9800033569336,7746600,85.28607177734375
2023-09-05,93.70999908447266,93.720001220703125,93.37000274658203,93.410003662109375,4993400,84.768798828125
2023-09-06,93.56999969482422,93.589996337890625,93.12000274658203,93.16999816894531,7344100,84.55097961425781
2023-09-07,93.38999938964844,93.529998779296875,93.29000091552734,93.48999786376953,7137500,84.84139251708984
2023-09-08,93.720001220703125,93.86000061035156,93.470001220703125,93.51000213623047,4648500,84.85955810546875
2023-09-11,93.30999755859375,93.44000244140625,93.23999786376953,93.3499984741211,4321700,84.71435546875
2023-09-12,93.37999725341797,93.5,93.2699966430664,93.4800033569336,4998400,84.83232116699219
2023-09-13,93.339996337890625,93.720001220703125,93.31999969482422,93.589996337890625,6675400,84.9321517944336
2023-09-14,93.660003662109375,93.73999786376953,93.31999969482422,93.37999725341797,6421000,84.7415771484375
2023-09-15,93.2300033569336,93.29000091552734,93.0199966430664,93.089996337890625,9367700,84.47840118408203
2023-09-18,92.970001220703125,93.25,92.970001220703125,93.18000030517578,4622200,84.560089111328125
2023-09-19,92.970001220703125,93.13999938964844,92.80000305175781,92.839996337890625,7536800,84.251556396484375
2023-09-20,93.0999984741211,93.23999786376953,92.75,92.7699966430664,10751800,84.18800354003906
2023-09-21,92.12999725341797,92.220001220703125,92.0199966430664,92.08000183105469,8702500,83.56180572509766
2023-09-22,92.16999816894531,92.5199966430664,92.0999984741211,92.44000244140625,8637800,83.88853454589844
2023-09-25,91.8499984741211,92.0199966430664,91.720001220703125,91.76000213623047,11712000,83.27143859863281
2023-09-26,91.93000030517578,91.98999786376953,91.62000274658203,91.7300033569336,8281800,83.24421691894531
2023-09-27,91.970001220703125,92.01000213623047,91.08000183105469,91.31999969482422,10586100,82.87214660644531
2023-09-28,91.11000061035156,91.589996337890625,90.8499984741211,91.56999969482422,11654600,83.0990219116211
2023-09-29,91.94999694824219,92.04000091552734,91.44999694824219,91.589996337890625,13488300,83.11714935302734
2023-10-02,90.88999938964844,90.98999786376953,90.5,90.61000061035156,21010000,82.442962646484375
2023-10-03,90.41999816894531,90.589996337890625,89.80999755859375,89.86000061035156,21364700,81.76055908203125
2023-10-04,90.13999938964844,90.4800033569336,89.93000030517578,90.43000030517578,14054000,82.27918243408203
2023-10-05,90.63999938964844,90.660003662109375,90.410003662109375,90.5999984741211,11315900,82.43383026123047
2023-10-06,89.7699966430664,90.36000061035156,89.69000244140625,90.06999969482422,12257100,81.95161437988281
2023-10-09,90.75,91.220001220703125,90.61000061035156,91.220001220703125,5816700,82.99797821044922
2023-10-10,90.76000213623047,91.29000091552734,90.6500015258789,91.04000091552734,11508300,82.83417510986328
2023-10-11,91.4000015258789,91.5999984741211,91.19999694824219,91.54000091552734,14815800,83.28913879394531
2023-10-12,91.339996337890625,91.38999938964844,90.55000305175781,90.660003662109375,12855900,82.488433837890625
2023-10-13,91.31999969482422,91.36000061035156,91.05999755859375,91.23999786376953,9872500,83.01617431640625
2023-10-16,90.70999908447266,90.7699966430664,90.58000183105469,90.69999694824219,7248000,82.52484130859375
2023-10-17,89.9000015258789,90.04000091552734,89.6500015258789,89.80999755859375,11191600,81.7150650024414
2023-10-18,89.55999755859375,89.69000244140625,89.23999786376953,89.38999938964844,13794200,81.332916259765625
2023-10-19,89.13999938964844,89.5,88.86000061035156,88.94999694824219,27116700,80.932586669921875
2023-10-20,89.2699966430664,89.5999984741211,89.25,89.470001220703125,12587100,81.40570068359375
2023-10-23,89.1500015258789,90,89.01000213623047,89.88999938964844,12365000,81.78784942626953
2023-10-24,89.81999969482422,90.05999755859375,89.61000061035156,90.05000305175781,10906000,81.93343353271484
2023-10-25,89.58000183105469,89.61000061035156,89.1500015258789,89.26000213623047,15170200,81.214630126953125
2023-10-26,89.3499984741211,89.9800033569336,89.33000183105469,89.94000244140625,15901300,81.8333511352539
2023-10-27,89.87000274658203,90.089996337890625,89.70999908447266,90.08000183105469,11628200,81.96070098876953
2023-10-30,89.63999938964844,89.93000030517578,89.4800033569336,89.779998779296875,11022500,81.68778991699219
2023-10-31,89.83000183105469,90.0199966430664,89.56999969482422,89.589996337890625,11574700,81.514892578125
2023-11-01,89.5999984741211,90.41999816894531,89.55999755859375,90.37000274658203,22448900,82.45375061035156
2023-11-02,91.05999755859375,91.220001220703125,90.7300033569336,90.93000030517578,14046200,82.964691162109375
2023-11-03,92.04000091552734,92.23999786376953,91.62000274658203,91.62999725341797,23133700,83.60338592529297
2023-11-06,91.29000091552734,91.31999969482422,91,91.0999984741211,11246700,83.11979675292969
2023-11-07,91.38999938964844,91.81999969482422,91.38999938964844,91.62000274658203,13189400,83.5942611694336
2023-11-08,91.63999938964844,92.08000183105469,91.62999725341797,91.98999786376953,11117600,83.93183898925781
2023-11-09,91.83000183105469,91.839996337890625,91.029998779296875,91.08000183105469,17067900,83.10157775878906
2023-11-10,91.45999908447266,91.4800033569336,91.08000183105469,91.18000030517578,10674700,83.19279479980469
2023-11-13,90.83000183105469,91.160003662109375,90.69000244140625,91.12999725341797,8930200,83.147186279296875
2023-11-14,92.43000030517578,92.56999969482422,92.279998779296875,92.5,14313600,84.39715576171875
2023-11-15,92.05000305175781,92.05999755859375,91.69999694824219,91.779998779296875,12969400,83.74024963378906
2023-11-16,92.31999969482422,92.61000061035156,92.30999755859375,92.470001220703125,10375600,84.369781494140625
2023-11-17,92.58000183105469,92.62999725341797,92.3499984741211,92.529998779296875,8462000,84.42454528808594
2023-11-20,92.339996337890625,92.720001220703125,92.30999755859375,92.660003662109375,7481200,84.54313659667969
2023-11-21,92.7699966430664,92.910003662109375,92.54000091552734,92.779998779296875,9153300,84.65264129638672
2023-11-22,92.91999816894531,92.98999786376953,92.5199966430664,92.75,7255100,84.62525939941406
2023-11-24,92.3499984741211,92.41999816894531,92.26000213623047,92.2699966430664,4125800,84.18732452392578
2023-11-27,92.55000305175781,92.9800033569336,92.48999786376953,92.970001220703125,9539800,84.82599639892578
2023-11-28,92.86000061035156,93.410003662109375,92.80999755859375,93.37999725341797,13563300,85.20008087158203
2023-11-29,93.720001220703125,93.970001220703125,93.589996337890625,93.87000274658203,19075400,85.64716339111328
2023-11-30,93.5199966430664,93.55000305175781,93.220001220703125,93.410003662109375,18446700,85.227447509765625
2023-12-01,93.13999938964844,94.089996337890625,93.11000061035156,94.04000091552734,21393200,86.0315933227539
2023-12-04,93.68000030517578,93.88999938964844,93.44999694824219,93.6500015258789,16402000,85.6748046875
2023-12-05,94.05000305175781,94.410003662109375,93.98999786376953,94.30999755859375,25452100,86.27860260009766
2023-12-06,94.5199966430664,94.79000091552734,94.410003662109375,94.69999694824219,14023400,86.6353988647461
2023-12-07,94.5,94.86000061035156,94.45999908447266,94.55999755859375,13730100,86.50731658935547
2023-12-08,94.029998779296875,94.1500015258789,93.7300033569336,93.94999694824219,13825300,85.94925689697266
2023-12-11,93.75,94,93.55999755859375,93.95999908447266,10484600,85.95842742919922
2023-12-12,93.94999694824219,94.220001220703125,93.86000061035156,94.160003662109375,7248000,86.14137268066406
2023-12-13,94.44000244140625,95.68000030517578,94.37000274658203,95.55999755859375,16155200,87.4221420288086
2023-12-14,95.7699966430664,96.2699966430664,95.720001220703125,96.06999969482422,32373200,88.14885711669922
2023-12-15,95.88999938964844,96.1500015258789,95.839996337890625,95.98999786376953,9407100,88.07542419433594
2023-12-18,95.80999755859375,95.81999969482422,95.62999725341797,95.779998779296875,8634100,87.88274383544922
2023-12-19,95.94000244140625,96.13999938964844,95.88999938964844,95.95999908447266,9047100,88.04789733886719
2023-12-20,96.18000030517578,96.48999786376953,95.9800033569336,96.43000030517578,12659100,88.47916412353516
2023-12-21,96.63999938964844,96.69999694824219,96.1500015258789,96.279998779296875,8939700,88.341522216796875
2023-12-22,96.45999908447266,96.4800033569336,96.05000305175781,96.19000244140625,4956400,88.25894927978516
2023-12-26,96.1500015258789,96.339996337890625,96.12999725341797,96.25,3342500,88.31401062011719
2023-12-27,96.660003662109375,97.04000091552734,96.589996337890625,97,7362400,89.00218200683594
2023-12-28,96.80000305175781,96.95999908447266,96.529998779296875,96.62999725341797,4858500,88.662689208984375
2023-12-29,96.3499984741211,96.63999938964844,96.29000091552734,96.38999938964844,7820500,88.44245910644531
2024-01-02,95.94000244140625,96.1500015258789,95.91999816894531,96.029998779296875,9444000,88.11214447021484
2024-01-03,95.61000061035156,96.339996337890625,95.529998779296875,96.26000213623047,11040500,88.32317352294922
2024-01-04,95.69000244140625,95.83000183105469,95.58000183105469,95.68000030517578,7354800,87.79100799560547
2024-01-05,95.33000183105469,96.0199966430664,95.26000213623047,95.33000183105469,10001000,87.469879150390625
2024-01-08,95.38999938964844,95.95999908447266,95.36000061035156,95.6500015258789,7044700,87.76348114013672
2024-01-09,95.5199966430664,95.75,95.5199966430664,95.61000061035156,7360800,87.7267837524414
2024-01-10,95.79000091552734,95.86000061035156,95.44000244140625,95.45999908447266,9212700,87.58915710449219
2024-01-11,95.5999984741211,96.04000091552734,95.4800033569336,95.970001220703125,10305400,88.0571060180664
2024-01-12,96.2300033569336,96.4800033569336,96.0199966430664,96.2300033569336,8469600,88.295654296875
2024-01-16,95.839996337890625,95.95999908447266,95.31999969482422,95.44999694824219,9847100,87.57996368408203
2024-01-17,95.16999816894531,95.2300033569336,94.94999694824219,95.13999938964844,9170700,87.2955322265625
2024-01-18,95.0999984741211,95.16999816894531,94.83000183105469,94.93000030517578,8910100,87.10284423828125
2024-01-19,94.779998779296875,94.95999908447266,94.54000091552734,94.94000244140625,17711100,87.112030029296875
2024-01-22,95.279998779296875,95.38999938964844,95.1500015258789,95.2300033569336,9831500,87.37812042236328
2024-01-23,95,95.0199966430664,94.87000274658203,94.98999786376953,6428600,87.15788269042969
2024-01-24,95.339996337890625,95.37000274658203,94.660003662109375,94.720001220703125,9718000,86.91015625
2024-01-25,95.05000305175781,95.160003662109375,94.9000015258789,95.12999725341797,11588100,87.286346435546875
2024-01-26,95.05000305175781,95.05000305175781,94.839996337890625,94.95999908447266,9134600,87.13037109375
2024-01-29,95.25,95.62000274658203,95.18000030517578,95.529998779296875,6947500,87.653350830078125
2024-01-30,95.69000244140625,95.73999786376953,95.1500015258789,95.660003662109375,7265800,87.77265167236328
2024-01-31,96.089996337890625,96.4800033569336,95.98999786376953,96.45999908447266,15778300,88.5067138671875
2024-02-01,96.5999984741211,97.11000061035156,96.339996337890625,96.81999969482422,33372900,89.05488586425781
2024-02-02,95.73999786376953,95.9000015258789,95.37999725341797,95.55999755859375,13809200,87.89595031738281
2024-02-05,94.9000015258789,94.98999786376953,94.529998779296875,94.62999725341797,12147700,87.04052734375
2024-02-06,94.73999786376953,95.2300033569336,94.70999908447266,95.13999938964844,9327000,87.50963592529297
2024-02-07,94.970001220703125,95.3499984741211,94.94000244140625,94.970001220703125,8619800,87.35323333740234
2024-02-08,94.76000213623047,94.839996337890625,94.56999969482422,94.660003662109375,7808000,87.06812286376953
2024-02-09,94.43000030517578,94.56999969482422,94.4000015258789,94.48999786376953,8492500,86.911773681640625
2024-02-12,94.56999969482422,94.69000244140625,94.4000015258789,94.58000183105469,7023600,86.994537353515625
2024-02-13,93.87999725341797,93.970001220703125,93.5199966430664,93.54000091552734,11978400,86.03795623779297
2024-02-14,93.63999938964844,94.05999755859375,93.63999938964844,93.88999938964844,8979600,86.35990142822266
2024-02-15,94.30000305175781,94.4000015258789,94.029998779296875,94.1500015258789,6788300,86.599029541015625
2024-02-16,93.5999984741211,93.79000091552734,93.55000305175781,93.73999786376953,7147400,86.22190856933594
2024-02-20,93.93000030517578,94.12000274658203,93.88999938964844,93.9000015258789,8286300,86.36907196044922
2024-02-21,93.970001220703125,94.0199966430664,93.54000091552734,93.5999984741211,6433900,86.09312438964844
2024-02-22,93.56999969482422,93.79000091552734,93.44000244140625,93.61000061035156,8688500,86.10233306884766
2024-02-23,93.63999938964844,94.11000061035156,93.63999938964844,94.04000091552734,6426700,86.49785614013672
2024-02-26,94.05000305175781,94.05999755859375,93.68000030517578,93.9000015258789,6417200,86.36907196044922
2024-02-27,93.76000213623047,93.91999816894531,93.62999725341797,93.69000244140625,7540600,86.17591857910156
2024-02-28,93.80000305175781,94.029998779296875,93.73999786376953,94.029998779296875,5293600,86.48866271972656
2024-02-29,94.0999984741211,94.33000183105469,94.08000183105469,94.220001220703125,11919200,86.66341400146484
2024-03-01,93.8499984741211,94.45999908447266,93.62000274658203,94.4000015258789,11857200,87.05904388427734
2024-03-04,94.08000183105469,94.29000091552734,94.06999969482422,94.19000244140625,6641600,86.86537170410156
2024-03-05,94.66999816894531,94.94000244140625,94.55999755859375,94.7699966430664,7673100,87.40028381347656
2024-03-06,94.94000244140625,95.19000244140625,94.88999938964844,95,9499200,87.612396240234375
2024-03-07,95.19000244140625,95.220001220703125,94.91999816894531,95.160003662109375,8420900,87.75994873046875
2024-03-08,95.31999969482422,95.38999938964844,95.1500015258789,95.2300033569336,8103600,87.82453155517578
2024-03-11,95.26000213623047,95.29000091552734,95.0199966430664,95.11000061035156,5568200,87.7138442993164
2024-03-12,94.839996337890625,94.87000274658203,94.61000061035156,94.720001220703125,6556500,87.35417938232422
2024-03-13,94.58000183105469,94.6500015258789,94.470001220703125,94.51000213623047,9708400,87.160491943359375
2024-03-14,94.160003662109375,94.16999816894531,93.79000091552734,93.80999755859375,10055900,86.51495361328125
2024-03-15,93.73999786376953,93.81999969482422,93.62999725341797,93.6500015258789,6591400,86.367401123046875
2024-03-18,93.62000274658203,93.69999694824219,93.44999694824219,93.54000091552734,5319700,86.26593017578125
2024-03-19,93.7300033569336,93.94000244140625,93.66999816894531,93.80999755859375,5470300,86.51495361328125
2024-03-20,93.910003662109375,94.3499984741211,93.69999694824219,94.029998779296875,10190800,86.71781921386719
2024-03-21,94.20999908447266,94.279998779296875,93.95999908447266,94.04000091552734,8271200,86.72705078125
2024-03-22,94.55999755859375,94.55999755859375,94.410003662109375,94.5,6119800,87.1512680053711
2024-03-25,94.410003662109375,94.410003662109375,94.19000244140625,94.25,4488900,86.92070007324219
2024-03-26,94.220001220703125,94.410003662109375,94.11000061035156,94.38999938964844,5477600,87.04984283447266
2024-03-27,94.5,94.79000091552734,94.48999786376953,94.75,4838500,87.38185119628906
2024-03-28,94.54000091552734,94.7699966430664,94.4800033569336,94.660003662109375,7561400,87.29884338378906
2024-04-01,93.98999786376953,93.98999786376953,93.45999908447266,93.529998779296875,10854000,86.50892639160156
2024-04-02,93.11000061035156,93.37000274658203,93.0199966430664,93.33000183105469,7214900,86.32395935058594
2024-04-03,92.94999694824219,93.44000244140625,92.86000061035156,93.44000244140625,12908000,86.425689697265625
2024-04-04,93.63999938964844,93.779998779296875,93.37999725341797,93.76000213623047,6960500,86.72166442871094
2024-04-05,93.25,93.54000091552734,93.12999725341797,93.13999938964844,6334600,86.14820861816406
2024-04-08,92.910003662109375,93.05999755859375,92.80999755859375,92.93000030517578,7115100,85.95397186279297
2024-04-09,93.19999694824219,93.37999725341797,93.19999694824219,93.30000305175781,5151100,86.29621124267578
2024-04-10,92.51000213623047,92.56999969482422,91.91999816894531,92.05999755859375,14993700,85.14929962158203
2024-04-11,92.2300033569336,92.2699966430664,91.80999755859375,91.93000030517578,9371400,85.0290298461914
2024-04-12,92.410003662109375,92.55999755859375,92.30999755859375,92.30999755859375,11675600,85.38050079345703
2024-04-15,91.68000030517578,91.73999786376953,91.3499984741211,91.720001220703125,12315300,84.834808349609375
2024-04-16,91.31999969482422,91.529998779296875,91.18000030517578,91.36000061035156,12027200,84.50182342529297
2024-04-17,91.69000244140625,92.01000213623047,91.54000091552734,91.94000244140625,10515400,85.0383071899414
2024-04-18,91.8499984741211,91.8499984741211,91.5,91.62000274658203,6964500,84.74232482910156
2024-04-19,91.839996337890625,91.86000061035156,91.63999938964844,91.73999786376953,6125800,84.8532943725586
2024-04-22,91.56999969482422,91.81999969482422,91.55000305175781,91.75,4002900,84.862548828125
2024-04-23,91.62999725341797,92.0999984741211,91.54000091552734,91.87000274658203,8319800,84.97355651855469
2024-04-24,91.660003662109375,91.69000244140625,91.44000244140625,91.589996337890625,7567400,84.71455383300781
2024-04-25,91.089996337890625,91.33000183105469,91.0199966430664,91.23999786376953,5784300,84.39082336425781
2024-04-26,91.44999694824219,91.62999725341797,91.41999816894531,91.48999786376953,5432600,84.62208557128906
2024-04-29,91.69999694824219,91.87999725341797,91.62000274658203,91.86000061035156,4846500,84.96430206298828
2024-04-30,91.51000213623047,91.6500015258789,91.3499984741211,91.43000030517578,7516700,84.56658935546875
2024-05-01,91.43000030517578,91.86000061035156,91.19000244140625,91.5199966430664,12392500,84.90148162841797
2024-05-02,91.5199966430664,92.01000213623047,91.44999694824219,91.94999694824219,8661500,85.300384521484375
2024-05-03,92.61000061035156,92.69999694824219,92.220001220703125,92.45999908447266,8501100,85.77349090576172
2024-05-06,92.5,92.63999938964844,92.410003662109375,92.54000091552734,4043400,85.8476791381836
2024-05-07,92.87000274658203,93.0199966430664,92.69999694824219,92.779998779296875,7776200,86.07035064697266
2024-05-08,92.58000183105469,92.660003662109375,92.51000213623047,92.5199966430664,9024000,85.82917785644531
2024-05-09,92.5,92.87000274658203,92.470001220703125,92.80000305175781,9625200,86.08890533447266
2024-05-10,92.5999984741211,92.63999938964844,92.44999694824219,92.5,3205000,85.81059265136719
2024-05-13,92.73999786376953,92.7699966430664,92.5999984741211,92.61000061035156,3228700,85.91264343261719
2024-05-14,92.79000091552734,92.91999816894531,92.69000244140625,92.87999725341797,4688800,86.163116455078125
2024-05-15,93.41999816894531,93.6500015258789,93.30000305175781,93.58000183105469,11384500,86.81251525878906
2024-05-16,93.61000061035156,93.61000061035156,93.37000274658203,93.4000015258789,4278400,86.64551544189453
2024-05-17,93.25,93.33000183105469,93.089996337890625,93.11000061035156,3883900,86.37650299072266
2024-05-20,92.9800033569336,93.05999755859375,92.94000244140625,92.970001220703125,4575900,86.24664306640625
2024-05-21,93.25,93.29000091552734,93.160003662109375,93.20999908447266,2669700,86.4692611694336
2024-05-22,92.9800033569336,93.19999694824219,92.970001220703125,93.089996337890625,3616300,86.35792541503906
2024-05-23,93.12999725341797,93.13999938964844,92.62000274658203,92.76000213623047,6005500,86.05179595947266
2024-05-24,92.66999816894531,92.88999938964844,92.63999938964844,92.87999725341797,3926400,86.163116455078125
2024-05-28,92.95999908447266,92.9800033569336,92.339996337890625,92.36000061035156,8761400,85.68071746826172
2024-05-29,92.12999725341797,92.13999938964844,91.720001220703125,91.910003662109375,10126800,85.26326751708984
2024-05-30,92.220001220703125,92.38999938964844,92.16999816894531,92.37000274658203,5069500,85.69001007080078
2024-05-31,92.6500015258789,92.81999969482422,92.61000061035156,92.80000305175781,4807400,86.08890533447266
2024-06-03,92.6500015258789,93.18000030517578,92.6500015258789,93.12999725341797,7675900,86.65275573730469
2024-06-04,93.44000244140625,93.7300033569336,93.37999725341797,93.63999938964844,8752000,87.12728118896484
2024-06-05,93.76000213623047,93.98999786376953,93.48999786376953,93.9800033569336,6466800,87.44367218017578
2024-06-06,93.81999969482422,94.029998779296875,93.79000091552734,93.94000244140625,5849400,87.40642547607422
2024-06-07,93.13999938964844,93.160003662109375,92.94000244140625,92.94999694824219,7125100,86.48526763916016
2024-06-10,92.779998779296875,92.839996337890625,92.660003662109375,92.75,3938900,86.29918670654297
2024-06-11,92.910003662109375,93.26000213623047,92.81999969482422,93.23999786376953,3954700,86.75513458251953
2024-06-12,94.08000183105469,94.31999969482422,93.73999786376953,93.76000213623047,9243200,87.23896026611328
2024-06-13,94.18000030517578,94.5199966430664,94.08000183105469,94.37999725341797,6529900,87.81581115722656
2024-06-14,94.51000213623047,94.69000244140625,94.45999908447266,94.5999984741211,5424600,88.0205307006836
2024-06-17,94.13999938964844,94.220001220703125,94.029998779296875,94.160003662109375,4957200,87.61112213134766
2024-06-18,94.31999969482422,94.68000030517578,94.279998779296875,94.56999969482422,5232600,87.99260711669922
2024-06-20,94.0999984741211,94.36000061035156,94.05000305175781,94.33000183105469,3573100,87.769317626953125
2024-06-21,94.51000213623047,94.5999984741211,94.18000030517578,94.3499984741211,6908700,87.78790283203125
2024-06-24,94.37000274658203,94.43000030517578,94.2300033569336,94.43000030517578,5276000,87.86234283447266
2024-06-25,94.37000274658203,94.55000305175781,94.33000183105469,94.51000213623047,3790100,87.936798095703125
2024-06-26,94.0199966430664,94.089996337890625,93.91999816894531,93.94000244140625,4196400,87.40642547607422
2024-06-27,94.12000274658203,94.23999786376953,94.11000061035156,94.1500015258789,4946600,87.60182189941406
2024-06-28,94.36000061035156,94.37999725341797,93.6500015258789,93.6500015258789,6032400,87.1365966796875
2024-07-01,92.839996337890625,93.11000061035156,92.58000183105469,92.66999816894531,13662800,86.48797607421875
2024-07-02,93.05999755859375,93.12999725341797,92.87999725341797,93.0199966430664,8195700,86.81461334228516
2024-07-03,93.25,93.68000030517578,93.19999694824219,93.63999938964844,3861000,87.39324188232422
2024-07-05,93.970001220703125,94.220001220703125,93.8499984741211,94.160003662109375,5111500,87.87855529785156
2024-07-08,94.12999725341797,94.26000213623047,93.98999786376953,94.19000244140625,5294600,87.90655517578125
2024-07-09,94.04000091552734,94.16999816894531,93.83000183105469,94.05999755859375,3006900,87.78522491455078
2024-07-10,94.13999938964844,94.19999694824219,94.01000213623047,94.1500015258789,4076600,87.86922454833984
2024-07-11,94.81999969482422,94.9800033569336,94.70999908447266,94.75,9658400,88.42919921875
2024-07-12,94.7699966430664,94.94999694824219,94.70999908447266,94.94999694824219,4304500,88.61585998535156
2024-07-15,94.70999908447266,94.83000183105469,94.56999969482422,94.6500015258789,3754500,88.33588409423828
2024-07-16,94.81999969482422,95.08000183105469,94.7300033569336,95.06999969482422,4705800,88.72785186767578
2024-07-17,94.93000030517578,95.20999908447266,94.839996337890625,95.1500015258789,5113500,88.80252838134766
2024-07-18,94.94000244140625,95.1500015258789,94.81999969482422,94.87999725341797,8640600,88.55052185058594
2024-07-19,94.62999725341797,94.69999694824219,94.529998779296875,94.58000183105469,5274400,88.270538330078125
2024-07-22,94.69000244140625,94.76000213623047,94.339996337890625,94.48999786376953,3869800,88.18653106689453
2024-07-23,94.62000274658203,94.75,94.55000305175781,94.55999755859375,5095600,88.25186920166016
2024-07-24,94.7300033569336,94.87999725341797,94.339996337890625,94.3499984741211,4733500,88.055877685546875
2024-07-25,94.54000091552734,94.87999725341797,94.48999786376953,94.55999755859375,4335600,88.25186920166016
2024-07-26,94.95999908447266,95.04000091552734,94.87000274658203,95.01000213623047,5217500,88.67185974121094
2024-07-29,95.25,95.26000213623047,95.08000183105469,95.16999816894531,6165600,88.8211898803711
2024-07-30,95.279998779296875,95.470001220703125,95.11000061035156,95.37000274658203,4419200,89.00785064697266
2024-07-31,95.6500015258789,96.08000183105469,95.44999694824219,96.06999969482422,10982900,89.66114044189453
2024-08-01,96,96.43000030517578,95.9800033569336,96.19000244140625,10492600,90.04401397705078
2024-08-02,97.19000244140625,97.75,97.12999725341797,97.68000030517578,18286500,91.438812255859375
2024-08-05,98.38999938964844,98.58000183105469,97.4000015258789,97.779998779296875,19098200,91.53240966796875
2024-08-06,97.54000091552734,97.58000183105469,96.839996337890625,96.910003662109375,9507000,90.7179946899414
2024-08-07,96.62999725341797,96.7300033569336,96.37999725341797,96.55999755859375,8419700,90.39037322998047
2024-08-08,96.160003662109375,96.339996337890625,96.06999969482422,96.2699966430664,4856100,90.11890411376953
2024-08-09,96.779998779296875,96.79000091552734,96.58000183105469,96.660003662109375,5174900,90.4839859008789
2024-08-12,96.54000091552734,96.9800033569336,96.4800033569336,96.93000030517578,4166400,90.736724853515625
2024-08-13,97.33000183105469,97.36000061035156,97.19000244140625,97.36000061035156,6458700,91.1392593383789
2024-08-14,97.31999969482422,97.62999725341797,97.30000305175781,97.48999786376953,4275700,91.26094818115234
2024-08-15,96.69999694824219,96.87999725341797,96.62000274658203,96.87999725341797,5507000,90.689910888671875
2024-08-16,97.08000183105469,97.089996337890625,96.80999755859375,97.06999969482422,4437000,90.86778259277344
2024-08-19,97.04000091552734,97.30999755859375,97.0199966430664,97.19999694824219,4437600,90.9894790649414
2024-08-20,97.44000244140625,97.62999725341797,97.36000061035156,97.589996337890625,4886000,91.35455322265625
2024-08-21,97.69000244140625,98.01000213623047,97.45999908447266,97.79000091552734,5386000,91.5417709350586
2024-08-22,97.55000305175781,97.56999969482422,97.19999694824219,97.339996337890625,4819500,91.12053680419922
2024-08-23,97.54000091552734,97.86000061035156,97.43000030517578,97.79000091552734,5475400,91.5417709350586
2024-08-26,97.95999908447266,97.970001220703125,97.66999816894531,97.66999816894531,3062400,91.42945098876953
2024-08-27,97.410003662109375,97.69999694824219,97.36000061035156,97.62999725341797,4433700,91.39200592041016
2024-08-28,97.6500015258789,97.7300033569336,97.54000091552734,97.58000183105469,8147000,91.3451919555664
2024-08-29,97.36000061035156,97.44999694824219,97.26000213623047,97.410003662109375,6199800,91.1860580444336
2024-08-30,97.43000030517578,97.55000305175781,97.05000305175781,97.06999969482422,4802600,90.86778259277344
2024-09-03,97.30999755859375,97.56999969482422,97.25,97.41999816894531,8232700,91.46680450439453
2024-09-04,97.529998779296875,98.04000091552734,97.5,97.98999786376953,9914900,92.00196838378906
2024-09-05,98.25,98.30000305175781,97.910003662109375,98.220001220703125,33635000,92.21790313720703
2024-09-06,98.26000213623047,98.8499984741211,98.0199966430664,98.36000061035156,17777600,92.34935760498047
2024-09-09,98.30000305175781,98.56999969482422,98.18000030517578,98.5,8532500,92.48079681396484
2024-09-10,98.51000213623047,98.970001220703125,98.48999786376953,98.91999816894531,7921400,92.8751220703125
2024-09-11,98.720001220703125,99.1500015258789,98.660003662109375,98.8499984741211,7286200,92.80941009521484
2024-09-12,98.7699966430664,98.87999725341797,98.51000213623047,98.69000244140625,5929800,92.65919494628906
2024-09-13,98.95999908447266,99,98.76000213623047,98.87999725341797,5305500,92.83757781982422
2024-09-16,98.98999786376953,99.18000030517578,98.87000274658203,99.13999938964844,6666900,93.0816879272461
2024-09-17,99.08000183105469,99.13999938964844,98.88999938964844,98.95999908447266,7807000,92.91270446777344
2024-09-18,98.7300033569336,99.05000305175781,98.4800033569336,98.529998779296875,8584500,92.50896453857422
2024-09-19,98.26000213623047,98.470001220703125,98.220001220703125,98.44999694824219,16770800,92.43384552001953
2024-09-20,98.30999755859375,98.55000305175781,98.18000030517578,98.41999816894531,6580600,92.40569305419922
2024-09-23,98.220001220703125,98.44999694824219,97.98999786376953,98.36000061035156,7491700,92.34935760498047
2024-09-24,98.089996337890625,98.5,98.01000213623047,98.470001220703125,6580800,92.45264434814453
2024-09-25,98.2699966430664,98.2699966430664,98.06999969482422,98.06999969482422,10455100,92.07708740234375
2024-09-26,98.1500015258789,98.19999694824219,97.839996337890625,98,8026500,92.01136016845703
2024-09-27,98.2300033569336,98.44000244140625,98.1500015258789,98.38999938964844,6207700,92.37752532958984
2024-09-30,98.31999969482422,98.3499984741211,97.95999908447266,98.12000274658203,8902400,92.12403106689453
2024-10-01,98.16999816894531,98.470001220703125,98.08000183105469,98.19000244140625,11665600,92.4592514038086
2024-10-02,97.75,97.94999694824219,97.63999938964844,97.910003662109375,7742100,92.19560241699219
2024-10-03,97.6500015258789,97.720001220703125,97.37999725341797,97.410003662109375,11556100,91.72477722167969
2024-10-04,96.56999969482422,96.779998779296875,96.41999816894531,96.470001220703125,8878300,90.839630126953125
2024-10-07,96.11000061035156,96.2699966430664,96.06999969482422,96.12000274658203,10152600,90.51006317138672
2024-10-08,95.970001220703125,96.19999694824219,95.93000030517578,96.19999694824219,5975200,90.58538055419922
2024-10-09,96.029998779296875,96.08000183105469,95.79000091552734,95.839996337890625,6769200,90.24640655517578
2024-10-10,95.7699966430664,95.87999725341797,95.529998779296875,95.83000183105469,5959000,90.23699188232422
2024-10-11,95.7300033569336,95.94999694824219,95.68000030517578,95.86000061035156,5394100,90.265228271484375
2024-10-14,95.45999908447266,95.69000244140625,95.410003662109375,95.69000244140625,3850900,90.10515594482422
2024-10-15,96.05999755859375,96.220001220703125,96.01000213623047,96.18000030517578,7736900,90.566558837890625
2024-10-16,96.36000061035156,96.45999908447266,96.2699966430664,96.33000183105469,5041100,90.70780181884766
2024-10-17,95.910003662109375,95.94999694824219,95.75,95.83000183105469,5460200,90.23699188232422
2024-10-18,95.98999786376953,96.05000305175781,95.91999816894531,95.94000244140625,5174700,90.34058380126953
2024-10-21,95.56999969482422,95.5999984741211,95.19000244140625,95.19999694824219,6633600,89.64375305175781
2024-10-22,95.31999969482422,95.37999725341797,95.029998779296875,95.11000061035156,5433900,89.55902099609375
2024-10-23,94.83000183105469,95,94.73999786376953,94.88999938964844,6914300,89.35184478759766
2024-10-24,94.9800033569336,95.26000213623047,94.87000274658203,95.0999984741211,5486300,89.54959869384766
2024-10-25,95.30999755859375,95.31999969482422,94.81999969482422,94.88999938964844,6455300,89.35184478759766
2024-10-28,94.910003662109375,94.91999816894531,94.48999786376953,94.66999816894531,5447300,89.14466094970703
2024-10-29,94.2699966430664,94.7300033569336,94.220001220703125,94.70999908447266,8475400,89.18235778808594
2024-10-30,94.93000030517578,95.16999816894531,94.529998779296875,94.56999969482422,6341100,89.0505142211914
2024-10-31,94.41999816894531,94.69999694824219,94.220001220703125,94.5199966430664,8662900,89.00343322753906
2024-11-01,94.37000274658203,94.45999908447266,93.63999938964844,93.66999816894531,15659500,88.47638702392578
2024-11-04,94.31999969482422,94.44000244140625,93.98999786376953,94.16999816894531,8179300,88.94865417480469
2024-11-05,94.05000305175781,94.339996337890625,93.73999786376953,94.220001220703125,8118500,88.99589538574219
2024-11-06,93.04000091552734,93.51000213623047,93.01000213623047,93.25,15261400,88.07966613769531
2024-11-07,93.62999725341797,94.16999816894531,93.58000183105469,94,15674000,88.78809356689453
2024-11-08,94.19999694824219,94.4800033569336,94.089996337890625,94.19999694824219,12335300,88.97699737548828
2024-11-11,93.91999816894531,93.95999908447266,93.779998779296875,93.94000244140625,3980000,88.73143005371094
2024-11-12,93.56999969482422,93.76000213623047,93.23999786376953,93.3499984741211,8037600,88.17412567138672
2024-11-13,93.7699966430664,93.779998779296875,93.16999816894531,93.29000091552734,6661800,88.11744689941406
2024-11-14,93.44000244140625,93.660003662109375,93.16999816894531,93.279998779296875,7510000,88.10799407958984
2024-11-15,93.0999984741211,93.62999725341797,92.9000015258789,93.31999969482422,16761500,88.1457748413086
2024-11-18,93.279998779296875,93.589996337890625,93.16999816894531,93.529998779296875,4788200,88.3441390991211
2024-11-19,93.81999969482422,93.87999725341797,93.69000244140625,93.7300033569336,4951500,88.533050537109375
2024-11-20,93.470001220703125,93.76000213623047,93.44000244140625,93.589996337890625,5752900,88.40081787109375
2024-11-21,93.660003662109375,93.83000183105469,93.41999816894531,93.54000091552734,5098200,88.35356903076172
2024-11-22,93.66999816894531,93.7300033569336,93.5,93.5999984741211,5373900,88.41026306152344
2024-11-25,94.45999908447266,94.63999938964844,94.31999969482422,94.61000061035156,7716000,89.3642578125
2024-11-26,94.410003662109375,94.44000244140625,94.220001220703125,94.410003662109375,5093100,89.17533874511719
2024-11-27,94.79000091552734,94.91999816894531,94.5999984741211,94.79000091552734,5587600,89.5342788696289
2024-11-29,95.12999725341797,95.19999694824219,95,95.19000244140625,5136200,89.912109375
2024-12-02,94.61000061035156,95.01000213623047,94.5,94.88999938964844,5950600,89.90450286865234
2024-12-03,94.98999786376953,95.029998779296875,94.55999755859375,94.62000274658203,5364800,89.6487045288086
2024-12-04,94.37999725341797,95.01000213623047,94.3499984741211,94.9800033569336,5908800,89.98979187011719
2024-12-05,94.69999694824219,95.029998779296875,94.69999694824219,94.970001220703125,5210300,89.9803237915039
2024-12-06,95.36000061035156,95.41999816894531,95.06999969482422,95.2699966430664,6880200,90.2645492553711
2024-12-09,95.1500015258789,95.160003662109375,94.94000244140625,94.94000244140625,4303100,89.95191192626953
2024-12-10,94.73999786376953,94.839996337890625,94.6500015258789,94.7699966430664,3543400,89.79082489013672
2024-12-11,94.910003662109375,95,94.45999908447266,94.48999786376953,6452800,89.525543212890625
2024-12-12,94.37999725341797,94.45999908447266,94.0999984741211,94.12999725341797,4518000,89.18446350097656
2024-12-13,93.9800033569336,94.01000213623047,93.63999938964844,93.69000244140625,5230100,88.767578125
2024-12-16,93.86000061035156,93.87000274658203,93.62000274658203,93.720001220703125,4607600,88.79601287841797
2024-12-17,93.69999694824219,93.87000274658203,93.66999816894531,93.720001220703125,4881100,88.79601287841797
2024-12-18,93.4000015258789,93.5199966430664,92.62000274658203,92.69000244140625,11553900,88.10967254638672
2024-12-19,92.37999725341797,92.44000244140625,92.12000274658203,92.2699966430664,9273800,87.7104263305664
2024-12-20,92.75,92.9000015258789,92.589996337890625,92.61000061035156,6070900,88.03363037109375
2024-12-23,92.54000091552734,92.58000183105469,92.12999725341797,92.19999694824219,5954500,87.643890380859375
2024-12-24,92.01000213623047,92.26000213623047,91.970001220703125,92.25,3076100,87.69140625
2024-12-26,91.95999908447266,92.36000061035156,91.93000030517578,92.31999969482422,3703300,87.75794982910156
2024-12-27,92.26000213623047,92.38999938964844,92.05999755859375,92.08000183105469,3752500,87.529815673828125
2024-12-30,92.529998779296875,92.66999816894531,92.5199966430664,92.62000274658203,4797700,88.043121337890625
2024-12-31,92.75,92.81999969482422,92.37999725341797,92.44999694824219,5856000,87.88151550292969
2025-01-02,92.6500015258789,92.779998779296875,92.30999755859375,92.5,5034800,87.9290542602539
2025-01-03,92.5999984741211,92.66999816894531,92.31999969482422,92.3499984741211,2863700,87.78648376464844
2025-01-06,92.23999786376953,92.33000183105469,92.05999755859375,92.26000213623047,3894600,87.700927734375
2025-01-07,92.13999938964844,92.20999908447266,91.75,91.839996337890625,5524400,87.301666259765625
2025-01-08,91.70999908447266,92.0199966430664,91.69000244140625,92,6402900,87.45377349853516
2025-01-10,91.45999908447266,91.62999725341797,91.2300033569336,91.33000183105469,8210900,86.81687927246094
2025-01-13,91.279998779296875,91.30999755859375,91.08000183105469,91.16999816894531,5094300,86.66477966308594
2025-01-14,91.20999908447266,91.279998779296875,91.08000183105469,91.19999694824219,4365500,86.69329071044922
2025-01-15,92.12999725341797,92.2300033569336,91.9800033569336,92.160003662109375,7846600,87.605865478515625
2025-01-16,92.08000183105469,92.58000183105469,91.94999694824219,92.37999725341797,7550900,87.814971923828125
2025-01-17,92.5199966430664,92.58000183105469,92.36000061035156,92.44999694824219,3912800,87.88151550292969
2025-01-21,92.75,92.83000183105469,92.61000061035156,92.76000213623047,4431300,88.17621612548828
2025-01-22,92.720001220703125,92.7300033569336,92.410003662109375,92.5199966430664,3656400,87.94806671142578
2025-01-23,92.12999725341797,92.3499984741211,92.12999725341797,92.279998779296875,4860900,87.71993255615234
2025-01-24,92.25,92.58000183105469,92.19999694824219,92.470001220703125,4468700,87.90055084228516
2025-01-27,93.08000183105469,93.1500015258789,92.87000274658203,93.06999969482422,4297100,88.47088623046875
2025-01-28,92.839996337890625,93.0999984741211,92.779998779296875,93.08000183105469,3906600,88.48039245605469
2025-01-29,93.18000030517578,93.25,92.69999694824219,92.970001220703125,4918400,88.37583923339844
2025-01-30,93.16999816894531,93.31999969482422,93.08000183105469,93.16999816894531,4365600,88.565948486328125
2025-01-31,93.19999694824219,93.339996337890625,92.80999755859375,93.0199966430664,6277400,88.42335510253906
2025-02-03,92.98999786376953,93.279998779296875,92.660003662109375,92.79000091552734,8294000,88.486297607421875
2025-02-04,92.5999984741211,93.0199966430664,92.5999984741211,93.0199966430664,6742300,88.70562744140625
2025-02-05,93.4000015258789,93.7300033569336,93.37000274658203,93.55999755859375,6576300,89.22058868408203
2025-02-06,93.45999908447266,93.58000183105469,93.30999755859375,93.44999694824219,5268500,89.1156997680664
2025-02-07,93.1500015258789,93.2300033569336,92.9800033569336,93.13999938964844,4565300,88.82007598876953
2025-02-10,93.23999786376953,93.37000274658203,93.06999969482422,93.12000274658203,3229100,88.800994873046875
2025-02-11,92.88999938964844,92.95999908447266,92.81999969482422,92.87999725341797,3379500,88.57212829589844
2025-02-12,92.26000213623047,92.31999969482422,92.08000183105469,92.23999786376953,7280200,87.96180725097656
2025-02-13,92.720001220703125,93,92.69999694824219,92.93000030517578,6121900,88.61980438232422
2025-02-14,93.37000274658203,93.51000213623047,93.279998779296875,93.31999969482422,5157900,88.99170684814453
2025-02-18,93.029998779296875,93.12999725341797,92.80999755859375,92.81999969482422,4484100,88.51490783691406
2025-02-19,92.7699966430664,93.01000213623047,92.7699966430664,92.970001220703125,4607000,88.657958984375
2025-02-20,93.12000274658203,93.26000213623047,93.11000061035156,93.160003662109375,7545400,88.83914947509766
2025-02-21,93.279998779296875,93.83000183105469,93.2699966430664,93.70999908447266,6156500,89.363616943359375
2025-02-24,93.62000274658203,93.970001220703125,93.589996337890625,93.910003662109375,4109500,89.55436706542969
2025-02-25,94.5,94.69999694824219,94.41999816894531,94.6500015258789,7697100,90.260040283203125
2025-02-26,94.61000061035156,94.970001220703125,94.48999786376953,94.910003662109375,7379800,90.50797271728516
2025-02-27,94.589996337890625,94.83000183105469,94.55000305175781,94.80000305175781,5907900,90.403076171875
2025-02-28,95.089996337890625,95.36000061035156,94.9000015258789,95.31999969482422,11831500,90.898956298828125
2025-03-03,94.720001220703125,95.44999694824219,94.70999908447266,95.38999938964844,9637400,91.22889709472656
2025-03-04,95.54000091552734,95.779998779296875,94.93000030517578,95.089996337890625,12745500,90.94200134277344
2025-03-05,95.11000061035156,95.23999786376953,94.529998779296875,94.55999755859375,15590000,90.43512725830078
2025-03-06,94.51000213623047,94.69000244140625,94.160003662109375,94.51000213623047,9318900,90.38729095458984
2025-03-07,94.9800033569336,95.0199966430664,94.30000305175781,94.38999938964844,9210200,90.27253723144531
2025-03-10,94.94000244140625,95.19999694824219,94.8499984741211,95.05000305175781,7698500,90.90373992919922
2025-03-11,95.05000305175781,95.30999755859375,94.58000183105469,94.70999908447266,10408600,90.57856750488281
2025-03-12,94.410003662109375,94.660003662109375,94.38999938964844,94.43000030517578,7610300,90.31078338623047
2025-03-13,94.29000091552734,94.8499984741211,94.19999694824219,94.80999755859375,6902300,90.67420959472656
2025-03-14,94.56999969482422,94.6500015258789,94.44999694824219,94.4800033569336,4390900,90.3586196899414
2025-03-17,94.6500015258789,94.8499984741211,94.45999908447266,94.55999755859375,6734000,90.43512725830078
2025-03-18,94.41999816894531,94.83000183105469,94.410003662109375,94.66999816894531,8993300,90.54032897949219
2025-03-19,94.589996337890625,94.98999786376953,94.44000244140625,94.95999908447266,5854500,90.81767272949219
2025-03-20,95.470001220703125,95.48999786376953,94.98999786376953,95.0999984741211,4409100,90.951568603515625
2025-03-21,95.25,95.339996337890625,95,95.0199966430664,4919600,90.87505340576172
2025-03-24,94.76000213623047,94.779998779296875,94.44000244140625,94.470001220703125,4823500,90.34904479980469
2025-03-25,94.470001220703125,94.73999786376953,94.44999694824219,94.62999725341797,6825800,90.5020751953125
2025-03-26,94.470001220703125,94.56999969482422,94.33000183105469,94.410003662109375,8281700,90.29166412353516
2025-03-27,94.30000305175781,94.410003662109375,94.20999908447266,94.33000183105469,5085100,90.21515655517578
2025-03-28,94.779998779296875,95.1500015258789,94.75,95.089996337890625,6224500,90.94200134277344
2025-03-31,95.48999786376953,95.55999755859375,95.089996337890625,95.37000274658203,13255800,91.20978546142578
2025-04-01,95.2699966430664,95.660003662109375,95.2699966430664,95.4000015258789,18128800,91.530242919921875
2025-04-02,95.80000305175781,95.80000305175781,95.01000213623047,95.30999755859375,7635900,91.44389343261719
2025-04-03,96.410003662109375,96.6500015258789,96.18000030517578,96.29000091552734,18188000,92.3841323852539
2025-04-04,97.19999694824219,97.5199966430664,96.55000305175781,96.55999755859375,27006500,92.64318084716797
2025-04-07,96.48999786376953,96.660003662109375,95.19000244140625,95.410003662109375,68670600,91.539825439453125
2025-04-08,94.910003662109375,95.589996337890625,94.87999725341797,94.93000030517578,19508000,91.07929992675781
2025-04-09,94.2300033569336,94.68000030517578,93.61000061035156,94.62999725341797,24170800,90.791473388671875
2025-04-10,94.5199966430664,94.779998779296875,93.98999786376953,94.04000091552734,12093800,90.22541046142578
2025-04-11,93.470001220703125,93.7300033569336,92.79000091552734,93.51000213623047,55446600,89.716888427734375
2025-04-14,93.91999816894531,94.36000061035156,93.80000305175781,94.26000213623047,12630900,90.43647766113281
2025-04-15,94.25,94.76000213623047,94.23999786376953,94.54000091552734,7708100,90.70511627197266
2025-04-16,94.660003662109375,95.08000183105469,94.45999908447266,94.94999694824219,8708400,91.098480224609375
2025-04-17,94.9000015258789,94.98999786376953,94.589996337890625,94.68000030517578,6987000,90.83943176269531
2025-04-21,94.4000015258789,94.75,94.1500015258789,94.16999816894531,4901300,90.3501205444336
2025-04-22,94.41999816894531,94.44000244140625,94.2300033569336,94.23999786376953,5233000,90.41729736328125
2025-04-23,95.04000091552734,95.220001220703125,94.220001220703125,94.339996337890625,8041300,90.513214111328125
2025-04-24,94.720001220703125,94.87999725341797,94.62000274658203,94.8499984741211,7308900,91.0025634765625
2025-04-25,95.11000061035156,95.279998779296875,94.9800033569336,95.20999908447266,5341300,91.34794616699219
2025-04-28,95.0999984741211,95.62000274658203,95.06999969482422,95.589996337890625,4950500,91.71253204345703
2025-04-29,95.54000091552734,95.93000030517578,95.529998779296875,95.91999816894531,5350200,92.029144287109375
2025-04-30,95.9000015258789,96.160003662109375,95.80000305175781,96.06999969482422,13923200,92.1730728149414
2025-05-01,95.87999725341797,95.9000015258789,95.1500015258789,95.339996337890625,13703300,91.77167510986328
2025-05-02,94.8499984741211,94.98999786376953,94.54000091552734,94.69999694824219,9331600,91.15562438964844
2025-05-05,94.66999816894531,94.68000030517578,94.33000183105469,94.529998779296875,10089400,90.99198150634766
2025-05-06,94.48999786376953,94.79000091552734,94.4000015258789,94.7699966430664,6081200,91.22300720214844
2025-05-07,94.87000274658203,95.13999938964844,94.8499984741211,95.0199966430664,9471100,91.4636459350586
2025-05-08,94.95999908447266,94.9800033569336,94.26000213623047,94.279998779296875,6409000,90.75132751464844
2025-05-09,94.44999694824219,94.61000061035156,94.31999969482422,94.3499984741211,3698700,90.81871795654297
2025-05-12,93.7300033569336,93.970001220703125,93.7300033569336,93.75,9483700,90.24117279052734
2025-05-13,93.87000274658203,93.91999816894531,93.529998779296875,93.68000030517578,13166800,90.17378997802734
2025-05-14,93.63999938964844,93.70999908447266,93.2699966430664,93.33000183105469,6994700,89.83690643310547
2025-05-15,93.720001220703125,93.98999786376953,93.5999984741211,93.94000244140625,9024900,90.42406463623047
2025-05-16,94.30999755859375,94.33000183105469,93.95999908447266,93.970001220703125,6819200,90.45295715332031
2025-05-19,93.43000030517578,93.94000244140625,93.38999938964844,93.91999816894531,11704900,90.40480041503906
2025-05-20,93.66999816894531,93.87000274658203,93.529998779296875,93.80000305175781,8929600,90.289306640625
2025-05-21,93.43000030517578,93.55999755859375,93.029998779296875,93.1500015258789,11383500,89.66362762451172
2025-05-22,93.18000030517578,93.54000091552734,93.05999755859375,93.5,10981200,90.00053405761719
2025-05-23,93.910003662109375,93.91999816894531,93.63999938964844,93.7699966430664,9860700,90.26041412353516
2025-05-27,93.9800033569336,94.26000213623047,93.87000274658203,94.160003662109375,10834400,90.63582611083984
2025-05-28,93.970001220703125,94.04000091552734,93.79000091552734,93.9000015258789,8591500,90.38557434082031
2025-05-29,94.1500015258789,94.37999725341797,94.0999984741211,94.29000091552734,9679100,90.76097869873047
2025-05-30,94.36000061035156,94.62000274658203,94.30000305175781,94.56999969482422,10268600,91.03046417236328
2025-06-02,94,94.13999938964844,93.779998779296875,93.94000244140625,13341900,90.7214584350586
2025-06-03,94.06999969482422,94.19999694824219,93.7699966430664,93.8499984741211,8508900,90.6345443725586
2025-06-04,94.20999908447266,94.62000274658203,94.12999725341797,94.54000091552734,10115900,91.30089569091797
2025-06-05,94.54000091552734,94.660003662109375,94.2300033569336,94.26000213623047,8762800,91.0304946899414
2025-06-06,93.779998779296875,93.86000061035156,93.4800033569336,93.51000213623047,7624200,90.3061752319336
2025-06-09,93.5199966430664,93.80000305175781,93.51000213623047,93.68000030517578,6061200,90.4703598022461
2025-06-10,93.9800033569336,94.0199966430664,93.73999786376953,93.839996337890625,5579900,90.62488555908203
2025-06-11,94.0199966430664,94.2699966430664,93.94000244140625,94.2300033569336,6594900,91.00151824951172
2025-06-12,94.589996337890625,94.6500015258789,94.41999816894531,94.63999938964844,7795400,91.39746856689453
2025-06-13,94.43000030517578,94.5,94.04000091552734,94.29000091552734,9195200,91.0594711303711
2025-06-16,94.18000030517578,94.37999725341797,94,94.0199966430664,7508400,90.79871368408203
2025-06-17,94.26000213623047,94.5199966430664,94.11000061035156,94.4800033569336,5285000,91.24296569824219
2025-06-18,94.63999938964844,94.839996337890625,94.37999725341797,94.54000091552734,6732400,91.30089569091797
2025-06-20,94.3499984741211,94.73999786376953,94.29000091552734,94.5999984741211,6261700,91.35884094238281
2025-06-23,94.87000274658203,95.23999786376953,94.80000305175781,94.93000030517578,9310300,91.67753601074219
2025-06-24,94.839996337890625,95.30999755859375,94.80000305175781,95.26000213623047,7694500,91.9962158203125
2025-06-25,95.08000183105469,95.339996337890625,94.9800033569336,95.30000305175781,6393300,92.03485107421875
2025-06-26,95.4800033569336,95.6500015258789,95.3499984741211,95.63999938964844,7131900,92.36320495605469
2025-06-27,95.38999938964844,95.68000030517578,95.33000183105469,95.38999938964844,8402400,92.12177276611328
2025-06-30,95.5999984741211,95.80999755859375,95.45999908447266,95.7699966430664,10542300,92.4887466430664
2025-07-01,95.41999816894531,95.51000213623047,95.12000274658203,95.29000091552734,10659800,92.3172607421875
2025-07-02,94.98999786376953,95.13999938964844,94.93000030517578,95.089996337890625,6026200,92.1235122680664
2025-07-03,94.80000305175781,94.86000061035156,94.63999938964844,94.76000213623047,7398900,91.80381774902344
2025-07-07,94.61000061035156,94.62000274658203,94.37999725341797,94.45999908447266,8518600,91.513153076171875
2025-07-08,94.20999908447266,94.33000183105469,94.160003662109375,94.31999969482422,5282800,91.37752532958984
2025-07-09,94.45999908447266,94.81999969482422,94.45999908447266,94.80999755859375,6900800,91.85224914550781
2025-07-10,94.73999786376953,94.779998779296875,94.56999969482422,94.76000213623047,4451900,91.80381774902344
2025-07-11,94.44000244140625,94.470001220703125,94.2699966430664,94.31999969482422,6004300,91.37752532958984
2025-07-14,94.31999969482422,94.45999908447266,94.16999816894531,94.279998779296875,5101600,91.338775634765625
2025-07-15,94.38999938964844,94.4000015258789,93.86000061035156,93.910003662109375,5628100,90.9803237915039
2025-07-16,94.05999755859375,94.23999786376953,93.93000030517578,94.16999816894531,12786300,91.232208251953125
2025-07-17,94.220001220703125,94.33000183105469,94.05999755859375,94.13999938964844,4747200,91.203155517578125
2025-07-18,94.410003662109375,94.4800033569336,94.30000305175781,94.4000015258789,4035000,91.45503997802734
2025-07-21,94.80000305175781,94.9000015258789,94.68000030517578,94.7300033569336,5232300,91.7747573852539
2025-07-22,94.83000183105469,95.05999755859375,94.80999755859375,95,6098000,92.03631591796875
2025-07-23,94.779998779296875,94.839996337890625,94.61000061035156,94.660003662109375,5074000,91.7069320678711
2025-07-24,94.33000183105469,94.62000274658203,94.31999969482422,94.5199966430664,5867400,91.5712890625
2025-07-25,94.48999786376953,94.73999786376953,94.44999694824219,94.73999786376953,3614000,91.784423828125
2025-07-28,94.56999969482422,94.63999938964844,94.48999786376953,94.529998779296875,5073200,91.58097839355469
2025-07-29,94.66999816894531,95.1500015258789,94.6500015258789,95.1500015258789,7864000,92.181640625
2025-07-30,94.81999969482422,95.08000183105469,94.75,94.81999969482422,7425600,91.86194610595703
2025-07-31,94.970001220703125,95.12999725341797,94.86000061035156,94.9000015258789,10411800,91.93943786621094
2025-08-01,95.36000061035156,95.7300033569336,95.339996337890625,95.68000030517578,11870100,92.99791717529297
2025-08-04,95.7699966430664,95.8499984741211,95.529998779296875,95.80999755859375,8449500,93.124267578125
2025-08-05,95.63999938964844,95.86000061035156,95.62000274658203,95.73999786376953,8218700,93.05622863769531
2025-08-06,95.5999984741211,95.720001220703125,95.26000213623047,95.66999816894531,10107500,92.98819732666016
2025-08-07,95.66999816894531,95.7699966430664,95.529998779296875,95.5999984741211,5725900,92.92015075683594
2025-08-08,95.470001220703125,95.470001220703125,95.33000183105469,95.37999725341797,5623800,92.70631408691406
2025-08-11,95.44999694824219,95.54000091552734,95.36000061035156,95.410003662109375,4920200,92.73548889160156
2025-08-12,95.29000091552734,95.38999938964844,95.18000030517578,95.38999938964844,6724600,92.716033935546875
2025-08-13,95.660003662109375,95.83000183105469,95.63999938964844,95.7300033569336,5925200,93.04652404785156
2025-08-14,95.56999969482422,95.5999984741211,95.3499984741211,95.41999816894531,5527500,92.74520111083984
2025-08-15,95.37999725341797,95.44000244140625,95.16999816894531,95.2300033569336,7428500,92.560546875
2025-08-18,95.30000305175781,95.30999755859375,95.05000305175781,95.13999938964844,9669600,92.473052978515625
2025-08-19,95.279998779296875,95.41999816894531,95.2699966430664,95.37999725341797,6499300,92.70631408691406
2025-08-20,95.37999725341797,95.61000061035156,95.36000061035156,95.5199966430664,6270700,92.84239959716797
2025-08-21,95.38999938964844,95.44000244140625,95.11000061035156,95.23999786376953,5351300,92.57025146484375
2025-08-22,95.4000015258789,95.87999725341797,95.37000274658203,95.7699966430664,10867700,93.08538818359375
2025-08-25,95.5999984741211,95.70999908447266,95.529998779296875,95.58000183105469,9936400,92.90071868896484
2025-08-26,95.660003662109375,95.86000061035156,95.5999984741211,95.83000183105469,5871200,93.143707275390625
2025-08-27,95.69999694824219,96.01000213623047,95.63999938964844,96.01000213623047,5222800,93.31866455078125
2025-08-28,95.9800033569336,96.2300033569336,95.94000244140625,96.2300033569336,6544700,93.532501220703125
2025-08-29,96.12000274658203,96.2300033569336,96.029998779296875,96.1500015258789,6818900,93.4547348022461
2025-09-02,95.45999908447266,95.62999725341797,95.43000030517578,95.55000305175781,8623200,93.17585754394531
2025-09-03,95.55999755859375,96.0199966430664,95.55999755859375,95.87999725341797,7586100,93.49764251708984
2025-09-04,96.12000274658203,96.30999755859375,96,96.30999755859375,6395300,93.9169692993164
2025-09-05,96.910003662109375,97.0199966430664,96.779998779296875,96.779998779296875,9566300,94.37528991699219
2025-09-08,97.0199966430664,97.089996337890625,96.91999816894531,97.08000183105469,7599600,94.6678237915039
2025-09-09,97.029998779296875,97.13999938964844,96.76000213623047,96.8499984741211,8223100,94.44355773925781
2025-09-10,97.05000305175781,97.2300033569336,96.95999908447266,97.11000061035156,8864500,94.69709014892578
2025-09-11,97.23999786376953,97.45999908447266,97.2300033569336,97.26000213623047,8554300,94.8433609008789
2025-09-12,97.029998779296875,97.04000091552734,96.839996337890625,96.9800033569336,36502700,94.5703125
2025-09-15,97.1500015258789,97.220001220703125,97.0999984741211,97.13999938964844,4990100,94.72633361816406
2025-09-16,97.1500015258789,97.29000091552734,97.11000061035156,97.19999694824219,5847700,94.78485107421875
2025-09-17,97.30000305175781,97.5199966430664,96.87000274658203,96.98999786376953,10701700,94.580078125
2025-09-18,96.6500015258789,96.80999755859375,96.51000213623047,96.66999816894531,7589200,94.26801300048828
2025-09-19,96.62000274658203,96.69999694824219,96.5,96.62999725341797,5528800,94.22900390625
2025-09-22,96.62999725341797,96.660003662109375,96.45999908447266,96.470001220703125,5282700,94.07298278808594
2025-09-23,96.61000061035156,96.75,96.48999786376953,96.73999786376953,7077500,94.336273193359375
2025-09-24,96.62000274658203,96.62999725341797,96.44000244140625,96.4800033569336,5419700,94.08274841308594
2025-09-25,96.26000213623047,96.31999969482422,96.0999984741211,96.2699966430664,6517500,93.8779525756836
2025-09-26,96.25,96.43000030517578,96.12999725341797,96.220001220703125,7295300,93.829193115234375
2025-09-29,96.339996337890625,96.55000305175781,96.33000183105469,96.5,6357500,94.10223388671875
2025-09-30,96.58000183105469,96.76000213623047,96.41999816894531,96.45999908447266,9257800,94.063232421875
2025-10-01,96.55999755859375,96.62999725341797,96.339996337890625,96.48999786376953,8347000,94.3801498413086
2025-10-02,96.44999694824219,96.6500015258789,96.38999938964844,96.589996337890625,9420600,94.47795867919922
2025-10-03,96.5999984741211,96.63999938964844,96.37999725341797,96.4000015258789,5154300,94.2921142578125
2025-10-06,96.16999816894531,96.339996337890625,96.11000061035156,96.12000274658203,6319600,94.01824188232422
2025-10-07,96.23999786376953,96.48999786376953,96.18000030517578,96.36000061035156,5119900,94.25299835205078
2025-10-08,96.54000091552734,96.55999755859375,96.31999969482422,96.37999725341797,5141900,94.2725601196289
2025-10-09,96.29000091552734,96.36000061035156,96.2300033569336,96.30999755859375,7130600,94.20409393310547
2025-10-10,96.6500015258789,97.0199966430664,96.56999969482422,96.910003662109375,10417700,94.79096984863281
2025-10-13,96.9000015258789,96.98999786376953,96.779998779296875,96.95999908447266,5607600,94.839874267578125
2025-10-14,97.05999755859375,97.23999786376953,96.9800033569336,97.20999908447266,7650600,95.08441162109375
2025-10-15,97.20999908447266,97.33000183105469,97.0199966430664,97.0999984741211,7769300,94.97682189941406
2025-10-16,97.0199966430664,97.589996337890625,97,97.55000305175781,11627200,95.4169692993164
2025-10-17,97.45999908447266,97.4800033569336,97.2699966430664,97.38999938964844,12491000,95.260467529296875
2025-10-20,97.44999694824219,97.529998779296875,97.37000274658203,97.5199966430664,10437800,95.38763427734375
2025-10-21,97.69000244140625,97.7699966430664,97.62999725341797,97.69999694824219,7642000,95.563690185546875
2025-10-22,97.6500015258789,97.7699966430664,97.55999755859375,97.720001220703125,6523500,95.58325958251953
2025-10-23,97.5199966430664,97.58000183105469,97.37999725341797,97.4000015258789,6138300,95.27027130126953
2025-10-24,97.5199966430664,97.54000091552734,97.33000183105469,97.48999786376953,7555200,95.35828399658203
2025-10-27,97.339996337890625,97.48999786376953,97.20999908447266,97.48999786376953,7272300,95.35828399658203
2025-10-28,97.43000030517578,97.62999725341797,97.43000030517578,97.58000183105469,5539600,95.4463119506836
2025-10-29,97.529998779296875,97.529998779296875,96.9000015258789,96.94999694824219,11223300,94.83009338378906
2025-10-30,96.66999816894531,96.95999908447266,96.6500015258789,96.80999755859375,8958800,94.69315338134766
2025-10-31,96.87000274658203,96.94999694824219,96.79000091552734,96.8499984741211,9739900,94.73228454589844
2025-11-03,96.41999816894531,96.55999755859375,96.37000274658203,96.5,8012500,94.68714141845703
2025-11-04,96.56999969482422,96.66999816894531,96.55000305175781,96.62000274658203,6119000,94.80488586425781
2025-11-05,96.44999694824219,96.470001220703125,96.12999725341797,96.160003662109375,11749200,94.35353088378906
2025-11-06,96.5199966430664,96.720001220703125,96.51000213623047,96.6500015258789,7665000,94.83433532714844
2025-11-07,96.55999755859375,96.86000061035156,96.55000305175781,96.69000244140625,11460300,94.87358856201172
2025-11-10,96.56999969482422,96.6500015258789,96.51000213623047,96.55999755859375,9097300,94.74601745605469
2025-11-11,96.80999755859375,96.88999938964844,96.7300033569336,96.86000061035156,4937700,95.0403823852539
2025-11-12,96.80999755859375,96.94999694824219,96.779998779296875,96.87999725341797,7188200,95.06000518798828
2025-11-13,96.6500015258789,96.80000305175781,96.5999984741211,96.5999984741211,46965300,94.78527069091797
2025-11-14,96.87999725341797,96.93000030517578,96.41999816894531,96.44000244140625,11288500,94.62828063964844
2025-11-17,96.54000091552734,96.62000274658203,96.48999786376953,96.55000305175781,6648500,94.73621368408203
2025-11-18,96.839996337890625,96.93000030517578,96.56999969482422,96.70999908447266,8769000,94.89320373535156
2025-11-19,96.80999755859375,96.86000061035156,96.5999984741211,96.63999938964844,13075900,94.82451629638672
2025-11-20,96.73999786376953,96.94999694824219,96.69999694824219,96.87000274658203,9076400,95.0501937866211
2025-11-21,97.19000244140625,97.2300033569336,97,97.19000244140625,12551100,95.36419677734375
2025-11-24,97.29000091552734,97.36000061035156,97.18000030517578,97.339996337890625,6903900,95.51136016845703
2025-11-25,97.44000244140625,97.69999694824219,97.43000030517578,97.589996337890625,9193400,95.75666809082031
2025-11-26,97.4800033569336,97.66999816894531,97.33000183105469,97.66999816894531,7747100,95.83516693115234
2025-11-28,97.62999725341797,97.6500015258789,97.38999938964844,97.5,7798000,95.66835021972656
2025-12-01,96.7699966430664,96.839996337890625,96.68000030517578,96.69000244140625,9898100,95.15465545654297
2025-12-02,96.660003662109375,96.81999969482422,96.5999984741211,96.7699966430664,7317200,95.233367919921875
2025-12-03,96.93000030517578,97.029998779296875,96.80999755859375,96.970001220703125,6855100,95.4301986694336
2025-12-04,96.81999969482422,96.83000183105469,96.62000274658203,96.66999816894531,8928900,95.13495635986328
2025-12-05,96.69000244140625,96.69999694824219,96.41999816894531,96.470001220703125,9118700,94.93814849853516
2025-12-08,96.410003662109375,96.41999816894531,96.089996337890625,96.2699966430664,14728300,94.7413101196289
2025-12-09,96.410003662109375,96.410003662109375,96.11000061035156,96.12999725341797,8509200,94.6035385131836
2025-12-10,96.089996337890625,96.470001220703125,96.08000183105469,96.44000244140625,13356900,94.90862274169922
2025-12-11,96.68000030517578,96.7300033569336,96.41999816894531,96.44999694824219,8672800,94.91845703125
2025-12-12,96.19000244140625,96.2699966430664,96.16999816894531,96.19000244140625,8348700,94.66258239746094
2025-12-15,96.410003662109375,96.51000213623047,96.25,96.2699966430664,6117000,94.7413101196289
2025-12-16,96.23999786376953,96.55999755859375,96.2300033569336,96.54000091552734,7456400,95.00702667236328
2025-12-17,96.41999816894531,96.56999969482422,96.4000015258789,96.5199966430664,5673200,94.98735046386719
2025-12-18,96.7699966430664,96.83000183105469,96.63999938964844,96.7699966430664,7357600,95.233367919921875
2025-12-19,96.30000305175781,96.38999938964844,96.19999694824219,96.23999786376953,5806600,95.01912689208984
2025-12-22,96.160003662109375,96.19000244140625,96.08000183105469,96.13999938964844,4672800,94.92039489746094
2025-12-23,95.93000030517578,96.12999725341797,95.87999725341797,96.0999984741211,5093900,94.88089752197266
2025-12-24,96.220001220703125,96.37000274658203,96.16999816894531,96.3499984741211,3967700,95.12773132324219
2025-12-26,96.48999786376953,96.51000213623047,96.33000183105469,96.44000244140625,3491500,95.21659851074219
2025-12-29,96.55000305175781,96.5999984741211,96.44999694824219,96.58000183105469,5034600,95.35481262207031
2025-12-30,96.44000244140625,96.55999755859375,96.4000015258789,96.4800033569336,4108600,95.2560806274414
2025-12-31,96.339996337890625,96.470001220703125,96.1500015258789,96.160003662109375,6802100,94.94014739990234
2026-01-02,96.29000091552734,96.29000091552734,96.06999969482422,96.08000183105469,6611800,94.86116790771484
2026-01-05,96.2300033569336,96.37999725341797,96.16999816894531,96.37000274658203,8693200,95.1474838256836
2026-01-06,96.25,96.31999969482422,96.0999984741211,96.30000305175781,12834100,95.078369140625
2026-01-07,96.5199966430664,96.55000305175781,96.339996337890625,96.4800033569336,7990900,95.2560806274414
2026-01-08,96.2300033569336,96.30999755859375,96.18000030517578,96.19000244140625,6931700,94.969757080078125
2026-01-09,96.160003662109375,96.37999725341797,96.06999969482422,96.30000305175781,10277300,95.078369140625
2026-01-12,96.1500015258789,96.30000305175781,96.12000274658203,96.18000030517578,6360600,94.95987701416016
2026-01-13,96.339996337890625,96.37000274658203,96.19999694824219,96.30000305175781,7622500,95.078369140625
2026-01-14,96.37999725341797,96.5999984741211,96.37000274658203,96.5,7331200,95.27583312988281
2026-01-15,96.51000213623047,96.5199966430664,96.279998779296875,96.30000305175781,6172500,95.078369140625
2026-01-16,96.2300033569336,96.26000213623047,95.910003662109375,95.93000030517578,11979300,94.71305847167969
2026-01-20,95.5999984741211,95.720001220703125,95.529998779296875,95.55000305175781,13607700,94.33788299560547
2026-01-21,95.660003662109375,95.839996337890625,95.55999755859375,95.80000305175781,11969000,94.58470916748047
2026-01-22,95.69999694824219,95.86000061035156,95.6500015258789,95.79000091552734,10209500,94.57483673095703
2026-01-23,95.83000183105469,95.970001220703125,95.75,95.94999694824219,8147500,94.73280334472656
2026-01-26,96.0999984741211,96.160003662109375,96.04000091552734,96.089996337890625,6803800,94.87101745605469
2026-01-27,96.029998779296875,96.1500015258789,95.94999694824219,95.9800033569336,9857200,94.7624282836914
2026-01-28,95.91999816894531,95.94999694824219,95.7300033569336,95.9000015258789,17032400,94.6834487915039
2026-01-29,95.80000305175781,96.089996337890625,95.779998779296875,96,11049100,94.78217315673828
2026-01-30,95.98999786376953,96.05999755859375,95.910003662109375,95.94000244140625,8238500,94.72293853759766
2026-02-02,95.66999816894531,95.69999694824219,95.44000244140625,95.44000244140625,8987100,94.5367202758789
2026-02-03,95.38999938964844,95.56999969482422,95.37000274658203,95.529998779296875,7313800,94.6258544921875
2026-02-04,95.44999694824219,95.61000061035156,95.410003662109375,95.51000213623047,7268600,94.606048583984375
2026-02-05,95.80000305175781,96.0999984741211,95.70999908447266,96.06999969482422,12086800,95.16075134277344
2026-02-06,96.12000274658203,96.12999725341797,95.91999816894531,96.06999969482422,7759900,95.16075134277344
2026-02-09,96.01000213623047,96.12999725341797,95.93000030517578,96.089996337890625,8165100,95.18054962158203
2026-02-10,96.43000030517578,96.55000305175781,96.410003662109375,96.51000213623047,9752300,95.5965805053711
2026-02-11,96.18000030517578,96.44999694824219,96.160003662109375,96.23999786376953,9106600,95.32913970947266
2026-02-12,96.4000015258789,96.8499984741211,96.38999938964844,96.83000183105469,13099900,95.91355895996094
2026-02-13,97.12000274658203,97.26000213623047,97.089996337890625,97.20999908447266,11681500,96.28995513916016
2026-02-17,97.25,97.30999755859375,97.1500015258789,97.19999694824219,8623800,96.2800521850586
2026-02-18,97.029998779296875,97.089996337890625,96.970001220703125,97,7778800,96.08194732666016
2026-02-19,96.95999908447266,97.13999938964844,96.94000244140625,97.089996337890625,4993000,96.17109680175781
2026-02-20,97.12999725341797,97.13999938964844,96.88999938964844,97.089996337890625,11200200,96.17109680175781
2026-02-23,97.16999816894531,97.529998779296875,97.16999816894531,97.44000244140625,9862900,96.51778411865234
2026-02-24,97.44000244140625,97.4800033569336,97.33000183105469,97.41999816894531,9493300,96.49797058105469
2026-02-25,97.2699966430664,97.41999816894531,97.2699966430664,97.339996337890625,8762700,96.4187240600586
2026-02-26,97.41999816894531,97.5999984741211,97.41999816894531,97.5999984741211,8177300,96.67626190185547
2026-02-27,97.87999725341797,98.05000305175781,97.83000183105469,97.98999786376953,9970300,97.06257629394531
2026-03-02,97.37999725341797,97.38999938964844,96.94999694824219,97.12000274658203,17709600,96.47945404052734
2026-03-03,96.66999816894531,97.1500015258789,96.63999938964844,97.01000213623047,13708500,96.37017059326172
2026-03-04,96.970001220703125,96.98999786376953,96.79000091552734,96.80999755859375,12535500,96.1714859008789
2026-03-05,96.44999694824219,96.58000183105469,96.38999938964844,96.51000213623047,12599700,95.87346649169922
2026-03-06,96.220001220703125,96.73999786376953,96.16999816894531,96.44999694824219,12758200,95.81385803222656
2026-03-09,96.36000061035156,96.80000305175781,96.25,96.75,12134400,96.11188507080078
2026-03-10,96.69999694824219,96.7699966430664,96.410003662109375,96.44000244140625,10571300,95.80393981933594
2026-03-11,96.26000213623047,96.30999755859375,95.9800033569336,96,12197600,95.36683654785156
2026-03-12,95.8499984741211,95.9800033569336,95.589996337890625,95.69000244140625,11401400,95.05887603759766
2026-03-13,95.839996337890625,95.93000030517578,95.55000305175781,95.589996337890625,11839700,94.95953369140625
2026-03-16,95.9800033569336,96.05999755859375,95.87000274658203,96.0199966430664,9092100,95.3866958618164
2026-03-17,96.16999816894531,96.279998779296875,96.12999725341797,96.19000244140625,7209700,95.55558013916016
2026-03-18,96.05000305175781,96.12000274658203,95.7300033569336,95.75,13048700,95.11848449707031
2026-03-19,95.48999786376953,95.87999725341797,95.4800033569336,95.73999786376953,18464600,95.1085433959961
2026-03-20,95.30999755859375,95.339996337890625,94.8499984741211,94.87999725341797,20761500,94.25421905517578
2026-03-23,95,95.43000030517578,94.88999938964844,95.18000030517578,28336300,94.55223846435547
2026-03-24,94.79000091552734,95.08000183105469,94.62000274658203,94.86000061035156,19785600,94.2343521118164
2026-03-25,95.29000091552734,95.4000015258789,95.13999938964844,95.36000061035156,15939200,94.7310562133789
2026-03-26,95.01000213623047,95.12999725341797,94.589996337890625,94.589996337890625,12897300,93.96612548828125
2026-03-27,94.37000274658203,94.779998779296875,94.36000061035156,94.5999984741211,11401900,93.97606658935547
2026-03-30,95.19999694824219,95.38999938964844,95.12999725341797,95.2699966430664,15430000,94.64163970947266
2026-03-31,95.54000091552734,95.68000030517578,95.3499984741211,95.44000244140625,18649700,94.81053161621094
2026-04-01,95.08000183105469,95.29000091552734,95.0199966430664,95.04000091552734,13557600,94.72779846191406
2026-04-02,95.029998779296875,95.38999938964844,95.01000213623047,95.26000213623047,13171300,94.94708251953125
2026-04-06,95,95.18000030517578,94.910003662109375,95.01000213623047,6104900,94.6978988647461
2026-04-07,95.06999969482422,95.29000091552734,94.76000213623047,95.25,6737500,94.9371109008789
2026-04-08,95.720001220703125,95.7300033569336,95.37000274658203,95.45999908447266,12107400,95.14642333984375
2026-04-09,95.37000274658203,95.6500015258789,95.2300033569336,95.43000030517578,11065900,95.11651611328125
2026-04-10,95.43000030517578,95.45999908447266,95.26000213623047,95.2699966430664,4404800,94.95703887939453
2026-04-13,95.2699966430664,95.48999786376953,95.16999816894531,95.4800033569336,4300200,95.1663589477539
2026-04-14,95.44000244140625,95.80000305175781,95.410003662109375,95.79000091552734,5239800,95.47533416748047
2026-04-15,95.69000244140625,95.69999694824219,95.5,95.58000183105469,5592900,95.26602935791016
2026-04-16,95.66999816894531,95.69999694824219,95.37999725341797,95.410003662109375,6618900,95.096588134765625
2026-04-17,95.88999938964844,96.05000305175781,95.839996337890625,95.93000030517578,6912900,95.61487579345703
2026-04-20,95.910003662109375,95.91999816894531,95.70999908447266,95.839996337890625,3868800,95.5251693725586
2026-04-21,95.69000244140625,95.75,95.410003662109375,95.41999816894531,4872900,95.10655212402344
2026-04-22,95.68000030517578,95.70999908447266,95.5,95.5199966430664,4121400,95.20622253417969
2026-04-23,95.55999755859375,95.62999725341797,95.19000244140625,95.37000274658203,6795600,95.05671691894531
2026-04-24,95.29000091552734,95.589996337890625,95.20999908447266,95.55999755859375,5490000,95.24608612060547
2026-04-27,95.41999816894531,95.529998779296875,95.279998779296875,95.339996337890625,4055500,95.02680969238281
2026-04-28,95.19000244140625,95.2699966430664,95.11000061035156,95.25,4867700,94.9371109008789
2026-04-29,95.029998779296875,95.029998779296875,94.69999694824219,94.80000305175781,7200300,94.48859405517578
2026-04-30,95.04000091552734,95.089996337890625,94.87000274658203,94.9800033569336,10382400,94.667999267578125
2026-05-01,94.69000244140625,95.04000091552734,94.62000274658203,94.73999786376953,5359200,94.73999786376953
2026-05-04,94.589996337890625,94.5999984741211,94.220001220703125,94.38999938964844,6593900,94.38999938964844
2026-05-05,94.5,94.63999938964844,94.470001220703125,94.529998779296875,11281600,94.529998779296875
2026-05-06,94.93000030517578,95.029998779296875,94.86000061035156,95,9031100,95
2026-05-07,95.18000030517578,95.18000030517578,94.69000244140625,94.70999908447266,5610100,94.70999908447266
2026-05-08,95.04000091552734,95.089996337890625,94.91999816894531,94.95999908447266,3214500,94.95999908447266
