date,LQD.Open,LQD.High,LQD.Low,LQD.Close,LQD.Volume,LQD.Adjusted
2010-01-04,104.7699966430664,104.7699966430664,104.33999633789062,104.69999694824219,2017600,57.64979553222656
2010-01-05,104.9800033569336,105.44999694824219,104.86000061035156,105.19999694824219,1143800,57.92515182495117
2010-01-06,105.38999938964844,105.44999694824219,104.81999969482422,104.88999938964844,1005500,57.75440979003906
2010-01-07,104.97000122070312,105.22000122070312,104.87000274658203,105.0199966430664,1264100,57.82601547241211
2010-01-08,105.13999938964844,105.25,104.97000122070312,105.25,704600,57.952667236328125
2010-01-11,105,105.37999725341797,105,105.36000061035156,817500,58.013214111328125
2010-01-12,105.41999816894531,105.6500015258789,105.31999969482422,105.55999755859375,1343100,58.12335968017578
2010-01-13,105.54000091552734,105.56999969482422,105,105.12000274658203,1090700,57.881099700927734
2010-01-14,105.45999908447266,105.5,105.02999877929688,105.5,873200,58.090354919433594
2010-01-15,105.72000122070312,105.80000305175781,105.43000030517578,105.45999908447266,834300,58.068294525146484
2010-01-19,105.2699966430664,105.56999969482422,105.0199966430664,105.55000305175781,822100,58.11784362792969
2010-01-20,105.69999694824219,105.83999633789062,105.43000030517578,105.4800033569336,1112000,58.07929992675781
2010-01-21,105.75,106.2699966430664,105.69999694824219,105.76000213623047,1333400,58.233463287353516
2010-01-22,105.77999877929688,105.80000305175781,105.5,105.5999984741211,1003800,58.14541244506836
2010-01-25,105.55000305175781,105.62999725341797,105.43000030517578,105.58999633789062,765100,58.13988494873047
2010-01-26,105.69000244140625,105.69999694824219,105.23999786376953,105.30999755859375,887200,57.98569107055664
2010-01-27,105.44000244140625,105.44000244140625,104.68000030517578,104.93000030517578,1496100,57.77648162841797
2010-01-28,104.97000122070312,105.25,104.76000213623047,104.77999877929688,1158800,57.69386672973633
2010-01-29,104.98999786376953,105.45999908447266,104.9000015258789,105.44999694824219,1218600,58.06276321411133
2010-02-01,105.05000305175781,105.08000183105469,104.41999816894531,104.52999877929688,1202800,57.80401611328125
2010-02-02,104.6500015258789,105.06999969482422,104.6500015258789,104.86000061035156,1950500,57.986473083496094
2010-02-03,104.83000183105469,104.9000015258789,104.5199966430664,104.75,1478800,57.925636291503906
2010-02-04,104.8499984741211,104.88999938964844,104.54000091552734,104.73999786376953,1116700,57.92012023925781
2010-02-05,104.62999725341797,104.72000122070312,104.22000122070312,104.41999816894531,2204600,57.743160247802734
2010-02-08,104.52999877929688,104.68000030517578,104.30999755859375,104.5199966430664,1736500,57.7984619140625
2010-02-09,104.58999633789062,104.69999694824219,104.27999877929688,104.27999877929688,969800,57.66575241088867
2010-02-10,104.20999908447266,104.31999969482422,103.37999725341797,103.47000122070312,1178000,57.21784973144531
2010-02-11,103.5999984741211,103.7699966430664,103.33999633789062,103.70999908447266,1045500,57.35057830810547
2010-02-12,103.83000183105469,103.9800033569336,103.68000030517578,103.83000183105469,707100,57.41691207885742
2010-02-16,103.61000061035156,104.23999786376953,103.5,104.23999786376953,1029500,57.64362716674805
2010-02-17,104.19000244140625,104.20999908447266,103.62999725341797,103.88999938964844,717200,57.45009231567383
2010-02-18,103.91000366210938,104.06999969482422,103.5,103.81999969482422,1717100,57.41136169433594
2010-02-19,103.69999694824219,104.19000244140625,103.66000366210938,104.19000244140625,1827800,57.61593246459961
2010-02-22,104.12000274658203,104.25,104.01000213623047,104.25,585900,57.649131774902344
2010-02-23,104.33000183105469,104.54000091552734,104.19000244140625,104.5,1095300,57.787410736083984
2010-02-24,104.6500015258789,105,104.55000305175781,104.94999694824219,924400,58.03624725341797
2010-02-25,105.12000274658203,105.12000274658203,104.83000183105469,104.83999633789062,572300,57.97538757324219
2010-02-26,104.98999786376953,105.55999755859375,104.98999786376953,105.52999877929688,804600,58.35696029663086
2010-03-01,105.19000244140625,105.29000091552734,104.9000015258789,105.22000122070312,598700,58.431941986083984
2010-03-02,105.02999877929688,105.55000305175781,105,105.44000244140625,625600,58.554100036621094
2010-03-03,105.19000244140625,105.66000366210938,105.19000244140625,105.66000366210938,746300,58.67627716064453
2010-03-04,105.55999755859375,105.80999755859375,105.37999725341797,105.70999908447266,492300,58.704071044921875
2010-03-05,105.62000274658203,105.63999938964844,105.11000061035156,105.58000183105469,786000,58.631893157958984
2010-03-08,105.58000183105469,105.75,105.37999725341797,105.75,966800,58.72626495361328
2010-03-09,105.70999908447266,105.81999969482422,105.58999633789062,105.6500015258789,722100,58.67070388793945
2010-03-10,105.48999786376953,105.75,105.37000274658203,105.75,688200,58.72626495361328
2010-03-11,105.58000183105469,105.75,105.44000244140625,105.70999908447266,480000,58.704071044921875
2010-03-12,105.62000274658203,105.9800033569336,105.5,105.93000030517578,819100,58.82621383666992
2010-03-15,105.97000122070312,105.9800033569336,105.66999816894531,105.91000366210938,497200,58.815120697021484
2010-03-16,106,106.4000015258789,105.86000061035156,106.4000015258789,635600,59.08722686767578
2010-03-17,106.58000183105469,106.86000061035156,106.4000015258789,106.79000091552734,983900,59.3038215637207
2010-03-18,106.75,106.80999755859375,106.58000183105469,106.58000183105469,497200,59.1872444152832
2010-03-19,106.5,106.76000213623047,106.4000015258789,106.5,621500,59.14274215698242
2010-03-22,106.37999725341797,106.75,106.37999725341797,106.66999816894531,406000,59.2371826171875
2010-03-23,106.73999786376953,106.8499984741211,106.5999984741211,106.5999984741211,463300,59.19829559326172
2010-03-24,106.16000366210938,106.2699966430664,105.58999633789062,105.80999755859375,801600,58.75959777832031
2010-03-25,105.66000366210938,105.79000091552734,105.23999786376953,105.43000030517578,985400,58.548587799072266
2010-03-26,105.3499984741211,105.75,105.30999755859375,105.75,614000,58.72626495361328
2010-03-29,105.73999786376953,105.79000091552734,105.37000274658203,105.66000366210938,597600,58.67627716064453
2010-03-30,105.62999725341797,105.79000091552734,105.44999694824219,105.72000122070312,616100,58.70963668823242
2010-03-31,105.81999969482422,106.01000213623047,105.7300033569336,105.7699966430664,997800,58.73738098144531
2010-04-01,105.44999694824219,105.62000274658203,105.29000091552734,105.52999877929688,1565600,58.86509323120117
2010-04-05,105.01000213623047,105.12000274658203,104.44000244140625,104.55999755859375,1417800,58.324058532714844
2010-04-06,104.9000015258789,105.13999938964844,104.73999786376953,104.80999755859375,1175000,58.4634895324707
2010-04-07,104.93000030517578,105.48999786376953,104.93000030517578,105.33999633789062,1041200,58.75912094116211
2010-04-08,105.58999633789062,105.6500015258789,105.13999938964844,105.13999938964844,938600,58.647621154785156
2010-04-09,105.25,105.4000015258789,105.02999877929688,105.20999908447266,657800,58.68667221069336
2010-04-12,105.3499984741211,105.5999984741211,105.30000305175781,105.51000213623047,502800,58.853973388671875
2010-04-13,105.76000213623047,105.91999816894531,105.58000183105469,105.88999938964844,728100,59.065956115722656
2010-04-14,105.94999694824219,106,105.6500015258789,105.80000305175781,697200,59.01572036743164
2010-04-15,105.79000091552734,106.13999938964844,105.66000366210938,105.9800033569336,766300,59.116153717041016
2010-04-16,106.16000366210938,106.45999908447266,105.9800033569336,106.2300033569336,1091800,59.25559997558594
2010-04-19,106.36000061035156,106.36000061035156,105.95999908447266,105.95999908447266,643900,59.1049690246582
2010-04-20,106.16999816894531,106.20999908447266,106.0199966430664,106.19000244140625,923200,59.233280181884766
2010-04-21,106.4800033569336,106.72000122070312,106.2699966430664,106.55999755859375,646600,59.43964767456055
2010-04-22,106.55999755859375,106.75,106.30000305175781,106.31999969482422,248000,59.305789947509766
2010-04-23,106.2699966430664,106.37999725341797,106.16000366210938,106.30000305175781,327400,59.294654846191406
2010-04-26,106.4800033569336,106.55999755859375,106.20999908447266,106.3499984741211,839900,59.32251739501953
2010-04-27,106.58000183105469,106.93000030517578,106.25,106.41999816894531,590500,59.36157989501953
2010-04-28,106.33999633789062,106.8499984741211,106.25,106.5999984741211,1670600,59.46196365356445
2010-04-29,106.86000061035156,106.94999694824219,106.62999725341797,106.87000274658203,1102600,59.61259841918945
2010-04-30,107,107.54000091552734,106.87000274658203,107.30999755859375,1031700,59.85798263549805
2010-05-03,106.91000366210938,106.94999694824219,106.68000030517578,106.88999938964844,495800,59.87592315673828
2010-05-04,107.05999755859375,107.3499984741211,106.94999694824219,107.0199966430664,844700,59.9487419128418
2010-05-05,107.01000213623047,107.19000244140625,106.12999725341797,106.55999755859375,1288500,59.691078186035156
2010-05-06,106.3499984741211,106.61000061035156,102.47000122070312,104.80000305175781,1687800,58.70518493652344
2010-05-07,105.58999633789062,106.12000274658203,104.83000183105469,105.13999938964844,1758600,58.895668029785156
2010-05-10,105.4000015258789,105.97000122070312,105.4000015258789,105.80000305175781,1275900,59.265350341796875
2010-05-11,105.69999694824219,105.95999908447266,105.37000274658203,105.91000366210938,997500,59.32695770263672
2010-05-12,105.77999877929688,106.04000091552734,105.5999984741211,105.87000274658203,1034900,59.304534912109375
2010-05-13,106.19000244140625,106.2300033569336,105.70999908447266,106.18000030517578,585100,59.47824478149414
2010-05-14,106.33999633789062,106.68000030517578,105.97000122070312,106.1500015258789,575700,59.461429595947266
2010-05-17,106.5199966430664,106.79000091552734,106,106.33000183105469,877200,59.562232971191406
2010-05-18,106.66000366210938,106.9000015258789,106.29000091552734,106.66999816894531,582100,59.75267791748047
2010-05-19,106.41000366210938,107,106.41000366210938,106.7300033569336,503300,59.786338806152344
2010-05-20,106.80000305175781,106.93000030517578,106.26000213623047,106.48999786376953,1009400,59.65184020996094
2010-05-21,106.55999755859375,106.66000366210938,105.93000030517578,106.30999755859375,1775500,59.551029205322266
2010-05-24,106.36000061035156,106.68000030517578,106.3499984741211,106.58999633789062,717800,59.707881927490234
2010-05-25,106.41999816894531,106.4800033569336,105.95999908447266,106.08000183105469,901500,59.42219161987305
2010-05-26,106.13999938964844,106.19999694824219,105.76000213623047,106.1500015258789,562000,59.461429595947266
2010-05-27,105.7300033569336,105.73999786376953,105.37999725341797,105.5999984741211,767600,59.15335464477539
2010-05-28,105.79000091552734,106.02999877929688,105.4000015258789,105.45999908447266,1042200,59.074893951416016
2010-06-01,105.02999877929688,105.33000183105469,104.87000274658203,104.93000030517578,782400,59.025978088378906
2010-06-02,104.93000030517578,105.30000305175781,104.93000030517578,105.30000305175781,521000,59.234066009521484
2010-06-03,105.2699966430664,105.55000305175781,104.95999908447266,104.95999908447266,1017000,59.04282760620117
2010-06-04,105.22000122070312,105.66000366210938,105.0999984741211,105.5999984741211,745200,59.4028434753418
2010-06-07,105.5,106.12999725341797,105.5,106.04000091552734,551500,59.650352478027344
2010-06-08,105.9800033569336,106.2699966430664,105.76000213623047,106.04000091552734,953500,59.650352478027344
2010-06-09,105.88999938964844,106.2300033569336,105.66000366210938,106.08000183105469,526900,59.67286682128906
2010-06-10,105.73999786376953,105.94999694824219,105.45999908447266,105.63999938964844,1037200,59.425357818603516
2010-06-11,105.88999938964844,106.08000183105469,105.62000274658203,106.02999877929688,483100,59.644737243652344
2010-06-14,105.66999816894531,105.83000183105469,105.44000244140625,105.83000183105469,712900,59.5322380065918
2010-06-15,105.87000274658203,105.91999816894531,105.5199966430664,105.69999694824219,663100,59.45909881591797
2010-06-16,105.83999633789062,105.9000015258789,105.55000305175781,105.80999755859375,568000,59.52098083496094
2010-06-17,106.1500015258789,106.58999633789062,106,106.51000213623047,1487500,59.91476058959961
2010-06-18,106.52999877929688,106.66999816894531,106.36000061035156,106.5,726300,59.90913391113281
2010-06-21,106.33000183105469,106.79000091552734,106.26000213623047,106.7699966430664,686300,60.06097412109375
2010-06-22,106.63999938964844,107.33000183105469,106.61000061035156,107.29000091552734,657000,60.35353469848633
2010-06-23,107.13999938964844,107.79000091552734,107.12999725341797,107.73999786376953,1105800,60.60664367675781
2010-06-24,107.77999877929688,107.83000183105469,107.25,107.30999755859375,743000,60.36480712890625
2010-06-25,107.31999969482422,107.73999786376953,107.20999908447266,107.48999786376953,485000,60.466007232666016
2010-06-28,107.9000015258789,108.12000274658203,107.7300033569336,108.08000183105469,772700,60.79792022705078
2010-06-29,108.26000213623047,108.26000213623047,107.94000244140625,108.02999877929688,1007200,60.76974868774414
2010-06-30,108.2300033569336,108.45999908447266,108.18000030517578,108.45999908447266,850800,61.011714935302734
2010-07-01,108.16000366210938,108.45999908447266,108.01000213623047,108.13999938964844,1478700,61.0794563293457
2010-07-02,108.1500015258789,108.22000122070312,107.7699966430664,107.83000183105469,600400,60.90436553955078
2010-07-06,108.19999694824219,108.5999984741211,108,108.27999877929688,993400,61.15852737426758
2010-07-07,108.22000122070312,108.54000091552734,108.20999908447266,108.3499984741211,634100,61.19807815551758
2010-07-08,108.12000274658203,108.1500015258789,107.87000274658203,108.08000183105469,738200,61.04555892944336
2010-07-09,108.08000183105469,108.12000274658203,107.86000061035156,107.94999694824219,530000,60.97209930419922
2010-07-12,108.16999816894531,108.26000213623047,107.94000244140625,108.08000183105469,585100,61.04555892944336
2010-07-13,108.19999694824219,108.30000305175781,107.95999908447266,108.13999938964844,709000,61.0794563293457
2010-07-14,108.2300033569336,108.72000122070312,108.19999694824219,108.62000274658203,1880300,61.350563049316406
2010-07-15,108.62000274658203,108.91999816894531,108.62000274658203,108.80999755859375,1038800,61.4578971862793
2010-07-16,108.98999786376953,109.37000274658203,108.88999938964844,109,814100,61.565216064453125
2010-07-19,108.95999908447266,109.13999938964844,108.87999725341797,108.9800033569336,580700,61.55387878417969
2010-07-20,108.95999908447266,109.37000274658203,108.95999908447266,109.0999984741211,1052100,61.62163162231445
2010-07-21,108.98999786376953,109.62999725341797,108.94000244140625,109.62999725341797,779400,61.92106628417969
2010-07-22,109.66000366210938,109.68000030517578,109.18000030517578,109.48999786376953,827300,61.84202575683594
2010-07-23,109.66000366210938,109.69000244140625,109.37000274658203,109.62999725341797,675800,61.92106628417969
2010-07-26,109.47000122070312,109.75,109.3499984741211,109.7300033569336,538000,61.97751998901367
2010-07-27,109.51000213623047,109.80000305175781,109.36000061035156,109.36000061035156,1108600,61.76853942871094
2010-07-28,109.58999633789062,109.7699966430664,109.23999786376953,109.75,777600,61.988826751708984
2010-07-29,109.66000366210938,109.9000015258789,109.54000091552734,109.79000091552734,513000,62.01140213012695
2010-07-30,110.02999877929688,110.41999816894531,110.02999877929688,110.30000305175781,796300,62.29945373535156
2010-08-02,109.91000366210938,109.94999694824219,109.55999755859375,109.62999725341797,764100,62.1673469543457
2010-08-03,109.9000015258789,110.04000091552734,109.69999694824219,109.9000015258789,1060700,62.32045364379883
2010-08-04,109.83000183105469,109.94999694824219,109.55000305175781,109.55999755859375,859900,62.127662658691406
2010-08-05,109.69000244140625,109.88999938964844,109.58999633789062,109.76000213623047,1093400,62.241058349609375
2010-08-06,110.19000244140625,110.4800033569336,110.05999755859375,110.38999938964844,685700,62.59830093383789
2010-08-09,110.45999908447266,110.77999877929688,110.30000305175781,110.75,844400,62.80245590209961
2010-08-10,110.5999984741211,110.7300033569336,110.37999725341797,110.61000061035156,1260100,62.72309112548828
2010-08-11,110.62999725341797,110.94000244140625,110.54000091552734,110.5999984741211,934600,62.717376708984375
2010-08-12,110.54000091552734,110.69999694824219,110.18000030517578,110.20999908447266,1427100,62.496219635009766
2010-08-13,110.38999938964844,110.77999877929688,110.33999633789062,110.63999938964844,894800,62.740047454833984
2010-08-16,111.27999877929688,111.97000122070312,111.27999877929688,111.86000061035156,786200,63.431888580322266
2010-08-17,111.9000015258789,111.9800033569336,111.47000122070312,111.68000030517578,799600,63.32979202270508
2010-08-18,111.79000091552734,111.98999786376953,111.5999984741211,111.77999877929688,1889200,63.38653564453125
2010-08-19,111.58999633789062,112.37999725341797,111.58000183105469,111.9000015258789,1439500,63.4545783996582
2010-08-20,111.8499984741211,112.25,111.80000305175781,112.0999984741211,1402000,63.5680046081543
2010-08-23,111.98999786376953,112.36000061035156,111.83000183105469,112.33999633789062,549100,63.704097747802734
2010-08-24,112.61000061035156,112.80000305175781,112.3499984741211,112.5999984741211,826000,63.85151290893555
2010-08-25,113,113,112.4000015258789,112.80999755859375,1820000,63.970603942871094
2010-08-26,112.75,112.95999908447266,112.58000183105469,112.91000366210938,703600,64.02734375
2010-08-27,112.72000122070312,112.91000366210938,111.81999969482422,111.88999938964844,1642300,63.44891357421875
2010-08-30,112.45999908447266,112.72000122070312,111.9800033569336,112.62000274658203,1574500,63.86285400390625
2010-08-31,112.66000366210938,113.05000305175781,112.4000015258789,113,1450700,64.07841491699219
2010-09-01,112.3499984741211,112.38999938964844,111.44999694824219,111.7300033569336,2395600,63.59683609008789
2010-09-02,111.47000122070312,111.66999816894531,111.33000183105469,111.58999633789062,1243900,63.517127990722656
2010-09-03,110.72000122070312,111.1500015258789,110.66999816894531,110.75,1184800,63.03897476196289
2010-09-07,111.58999633789062,111.73999786376953,111,111.56999969482422,1128300,63.5057487487793
2010-09-08,111.4800033569336,111.5,111.19999694824219,111.3499984741211,556200,63.380462646484375
2010-09-09,111.18000030517578,111.19999694824219,110.55999755859375,110.7699966430664,967700,63.05037307739258
2010-09-10,110.51000213623047,110.94000244140625,110.41999816894531,110.8499984741211,1105900,63.09588623046875
2010-09-13,110.83000183105469,111.30000305175781,110.75,111,987900,63.18128204345703
2010-09-14,111.19999694824219,111.5999984741211,111.12999725341797,111.5199966430664,1846500,63.477294921875
2010-09-15,111.33999633789062,111.55999755859375,111.19999694824219,111.33999633789062,983200,63.374820709228516
2010-09-16,111.04000091552734,111.05000305175781,110.70999908447266,110.98999786376953,1382000,63.17560577392578
2010-09-17,111.33999633789062,111.45999908447266,111.04000091552734,111.3499984741211,2647200,63.380462646484375
2010-09-20,111.48999786376953,111.58999633789062,111.30999755859375,111.48999786376953,775000,63.46016311645508
2010-09-21,111.62000274658203,112.4800033569336,111.5999984741211,112.33999633789062,1416600,63.94407272338867
2010-09-22,112.44999694824219,112.58999633789062,112.18000030517578,112.2699966430664,851200,63.9041748046875
2010-09-23,112.68000030517578,112.69999694824219,112.2699966430664,112.3499984741211,594200,63.94975280761719
2010-09-24,112.33999633789062,112.33999633789062,112.01000213623047,112.0999984741211,1064700,63.807411193847656
2010-09-27,112.52999877929688,112.75,112.41000366210938,112.68000030517578,770900,64.13758850097656
2010-09-28,112.68000030517578,113.19000244140625,112.61000061035156,112.87999725341797,595900,64.25138092041016
2010-09-29,112.91999816894531,112.98999786376953,112.68000030517578,112.7699966430664,751900,64.18878173828125
2010-09-30,112.76000213623047,113.1500015258789,112.19999694824219,113.08999633789062,1089800,64.37092590332031
2010-10-01,112.36000061035156,112.54000091552734,108.9800033569336,112.11000061035156,3916600,64.05891418457031
2010-10-04,112.12000274658203,112.36000061035156,112.12000274658203,112.29000091552734,847300,64.161773681640625
2010-10-05,112.58999633789062,112.72000122070312,112.37999725341797,112.5199966430664,1236000,64.29316711425781
2010-10-06,113.12999725341797,113.9800033569336,113.06999969482422,113.25,1457100,64.7103042602539
2010-10-07,113.43000030517578,113.48999786376953,113.16999816894531,113.22000122070312,713800,64.69318389892578
2010-10-08,113.5,113.58999633789062,113.06999969482422,113.11000061035156,1160400,64.63032531738281
2010-10-11,113.08999633789062,113.4000015258789,113.06999969482422,113.20999908447266,460300,64.687469482421875
2010-10-12,113.27999877929688,113.48999786376953,112.95999908447266,113.04000091552734,748800,64.5903549194336
2010-10-13,112.93000030517578,113.18000030517578,112.69999694824219,112.9800033569336,996600,64.55604553222656
2010-10-14,112.83999633789062,112.94999694824219,112.05000305175781,112.06999969482422,1236100,64.03608703613281
2010-10-15,111.68000030517578,111.97000122070312,111.36000061035156,111.36000061035156,1287700,63.630340576171875
2010-10-18,111.79000091552734,112.1500015258789,111.76000213623047,112.12999725341797,662600,64.0703353881836
2010-10-19,111.79000091552734,112.37999725341797,111.73999786376953,112.13999938964844,685300,64.07605743408203
2010-10-20,112.19000244140625,112.62000274658203,111.91000366210938,112.33999633789062,632700,64.19042205810547
2010-10-21,112.29000091552734,112.56999969482422,112.04000091552734,112.04000091552734,841200,64.0189208984375
2010-10-22,112.08999633789062,112.33999633789062,112,112.18000030517578,640000,64.09892272949219
2010-10-25,112.81999969482422,112.91000366210938,112.55000305175781,112.58000183105469,716400,64.32750701904297
2010-10-26,112.16000366210938,112.44000244140625,111.9800033569336,111.9800033569336,598800,63.98469924926758
2010-10-27,111.66999816894531,111.91999816894531,111.66000366210938,111.69000244140625,1751000,63.8189582824707
2010-10-28,111.98999786376953,112.33999633789062,111.91000366210938,112.13999938964844,1264500,64.07605743408203
2010-10-29,112.16000366210938,112.5,112.12000274658203,112.36000061035156,583800,64.20177459716797
2010-11-01,112.08000183105469,112.56999969482422,111.7699966430664,111.88999938964844,865500,64.179962158203125
2010-11-02,112.08000183105469,112.45999908447266,112.08000183105469,112.41000366210938,555600,64.47826385498047
2010-11-03,112.61000061035156,112.9000015258789,111.80000305175781,112.04000091552734,932000,64.266021728515625
2010-11-04,112.58000183105469,113.19000244140625,112.58000183105469,113.0999984741211,990300,64.87407684326172
2010-11-05,112.87000274658203,113.02999877929688,112.61000061035156,112.73999786376953,455800,64.66756439208984
2010-11-08,112.8499984741211,112.9800033569336,112.56999969482422,112.80000305175781,432500,64.70195007324219
2010-11-09,112.91000366210938,112.91999816894531,111.91000366210938,111.95999908447266,1438900,64.22014617919922
2010-11-10,111.62999725341797,111.93000030517578,110.80999755859375,111.72000122070312,1169900,64.08250427246094
2010-11-11,111.69999694824219,111.75,111.22000122070312,111.2300033569336,778500,63.801422119140625
2010-11-12,111.0999984741211,111.25,110.41999816894531,110.44999694824219,1351700,63.353981018066406
2010-11-15,110.05999755859375,110.27999877929688,109.23999786376953,109.23999786376953,1294100,62.659934997558594
2010-11-16,109.5,109.9000015258789,109.0199966430664,109.81999969482422,2219600,62.99262237548828
2010-11-17,109.91000366210938,110.37000274658203,109.7699966430664,109.81999969482422,1237000,62.99262237548828
2010-11-18,109.93000030517578,110.08000183105469,109.4800033569336,109.9000015258789,1001200,63.03852081298828
2010-11-19,110.06999969482422,110.36000061035156,109.9000015258789,110.27999877929688,676400,63.25649642944336
2010-11-22,110.5,110.91000366210938,110.5,110.88999938964844,759800,63.60641098022461
2010-11-23,111.16000366210938,111.19000244140625,110.75,110.94999694824219,749200,63.64083480834961
2010-11-24,110.44000244140625,110.45999908447266,109.86000061035156,110.04000091552734,644500,63.118865966796875
2010-11-26,110.18000030517578,110.33999633789062,109.95999908447266,110.18000030517578,233400,63.19914245605469
2010-11-29,110.31999969482422,110.5,110.19000244140625,110.29000091552734,494600,63.262237548828125
2010-11-30,110.5999984741211,110.73999786376953,110.08000183105469,110.12000274658203,1324500,63.16471862792969
2010-12-01,109.4000015258789,109.55999755859375,109.06999969482422,109.44999694824219,1473400,63.024208068847656
2010-12-02,109.11000061035156,109.48999786376953,108.91999816894531,109.20999908447266,1011600,62.88603210449219
2010-12-03,109.43000030517578,109.66999816894531,108.86000061035156,108.9000015258789,1391800,62.70751953125
2010-12-06,109.41000366210938,109.66000366210938,109.30999755859375,109.66000366210938,670700,63.145172119140625
2010-12-07,109.1500015258789,109.3499984741211,108.27999877929688,108.63999938964844,1302200,62.557777404785156
2010-12-08,108.25,108.2699966430664,107.2300033569336,107.94000244140625,3831100,62.154720306396484
2010-12-09,108.05999755859375,108.4000015258789,107.77999877929688,108.19999694824219,1967300,62.3044548034668
2010-12-10,107.94999694824219,108.23999786376953,107.56999969482422,107.69999694824219,1335200,62.01652145385742
2010-12-13,107.61000061035156,108.37999725341797,107.56999969482422,108.0999984741211,1670200,62.24686813354492
2010-12-14,107.6500015258789,107.93000030517578,107.01000213623047,107.44000244140625,1976500,61.866817474365234
2010-12-15,107.62000274658203,107.81999969482422,106.68000030517578,106.7699966430664,2601900,61.48102569580078
2010-12-16,106.69000244140625,107.33999633789062,106.33999633789062,107.29000091552734,1892500,61.78043746948242
2010-12-17,107.37000274658203,108.31999969482422,107.36000061035156,108.2699966430664,1678700,62.3447380065918
2010-12-20,108.41999816894531,108.63999938964844,108.05999755859375,108.19999694824219,1438200,62.3044548034668
2010-12-21,108.33999633789062,108.47000122070312,107.93000030517578,108.43000030517578,985200,62.4368782043457
2010-12-22,108.48999786376953,108.55999755859375,108.19999694824219,108.33999633789062,749800,62.385040283203125
2010-12-23,108.22000122070312,108.38999938964844,108.08999633789062,108.38999938964844,861300,62.4138298034668
2010-12-27,108.12999725341797,108.69000244140625,107.97000122070312,108.5999984741211,781400,62.534698486328125
2010-12-28,108.0999984741211,108.19000244140625,107.22000122070312,107.30999755859375,584800,62.03644943237305
2010-12-29,107.23999786376953,108.4000015258789,107.16999816894531,108.12000274658203,1031600,62.504703521728516
2010-12-30,107.97000122070312,108.20999908447266,107.69000244140625,108.16999816894531,562900,62.53360366821289
2010-12-31,108.25,108.75,108.25,108.44000244140625,914800,62.68974304199219
2011-01-03,108.22000122070312,108.88999938964844,108.05999755859375,108.86000061035156,2447900,62.932491302490234
2011-01-04,108.9800033569336,109.19000244140625,108.75,109,962500,63.01346206665039
2011-01-05,108.51000213623047,108.58000183105469,108,108.19999694824219,1209200,62.55097198486328
2011-01-06,108.31999969482422,108.63999938964844,108.19999694824219,108.36000061035156,1089700,62.64349365234375
2011-01-07,108.26000213623047,109.05999755859375,108.19999694824219,108.91000366210938,1118600,62.9614372253418
2011-01-10,108.77999877929688,109.19999694824219,108.77999877929688,109.0999984741211,909200,63.07127380371094
2011-01-11,108.9000015258789,109.16999816894531,108.58000183105469,109.05000305175781,845000,63.042354583740234
2011-01-12,108.80999755859375,109.0199966430664,108.66999816894531,108.9800033569336,1291600,63.00188446044922
2011-01-13,108.8499984741211,109.45999908447266,108.7699966430664,109.44999694824219,971000,63.27357482910156
2011-01-14,109.38999938964844,109.43000030517578,108.88999938964844,108.93000030517578,1629900,62.97294998168945
2011-01-18,108.80000305175781,109.08000183105469,108.4000015258789,108.87000274658203,1422700,62.93824768066406
2011-01-19,108.83000183105469,108.97000122070312,108.68000030517578,108.79000091552734,1685300,62.89200973510742
2011-01-20,108.58000183105469,108.75,107.69999694824219,108.31999969482422,1699200,62.620384216308594
2011-01-21,108.18000030517578,108.55000305175781,108.13999938964844,108.4800033569336,1056600,62.71281814575195
2011-01-24,108.55000305175781,108.81999969482422,108.45999908447266,108.52999877929688,727200,62.74176788330078
2011-01-25,108.81999969482422,109.18000030517578,108.41999816894531,109.06999969482422,1302200,63.0539436340332
2011-01-26,108.83000183105469,108.98999786376953,108.45999908447266,108.45999908447266,1647100,62.7012825012207
2011-01-27,108.5,108.79000091552734,108.33999633789062,108.63999938964844,1094300,62.805294036865234
2011-01-28,108.37000274658203,109.0199966430664,108.33999633789062,108.77999877929688,1388100,62.88627243041992
2011-01-31,108.72000122070312,109,108.44000244140625,108.4800033569336,1849900,62.71281814575195
2011-02-01,107.95999908447266,108.11000061035156,107.72000122070312,107.91000366210938,989200,62.62984848022461
2011-02-02,108.12000274658203,108.1500015258789,107.55999755859375,107.69999694824219,1975700,62.507957458496094
2011-02-03,107.51000213623047,107.7699966430664,107.41999816894531,107.44000244140625,1645800,62.357059478759766
2011-02-04,107.30000305175781,107.44000244140625,106.87999725341797,107.11000061035156,1367700,62.165523529052734
2011-02-07,106.93000030517578,107.3499984741211,106.87999725341797,107.2300033569336,1709500,62.23516082763672
2011-02-08,107.26000213623047,107.47000122070312,106.79000091552734,106.83999633789062,1263200,62.00885009765625
2011-02-09,106.94999694824219,107.66000366210938,106.81999969482422,107.52999877929688,2124900,62.409236907958984
2011-02-10,107.19999694824219,107.38999938964844,106.94000244140625,107,690600,62.10166549682617
2011-02-11,107.3499984741211,107.66000366210938,107.2300033569336,107.58999633789062,817300,62.4440803527832
2011-02-14,107.33000183105469,107.86000061035156,107.33000183105469,107.66000366210938,785400,62.484718322753906
2011-02-15,107.69000244140625,107.9000015258789,107.52999877929688,107.9000015258789,621800,62.624046325683594
2011-02-16,107.88999938964844,108.16999816894531,107.6500015258789,107.7699966430664,1892600,62.54853439331055
2011-02-17,108.12000274658203,108.19999694824219,107.9000015258789,107.97000122070312,585600,62.66468048095703
2011-02-18,107.70999908447266,108.12999725341797,107.66000366210938,108.12999725341797,505900,62.757530212402344
2011-02-22,107.98999786376953,108.68000030517578,107.98999786376953,108.43000030517578,1225300,62.93166732788086
2011-02-23,108.6500015258789,108.75,108.25,108.30000305175781,1293600,62.85621643066406
2011-02-24,108.58999633789062,108.75,108.36000061035156,108.41999816894531,718900,62.92582702636719
2011-02-25,108.70999908447266,108.95999908447266,108.54000091552734,108.93000030517578,722900,63.221771240234375
2011-02-28,108.94000244140625,109.22000122070312,108.94000244140625,109.22000122070312,718600,63.39012145996094
2011-03-01,108.43000030517578,108.80000305175781,108.37999725341797,108.79000091552734,1332300,63.391334533691406
2011-03-02,108.68000030517578,108.81999969482422,108.20999908447266,108.20999908447266,837100,63.05329513549805
2011-03-03,108.08000183105469,108.1500015258789,107.69000244140625,107.75,1024200,62.78527069091797
2011-03-04,107.8499984741211,108.2699966430664,107.81999969482422,108.16000366210938,1385200,63.02421569824219
2011-03-07,107.73999786376953,108.27999877929688,107.73999786376953,107.88999938964844,451800,62.866886138916016
2011-03-08,107.91999816894531,108.01000213623047,107.66000366210938,107.75,745900,62.78527069091797
2011-03-09,107.9000015258789,108.38999938964844,107.80000305175781,108.30999755859375,1745300,63.11165237426758
2011-03-10,108.5,108.83999633789062,108.12999725341797,108.75,965400,63.36798858642578
2011-03-11,108.70999908447266,109,108.52999877929688,108.6500015258789,1541500,63.30975341796875
2011-03-14,108.94000244140625,109.0999984741211,108.69999694824219,108.7699966430664,1095700,63.379661560058594
2011-03-15,109.02999877929688,109.06999969482422,108.62000274658203,108.76000213623047,1659400,63.37386703491211
2011-03-16,109.26000213623047,109.98999786376953,109.05999755859375,109.41000366210938,2000100,63.75259017944336
2011-03-17,109.06999969482422,109.45999908447266,108.97000122070312,109.33999633789062,1117800,63.71178436279297
2011-03-18,108.94000244140625,109.48999786376953,108.93000030517578,109.41000366210938,693500,63.75259017944336
2011-03-21,109.0999984741211,109.36000061035156,108.94000244140625,109.05999755859375,870400,63.548606872558594
2011-03-22,108.83000183105469,109.29000091552734,108.83000183105469,109.26000213623047,463300,63.66523361206055
2011-03-23,109.4000015258789,109.4800033569336,109,109.19000244140625,537800,63.62437438964844
2011-03-24,109.08999633789062,109.13999938964844,108.77999877929688,108.83000183105469,516800,63.414615631103516
2011-03-25,108.87000274658203,109.08000183105469,108.55000305175781,108.66999816894531,420200,63.32136917114258
2011-03-28,108.5,108.86000061035156,108.36000061035156,108.70999908447266,573000,63.34464645385742
2011-03-29,108.4000015258789,108.73999786376953,108.12000274658203,108.18000030517578,625000,63.03586959838867
2011-03-30,108.19999694824219,108.55000305175781,108.19000244140625,108.55000305175781,754700,63.25148391723633
2011-03-31,108.61000061035156,108.61000061035156,108.11000061035156,108.19999694824219,832900,63.047508239746094
2011-04-01,107.76000213623047,108.38999938964844,107.5199966430664,108.27999877929688,2873600,63.34526443481445
2011-04-04,108.30000305175781,108.63999938964844,108.30000305175781,108.52999877929688,767300,63.49153518676758
2011-04-05,108.61000061035156,108.61000061035156,108.25,108.58999633789062,1901800,63.52663040161133
2011-04-06,108.55999755859375,108.56999969482422,108.18000030517578,108.23999786376953,1253300,63.32189178466797
2011-04-07,108.30000305175781,108.33999633789062,108,108.08000183105469,641400,63.22825241088867
2011-04-08,108,108.2300033569336,107.9000015258789,108.0199966430664,572200,63.193172454833984
2011-04-11,107.9000015258789,108.18000030517578,107.9000015258789,108.02999877929688,667500,63.19902801513672
2011-04-12,108.43000030517578,108.58000183105469,108.25,108.41000366210938,625100,63.42139434814453
2011-04-13,108.23999786376953,108.66999816894531,108.23999786376953,108.5999984741211,673700,63.532493591308594
2011-04-14,108.76000213623047,108.76000213623047,108.26000213623047,108.33000183105469,1076400,63.37455368041992
2011-04-15,108.7300033569336,109,108.7300033569336,108.9000015258789,662600,63.708003997802734
2011-04-18,108.80999755859375,109.16000366210938,108.55999755859375,109.05000305175781,822800,63.79579544067383
2011-04-19,109.19000244140625,109.44000244140625,109.08000183105469,109.27999877929688,467300,63.9302978515625
2011-04-20,109.41000366210938,109.43000030517578,109.20999908447266,109.33000183105469,515400,63.959537506103516
2011-04-21,109.37999725341797,109.69999694824219,109.26000213623047,109.43000030517578,624800,64.01806640625
2011-04-25,109.41000366210938,109.61000061035156,109.33999633789062,109.54000091552734,687000,64.08241271972656
2011-04-26,109.62000274658203,110.08000183105469,109.61000061035156,110.05000305175781,953600,64.38079833984375
2011-04-27,109.8499984741211,110,109.68000030517578,109.91000366210938,716100,64.2988510131836
2011-04-28,109.94999694824219,110.29000091552734,109.8499984741211,110.26000213623047,508700,64.50360870361328
2011-04-29,110.19000244140625,110.4800033569336,110.16000366210938,110.47000122070312,756000,64.62650299072266
2011-05-02,110.05000305175781,110.43000030517578,109.95999908447266,110.30000305175781,1771000,64.77739715576172
2011-05-03,110.33000183105469,110.4000015258789,110.08999633789062,110.25,661300,64.7480697631836
2011-05-04,110.45999908447266,110.58999633789062,110.30999755859375,110.41000366210938,720600,64.84200286865234
2011-05-05,110.51000213623047,110.87999725341797,110.51000213623047,110.79000091552734,771600,65.06514739990234
2011-05-06,110.55999755859375,111.02999877929688,110.41999816894531,110.79000091552734,857100,65.06514739990234
2011-05-09,110.80999755859375,111,110.7300033569336,110.9000015258789,485200,65.1297836303711
2011-05-10,110.80000305175781,110.83000183105469,110.4000015258789,110.44999694824219,974700,64.8655014038086
2011-05-11,110.44999694824219,110.7699966430664,110.30999755859375,110.62999725341797,538900,64.97120666503906
2011-05-12,110.56999969482422,110.69999694824219,110.18000030517578,110.37000274658203,595000,64.8184585571289
2011-05-13,110.63999938964844,110.93000030517578,110.55000305175781,110.69999694824219,1062900,65.0123291015625
2011-05-16,110.63999938964844,111.08000183105469,110.5999984741211,111.0199966430664,614900,65.2002182006836
2011-05-17,111.05000305175781,111.3499984741211,110.98999786376953,111.16999816894531,1227800,65.288360595703125
2011-05-18,111.23999786376953,111.36000061035156,110.87000274658203,110.88999938964844,477800,65.12390899658203
2011-05-19,110.58999633789062,111.0999984741211,110.5,111.08000183105469,430800,65.23548126220703
2011-05-20,110.95999908447266,111.08999633789062,110.80000305175781,111,585600,65.18852996826172
2011-05-23,111.29000091552734,111.3499984741211,110.9000015258789,110.93000030517578,1200000,65.1473617553711
2011-05-24,110.86000061035156,111.19000244140625,110.80999755859375,111.06999969482422,590500,65.2296371459961
2011-05-25,111.22000122070312,111.22000122070312,110.77999877929688,110.8499984741211,675300,65.10035705566406
2011-05-26,111.0999984741211,111.33999633789062,110.9800033569336,111.33000183105469,1042600,65.38227844238281
2011-05-27,111.12000274658203,111.44999694824219,111.11000061035156,111.44999694824219,510300,65.45277404785156
2011-05-31,111.43000030517578,111.58000183105469,111.30000305175781,111.44000244140625,1022400,65.44689178466797
2011-06-01,111.37999725341797,111.9000015258789,111.30999755859375,111.56999969482422,1467600,65.77411651611328
2011-06-02,111.25,111.25,110.54000091552734,110.55999755859375,1448900,65.17864990234375
2011-06-03,111.02999877929688,111.23999786376953,110.52999877929688,110.80000305175781,684700,65.320159912109375
2011-06-06,110.52999877929688,110.77999877929688,110.44999694824219,110.61000061035156,445500,65.2081527709961
2011-06-07,110.52999877929688,111.02999877929688,110.47000122070312,110.98999786376953,405200,65.43220520019531
2011-06-08,111.02999877929688,111.23999786376953,110.91000366210938,111.05999755859375,450600,65.47342681884766
2011-06-09,111.1500015258789,111.25,110.55999755859375,110.76000213623047,1355700,65.296539306640625
2011-06-10,110.81999969482422,110.98999786376953,110.52999877929688,110.62999725341797,1379300,65.21992492675781
2011-06-13,110.58999633789062,110.87000274658203,110.4800033569336,110.75,908900,65.2906723022461
2011-06-14,110.41999816894531,110.55000305175781,110.30999755859375,110.41999816894531,690200,65.09610748291016
2011-06-15,110.3499984741211,111.05000305175781,110.30000305175781,111.02999877929688,1024100,65.45575714111328
2011-06-16,111,111.08999633789062,110.7300033569336,110.81999969482422,1002000,65.33197784423828
2011-06-17,110.77999877929688,111.05000305175781,110.76000213623047,110.86000061035156,556100,65.35552978515625
2011-06-20,110.98999786376953,111,110.62000274658203,110.87999725341797,619400,65.36732482910156
2011-06-21,110.8499984741211,111.05999755859375,110.6500015258789,110.8499984741211,692800,65.349609375
2011-06-22,111.08999633789062,111.0999984741211,110.69999694824219,111,703200,65.43810272216797
2011-06-23,111.05999755859375,111.43000030517578,111,111.29000091552734,796100,65.60901641845703
2011-06-24,111.30999755859375,111.55999755859375,111.19000244140625,111.3499984741211,716900,65.64441680908203
2011-06-27,111.38999938964844,111.41999816894531,110.91000366210938,110.98999786376953,995100,65.43220520019531
2011-06-28,110.73999786376953,110.81999969482422,110.12999725341797,110.22000122070312,863400,64.97819519042969
2011-06-29,110.19000244140625,110.33999633789062,109.80000305175781,109.97000122070312,1041200,64.83080291748047
2011-06-30,110.16999816894531,110.20999908447266,109.56999969482422,110.12999725341797,1004100,64.92517852783203
2011-07-01,109.95999908447266,109.95999908447266,109.38999938964844,109.70999908447266,1495800,64.9287338256836
2011-07-05,109.72000122070312,110.37999725341797,109.72000122070312,110.0999984741211,1116100,65.15953063964844
2011-07-06,110.18000030517578,110.33999633789062,110.01000213623047,110.33000183105469,1343800,65.295684814453125
2011-07-07,110.06999969482422,110.43000030517578,110,110.36000061035156,1463800,65.31339263916016
2011-07-08,110.80000305175781,111.1500015258789,110.51000213623047,111.06999969482422,1044300,65.73357391357422
2011-07-11,111.36000061035156,111.5,111,111.44000244140625,1397100,65.95252227783203
2011-07-12,111.75,111.75,111.33999633789062,111.52999877929688,694400,66.00581359863281
2011-07-13,111.66000366210938,111.8499984741211,111.41000366210938,111.80999755859375,1014400,66.17152404785156
2011-07-14,111.5999984741211,111.6500015258789,111.06999969482422,111.12000274658203,761200,65.76319885253906
2011-07-15,111.06999969482422,111.37999725341797,110.97000122070312,111.37000274658203,531400,65.91114807128906
2011-07-18,111.30999755859375,111.33999633789062,110.81999969482422,110.94000244140625,1163600,65.656646728515625
2011-07-19,110.9800033569336,111.56999969482422,110.93000030517578,111.4800033569336,1230200,65.97628021240234
2011-07-20,111.41999816894531,111.58999633789062,111.12000274658203,111.22000122070312,1019800,65.82234954833984
2011-07-21,111.05000305175781,111.26000213623047,110.8499984741211,111.05000305175781,931400,65.7218017578125
2011-07-22,111.33000183105469,111.52999877929688,111.18000030517578,111.5,1121000,65.98809051513672
2011-07-25,111.0199966430664,111.44000244140625,110.81999969482422,110.97000122070312,1166900,65.67444610595703
2011-07-26,111.08999633789062,111.68000030517578,111.08999633789062,111.45999908447266,900200,65.96442413330078
2011-07-27,111.31999969482422,111.43000030517578,110.98999786376953,111.12999725341797,762400,65.76909637451172
2011-07-28,111.45999908447266,111.52999877929688,111.29000091552734,111.37000274658203,890200,65.91114807128906
2011-07-29,111.69999694824219,112.44000244140625,111.54000091552734,112.37000274658203,1680200,66.502960205078125
2011-08-01,112.23999786376953,112.83000183105469,112.12999725341797,112.27999877929688,2151200,66.6995620727539
2011-08-02,112.58999633789062,113.23999786376953,112.3499984741211,113.22000122070312,1427300,67.2580337524414
2011-08-03,113.37000274658203,113.70999908447266,113.1500015258789,113.18000030517578,2093400,67.23421478271484
2011-08-04,113.41000366210938,114.16999816894531,113.29000091552734,114,2160900,67.72136688232422
2011-08-05,113.86000061035156,113.91999816894531,112.37999725341797,112.58999633789062,2470900,66.88372039794922
2011-08-08,112.47000122070312,112.47000122070312,111.51000213623047,111.5199966430664,2548400,66.24818420410156
2011-08-09,111.68000030517578,113.63999938964844,111.55000305175781,112.5199966430664,2109000,66.84217071533203
2011-08-10,113.18000030517578,113.73999786376953,112.79000091552734,113.52999877929688,1264900,67.4421615600586
2011-08-11,112.19999694824219,113.30000305175781,110.80999755859375,111.19999694824219,1858300,66.05802917480469
2011-08-12,111.7699966430664,112.62999725341797,111.5199966430664,112.47000122070312,1962400,66.812469482421875
2011-08-15,112.52999877929688,112.80999755859375,112.30000305175781,112.68000030517578,1884300,66.937225341796875
2011-08-16,112.5199966430664,113.30999755859375,112.41000366210938,113.08999633789062,1692300,67.1807861328125
2011-08-17,113.37999725341797,113.7300033569336,112.9800033569336,113.4000015258789,1050200,67.36491394042969
2011-08-18,113.93000030517578,114,113.20999908447266,113.55000305175781,1358100,67.45406341552734
2011-08-19,113.44999694824219,113.61000061035156,113.18000030517578,113.41000366210938,1749300,67.370880126953125
2011-08-22,113.55000305175781,113.6500015258789,112.91000366210938,112.98999786376953,1464200,67.12137603759766
2011-08-23,112.45999908447266,112.5,111.44999694824219,111.69999694824219,2340100,66.3550796508789
2011-08-24,111.4800033569336,111.62000274658203,110.19999694824219,110.37999725341797,1513600,65.57086181640625
2011-08-25,110.91000366210938,111.18000030517578,110.66999816894531,110.98999786376953,1480200,65.93329620361328
2011-08-26,111.13999938964844,111.62000274658203,110.88999938964844,111.04000091552734,1134400,65.96296691894531
2011-08-29,110.94999694824219,111.47000122070312,110.8499984741211,111.4000015258789,1186200,66.1768569946289
2011-08-30,111.7699966430664,112.16000366210938,111.66000366210938,111.98999786376953,1420000,66.52732849121094
2011-08-31,112.44999694824219,112.73999786376953,112.19999694824219,112.33000183105469,1332700,66.72932434082031
2011-09-01,112.37999725341797,112.55999755859375,111.52999877929688,112,2821200,66.7787857055664
2011-09-02,112.80000305175781,113,112.25,112.69000244140625,1386300,67.190185546875
2011-09-06,112.83999633789062,113.95999908447266,112.51000213623047,113.3499984741211,4665100,67.5837173461914
2011-09-07,113.56999969482422,113.81999969482422,113.26000213623047,113.56999969482422,826700,67.71488189697266
2011-09-08,113.73999786376953,113.73999786376953,113.1500015258789,113.47000122070312,1397100,67.65526580810547
2011-09-09,113.4000015258789,113.9000015258789,113.08000183105469,113.58999633789062,1029500,67.72682189941406
2011-09-12,113.05000305175781,113.5199966430664,112.81999969482422,112.9000015258789,1749500,67.315399169921875
2011-09-13,112.69000244140625,112.9800033569336,112.5,112.87999725341797,1536800,67.303497314453125
2011-09-14,112.68000030517578,113.11000061035156,112.68000030517578,112.83000183105469,954900,67.2736587524414
2011-09-15,112.41999816894531,112.62999725341797,112.25,112.44000244140625,1326900,67.04113006591797
2011-09-16,112.30000305175781,112.81999969482422,112.30000305175781,112.44000244140625,1528700,67.04113006591797
2011-09-19,113,113.19999694824219,112.91999816894531,113.05999755859375,903300,67.410797119140625
2011-09-20,113.0999984741211,113.31999969482422,113,113.11000061035156,889200,67.44062805175781
2011-09-21,113.11000061035156,113.55000305175781,112.75,113.37000274658203,1006500,67.59563446044922
2011-09-22,113.68000030517578,113.80999755859375,112.9000015258789,113.58999633789062,1304000,67.72682189941406
2011-09-23,113.44999694824219,113.5199966430664,112.88999938964844,112.88999938964844,686500,67.3094482421875
2011-09-26,112.69999694824219,113.0199966430664,112.44999694824219,112.68000030517578,811500,67.18421936035156
2011-09-27,112.1500015258789,112.55000305175781,112.04000091552734,112.31999969482422,1298700,66.9695816040039
2011-09-28,112.18000030517578,112.18000030517578,111.66000366210938,111.87000274658203,1238500,66.70130157470703
2011-09-29,112.0999984741211,112.2699966430664,111.75,111.75,864500,66.6297378540039
2011-09-30,112.33000183105469,112.43000030517578,111.9000015258789,112.30999755859375,1483800,66.96363067626953
2011-10-03,112.0199966430664,112.19000244140625,111.69000244140625,112.0999984741211,3575400,67.088134765625
2011-10-04,112.13999938964844,112.1500015258789,110.75,111.12000274658203,1753300,66.50159454345703
2011-10-05,111.26000213623047,111.5999984741211,110.69000244140625,111.58000183105469,4530500,66.7768783569336
2011-10-06,111.63999938964844,111.81999969482422,111.08000183105469,111.12999725341797,1410900,66.5075912475586
2011-10-07,111.1500015258789,111.48999786376953,110.94999694824219,111.02999877929688,2117800,66.44774627685547
2011-10-10,111.02999877929688,111.36000061035156,110.6500015258789,111.23999786376953,953700,66.57340240478516
2011-10-11,111.54000091552734,111.75,111.13999938964844,111.54000091552734,2097300,66.75294494628906
2011-10-12,111.54000091552734,111.87999725341797,111.20999908447266,111.70999908447266,1613100,66.85468292236328
2011-10-13,111.9800033569336,112.01000213623047,111.66000366210938,111.80999755859375,1494400,66.91455078125
2011-10-14,111.13999938964844,111.91999816894531,111.08000183105469,111.73999786376953,1051900,66.87263488769531
2011-10-17,111.94999694824219,111.94999694824219,111.62999725341797,111.66000366210938,979000,66.82478332519531
2011-10-18,111.8499984741211,112.27999877929688,111.80000305175781,112.05000305175781,835100,67.058135986328125
2011-10-19,112.27999877929688,112.5,112,112.33999633789062,1839700,67.23172760009766
2011-10-20,112.30000305175781,112.6500015258789,112.06999969482422,112.58999633789062,937600,67.38133239746094
2011-10-21,112.6500015258789,113.0199966430664,112.63999938964844,112.95999908447266,850600,67.602813720703125
2011-10-24,113.22000122070312,113.54000091552734,113.19999694824219,113.54000091552734,1341200,67.94988250732422
2011-10-25,113.4800033569336,114.19999694824219,113.43000030517578,114.0999984741211,1546300,68.285003662109375
2011-10-26,114.22000122070312,114.30999755859375,113.7699966430664,114.0199966430664,1035800,68.237152099609375
2011-10-27,113.97000122070312,114.63999938964844,113.9000015258789,114,2364200,68.2251968383789
2011-10-28,114.25,114.72000122070312,114.04000091552734,114.44000244140625,2102500,68.488555908203125
2011-10-31,114.63999938964844,114.94999694824219,114.3499984741211,114.69999694824219,1548300,68.64411163330078
2011-11-01,114.69999694824219,114.98999786376953,114.36000061035156,114.87000274658203,1530900,68.98762512207031
2011-11-02,114.73999786376953,115.31999969482422,114.5999984741211,115.29000091552734,1871200,69.2398910522461
2011-11-03,115.16999816894531,115.52999877929688,114.86000061035156,115.3499984741211,1868200,69.275909423828125
2011-11-04,115.30000305175781,115.68000030517578,115.0199966430664,115.58000183105469,1489300,69.41405487060547
2011-11-07,115.4000015258789,115.68000030517578,115.06999969482422,115.12000274658203,757000,69.13776397705078
2011-11-08,115.11000061035156,115.23999786376953,114.37000274658203,114.41000366210938,4358700,68.71138763427734
2011-11-09,114.62000274658203,114.87999725341797,114.05999755859375,114.11000061035156,1252300,68.53121185302734
2011-11-10,113.77999877929688,113.87000274658203,113.05999755859375,113.54000091552734,1487800,68.188873291015625
2011-11-11,113.56999969482422,113.58000183105469,112.9800033569336,113.33999633789062,1114200,68.06878662109375
2011-11-14,113.41000366210938,113.61000061035156,113.19999694824219,113.33000183105469,821400,68.062744140625
2011-11-15,113.26000213623047,113.55000305175781,113.01000213623047,113.22000122070312,1425200,67.99674987792969
2011-11-16,113.37000274658203,113.37000274658203,112.75,112.86000061035156,2641800,67.780517578125
2011-11-17,112.7300033569336,112.93000030517578,111.9000015258789,111.97000122070312,4230700,67.24604034423828
2011-11-18,111.97000122070312,112.19999694824219,111.77999877929688,112.1500015258789,1280400,67.35408782958984
2011-11-21,112.12000274658203,112.12000274658203,111.58000183105469,111.69000244140625,1355300,67.07784271240234
2011-11-22,111.51000213623047,111.72000122070312,111.4000015258789,111.4000015258789,1391700,66.903656005859375
2011-11-23,111.19999694824219,111.19999694824219,110.6500015258789,110.83000183105469,1796600,66.56134796142578
2011-11-25,110.61000061035156,110.83000183105469,110.33000183105469,110.38999938964844,660100,66.2970962524414
2011-11-28,110.12999725341797,110.80999755859375,109.80999755859375,110.44000244140625,2416000,66.32710266113281
2011-11-29,110.38999938964844,110.43000030517578,109.93000030517578,110.19000244140625,1460500,66.1769790649414
2011-11-30,110.80000305175781,110.9000015258789,110.44000244140625,110.69000244140625,1759300,66.47723388671875
2011-12-01,110.30000305175781,110.63999938964844,110.11000061035156,110.55999755859375,1661300,66.63150787353516
2011-12-02,110.8499984741211,111.55000305175781,110.56999969482422,111.5,1882200,67.19805145263672
2011-12-05,111.5,112.33000183105469,111.44999694824219,112.33000183105469,1826300,67.69828796386719
2011-12-06,112.05999755859375,112.37000274658203,111.66999816894531,111.7300033569336,1166900,67.33665466308594
2011-12-07,112.16000366210938,112.47000122070312,111.98999786376953,112.43000030517578,1560000,67.7585220336914
2011-12-08,112.30000305175781,112.33999633789062,111.95999908447266,112.05000305175781,1110300,67.52949523925781
2011-12-09,112.37999725341797,112.44000244140625,111.5,111.62000274658203,1018000,67.2703628540039
2011-12-12,111.91000366210938,111.95999908447266,111.47000122070312,111.62999725341797,574500,67.2763671875
2011-12-13,111.68000030517578,112.29000091552734,111.6500015258789,112.01000213623047,1206100,67.505401611328125
2011-12-14,112.1500015258789,112.29000091552734,111.9000015258789,112.19999694824219,1085400,67.61991119384766
2011-12-15,112.19999694824219,112.5,112.19000244140625,112.37999725341797,912600,67.72838592529297
2011-12-16,112.5,113.05000305175781,112.44999694824219,113.01000213623047,1464900,68.10809326171875
2011-12-19,113.12999725341797,113.48999786376953,112.87000274658203,113.41000366210938,1061800,68.34915924072266
2011-12-20,113.31999969482422,113.58000183105469,113.19999694824219,113.33000183105469,1127900,68.30096435546875
2011-12-21,113.37999725341797,113.44000244140625,112.8499984741211,112.8499984741211,1159500,68.01165771484375
2011-12-22,113.19000244140625,113.5,113.11000061035156,113.44000244140625,1762800,68.36723327636719
2011-12-23,113.3499984741211,113.3499984741211,112.94999694824219,113.08999633789062,830600,68.1562728881836
2011-12-27,112.81999969482422,113.13999938964844,112.43000030517578,113.12999725341797,872900,68.41514587402344
2011-12-28,113.27999877929688,113.5,113.05000305175781,113.33999633789062,501500,68.542144775390625
2011-12-29,113.48999786376953,113.5,113.0199966430664,113.27999877929688,971600,68.50585174560547
2011-12-30,113.44999694824219,113.8499984741211,113.33000183105469,113.76000213623047,807100,68.79609680175781
2012-01-03,113.80000305175781,114,113.5,113.66999816894531,2509400,68.74171447753906
2012-01-04,113.75,113.94999694824219,113.44000244140625,113.76000213623047,1641400,68.79609680175781
2012-01-05,113.69999694824219,113.76000213623047,113.19999694824219,113.2699966430664,1454800,68.49980926513672
2012-01-06,113.48999786376953,113.81999969482422,113.38999938964844,113.70999908447266,781000,68.76590728759766
2012-01-09,113.83000183105469,113.93000030517578,113.54000091552734,113.54000091552734,1184400,68.66304779052734
2012-01-10,113.69999694824219,113.91999816894531,113.61000061035156,113.86000061035156,1946400,68.85662841796875
2012-01-11,113.88999938964844,114.05000305175781,113.80999755859375,113.83999633789062,2382700,68.8444595336914
2012-01-12,114.18000030517578,114.37999725341797,114.01000213623047,114.0999984741211,1820800,69.00174713134766
2012-01-13,114.44000244140625,114.81999969482422,114.3499984741211,114.51000213623047,3220100,69.249664306640625
2012-01-17,114.77999877929688,114.88999938964844,114.61000061035156,114.86000061035156,1689000,69.46137237548828
2012-01-18,115,115.04000091552734,114.58999633789062,114.62999725341797,1643200,69.3222427368164
2012-01-19,114.7699966430664,114.93000030517578,114.41999816894531,114.5999984741211,1268300,69.30408477783203
2012-01-20,114.52999877929688,114.61000061035156,114.20999908447266,114.30999755859375,1140300,69.12873840332031
2012-01-23,114.23999786376953,114.4000015258789,114.13999938964844,114.13999938964844,1129000,69.025909423828125
2012-01-24,114.23999786376953,114.56999969482422,114.16000366210938,114.55000305175781,1321300,69.27387237548828
2012-01-25,114.61000061035156,115.52999877929688,114.38999938964844,114.94000244140625,1697600,69.5097427368164
2012-01-26,115.62999725341797,115.87000274658203,115.51000213623047,115.83999633789062,1342800,70.05400848388672
2012-01-27,115.91000366210938,116.20999908447266,115.75,116.01000213623047,1148400,70.15679931640625
2012-01-30,116.4000015258789,116.41000366210938,115.83999633789062,115.86000061035156,1325500,70.06609344482422
2012-01-31,116.13999938964844,116.37999725341797,115.94999694824219,116.19999694824219,1504000,70.271728515625
2012-02-01,116.08000183105469,116.31999969482422,115.73999786376953,116.2699966430664,3195600,70.55143737792969
2012-02-02,116.27999877929688,116.56999969482422,116.19999694824219,116.51000213623047,2860600,70.69703674316406
2012-02-03,116.0999984741211,116.38999938964844,115.9000015258789,116.33999633789062,2148400,70.59386444091797
2012-02-06,116.23999786376953,116.83999633789062,116.23999786376953,116.63999938964844,1141700,70.7760009765625
2012-02-07,116.44000244140625,116.55999755859375,116.19999694824219,116.41999816894531,1061100,70.6424560546875
2012-02-08,116.47000122070312,116.6500015258789,116.31999969482422,116.54000091552734,1651200,70.71526336669922
2012-02-09,116.5,116.51000213623047,115.9800033569336,116.16999816894531,2439000,70.4907455444336
2012-02-10,116.18000030517578,116.25,115.83000183105469,116.05999755859375,1776500,70.42400360107422
2012-02-13,116.5,116.52999877929688,116.29000091552734,116.45999908447266,1061300,70.66667175292969
2012-02-14,116.5199966430664,116.73999786376953,116.4000015258789,116.55000305175781,1972900,70.72132110595703
2012-02-15,116.6500015258789,116.86000061035156,116.3499984741211,116.38999938964844,1025100,70.624267578125
2012-02-16,116.43000030517578,116.43000030517578,116.0199966430664,116.19000244140625,1821400,70.50286102294922
2012-02-17,115.95999908447266,116.13999938964844,115.83000183105469,116.01000213623047,1858600,70.39369201660156
2012-02-21,116.16999816894531,116.30000305175781,115.81999969482422,115.81999969482422,1887500,70.2783432006836
2012-02-22,116.16999816894531,116.58000183105469,115.94000244140625,116.54000091552734,2834500,70.71526336669922
2012-02-23,116.44999694824219,116.72000122070312,116.22000122070312,116.69999694824219,1590800,70.812347412109375
2012-02-24,116.83000183105469,116.98999786376953,116.52999877929688,116.79000091552734,2175100,70.86695098876953
2012-02-27,117.18000030517578,117.30000305175781,116.97000122070312,117.22000122070312,1160200,71.12788391113281
2012-02-28,117.5,117.80000305175781,117.41000366210938,117.58999633789062,2136700,71.35237121582031
2012-02-29,117.5999984741211,117.87000274658203,117.4000015258789,117.69999694824219,1769800,71.41912078857422
2012-03-01,116.94000244140625,117.19000244140625,116.79000091552734,117.0199966430664,2300600,71.25049591064453
2012-03-02,117.02999877929688,117.37000274658203,117.01000213623047,117.05999755859375,1880600,71.27484893798828
2012-03-05,117.18000030517578,117.30999755859375,116.69000244140625,116.8499984741211,1646400,71.14693450927734
2012-03-06,116.81999969482422,116.91000366210938,116.5,116.66999816894531,1682900,71.0373764038086
2012-03-07,116.68000030517578,116.8499984741211,116.5199966430664,116.62000274658203,1410400,71.00695037841797
2012-03-08,116.72000122070312,116.83000183105469,116.52999877929688,116.63999938964844,1202400,71.01910400390625
2012-03-09,116.52999877929688,116.5999984741211,116.2699966430664,116.58000183105469,1659400,70.9825668334961
2012-03-12,116.75,116.77999877929688,116.33999633789062,116.3499984741211,2027900,70.842559814453125
2012-03-13,116.2699966430664,116.4000015258789,115.91999816894531,116.02999877929688,2230100,70.64774322509766
2012-03-14,115.73999786376953,115.73999786376953,114.5999984741211,114.6500015258789,3067800,69.8074722290039
2012-03-15,114.72000122070312,115.12000274658203,114.29000091552734,114.4000015258789,2035800,69.655242919921875
2012-03-16,114.19999694824219,114.58999633789062,114,114.56999969482422,3390500,69.75875091552734
2012-03-19,114.54000091552734,114.62999725341797,114.16000366210938,114.41000366210938,1961200,69.66133117675781
2012-03-20,114.18000030517578,114.5,114.05000305175781,114.33999633789062,1825900,69.618682861328125
2012-03-21,114.58000183105469,114.9000015258789,114.45999908447266,114.86000061035156,2112500,69.935333251953125
2012-03-22,114.81999969482422,114.83999633789062,114.5999984741211,114.66999816894531,3073000,69.81968688964844
2012-03-23,114.91999816894531,115.0999984741211,114.76000213623047,114.76000213623047,2235200,69.87444305419922
2012-03-26,115.0199966430664,115.27999877929688,114.81999969482422,115.01000213623047,1600200,70.02666473388672
2012-03-27,115.0199966430664,115.94999694824219,115.0199966430664,115.9000015258789,2904800,70.568572998046875
2012-03-28,115.7300033569336,116,115.5199966430664,115.68000030517578,1666400,70.43457794189453
2012-03-29,115.87000274658203,116.04000091552734,115.62000274658203,115.91000366210938,1632100,70.57466125488281
2012-03-30,116.0999984741211,116.18000030517578,115.4800033569336,115.62999725341797,4285000,70.40412902832031
2012-04-02,115.43000030517578,115.5999984741211,115.16000366210938,115.52999877929688,6107600,70.5856704711914
2012-04-03,115.5,115.80000305175781,114.38999938964844,114.43000030517578,2724100,69.91351318359375
2012-04-04,114.80999755859375,114.98999786376953,114.63999938964844,114.6500015258789,1620100,70.0479507446289
2012-04-05,114.87999725341797,115.12999725341797,114.5999984741211,114.83999633789062,1646300,70.16407012939453
2012-04-09,115.6500015258789,115.73999786376953,115.38999938964844,115.58999633789062,1026600,70.62226104736328
2012-04-10,115.80999755859375,115.80999755859375,115.47000122070312,115.5199966430664,2263600,70.57948303222656
2012-04-11,115.5199966430664,115.58000183105469,114.98999786376953,115.4000015258789,1311400,70.5062026977539
2012-04-12,115.5999984741211,115.69999694824219,115.38999938964844,115.44999694824219,1400700,70.53672790527344
2012-04-13,115.69999694824219,116.04000091552734,115.69999694824219,116,1012800,70.872772216796875
2012-04-16,115.97000122070312,116.29000091552734,115.9000015258789,116,2396800,70.872772216796875
2012-04-17,115.97000122070312,116.16999816894531,115.80999755859375,116.1500015258789,2229300,70.96441650390625
2012-04-18,116.2300033569336,116.27999877929688,116.05000305175781,116.12999725341797,2663500,70.95218658447266
2012-04-19,116.38999938964844,116.4000015258789,116.12999725341797,116.20999908447266,1141800,71.00110626220703
2012-04-20,116.08000183105469,116.2699966430664,115.93000030517578,116.18000030517578,663400,70.98274230957031
2012-04-23,116.4000015258789,116.41000366210938,116.1500015258789,116.19999694824219,976400,70.99494171142578
2012-04-24,116.16000366210938,116.20999908447266,115.94000244140625,115.98999786376953,1988800,70.86662292480469
2012-04-25,115.8499984741211,116.2300033569336,115.75,116.19000244140625,1709800,70.98883819580078
2012-04-26,116.25,116.54000091552734,116.23999786376953,116.37999725341797,1116300,71.10498809814453
2012-04-27,116.47000122070312,116.5999984741211,116.2699966430664,116.55000305175781,1601000,71.20880889892578
2012-04-30,116.68000030517578,116.76000213623047,116.41999816894531,116.4800033569336,1733000,71.166046142578125
2012-05-01,116.38999938964844,116.51000213623047,115.83000183105469,115.87000274658203,2430700,71.030548095703125
2012-05-02,116.12999725341797,116.29000091552734,116.05999755859375,116.25,2046500,71.26350402832031
2012-05-03,116.25,116.44999694824219,116.11000061035156,116.31999969482422,1356300,71.30638122558594
2012-05-04,116.4800033569336,116.58000183105469,116.44000244140625,116.44999694824219,686400,71.38609313964844
2012-05-07,116.5,116.69999694824219,116.4000015258789,116.6500015258789,787200,71.50872802734375
2012-05-08,116.75,117,116.62000274658203,116.94000244140625,1570700,71.68645477294922
2012-05-09,116.6500015258789,116.98999786376953,116.56999969482422,116.73999786376953,2175700,71.56385803222656
2012-05-10,116.62000274658203,116.68000030517578,116.30000305175781,116.5,1600000,71.41673278808594
2012-05-11,116.77999877929688,117,116.75,116.8499984741211,2977200,71.63130187988281
2012-05-14,117.05999755859375,117.18000030517578,116.76000213623047,116.87999725341797,1925800,71.64973449707031
2012-05-15,117.05999755859375,117.05999755859375,116.62000274658203,116.7300033569336,2455300,71.55775451660156
2012-05-16,116.30999755859375,116.91000366210938,116.22000122070312,116.79000091552734,2700500,71.59455871582031
2012-05-17,116.38999938964844,116.44999694824219,115.9000015258789,115.91999816894531,2367900,71.06119537353516
2012-05-18,115.75,115.7699966430664,115.38999938964844,115.47000122070312,1969000,70.78532409667969
2012-05-21,115.47000122070312,115.66000366210938,115.25,115.5999984741211,1387000,70.8650131225586
2012-05-22,115.37999725341797,115.5999984741211,115.22000122070312,115.29000091552734,1728300,70.67499542236328
2012-05-23,115.38999938964844,115.80000305175781,115.37000274658203,115.56999969482422,1870700,70.8466796875
2012-05-24,115.58999633789062,115.63999938964844,115.43000030517578,115.58999633789062,1212900,70.858917236328125
2012-05-25,115.68000030517578,115.91000366210938,115.5999984741211,115.87999725341797,594000,71.03668975830078
2012-05-29,115.9800033569336,116.29000091552734,115.94999694824219,116.05000305175781,2514200,71.14088439941406
2012-05-30,116.4800033569336,116.56999969482422,116.12999725341797,116.1500015258789,1919500,71.20220947265625
2012-05-31,116.48999786376953,117,116.25,116.97000122070312,4629800,71.70491790771484
2012-06-01,116.58999633789062,117.30000305175781,116.33000183105469,117.29000091552734,3800200,72.14527130126953
2012-06-04,116.75,116.91000366210938,116.36000061035156,116.4000015258789,2643900,71.59783172607422
2012-06-05,116.2699966430664,116.48999786376953,116.06999969482422,116.1500015258789,2430900,71.44410705566406
2012-06-06,116.2699966430664,116.2699966430664,115.56999969482422,115.80999755859375,2499400,71.23492431640625
2012-06-07,115.88999938964844,116.0999984741211,115.7300033569336,116.05000305175781,2929700,71.38257598876953
2012-06-08,116.55999755859375,116.66999816894531,116.19999694824219,116.4800033569336,1713000,71.6470718383789
2012-06-11,116.45999908447266,116.7300033569336,116.27999877929688,116.45999908447266,1354200,71.634735107421875
2012-06-12,116.3499984741211,116.43000030517578,115.93000030517578,116.12000274658203,926300,71.42561340332031
2012-06-13,116.19000244140625,116.55000305175781,116.04000091552734,116.54000091552734,1333000,71.683929443359375
2012-06-14,116.4800033569336,116.55999755859375,116.16999816894531,116.4000015258789,1574900,71.59783172607422
2012-06-15,116.75,116.95999908447266,116.62000274658203,116.87999725341797,1347100,71.89311218261719
2012-06-18,116.95999908447266,117,116.69999694824219,116.83000183105469,996800,71.862335205078125
2012-06-19,116.97000122070312,117.30999755859375,116.66999816894531,116.72000122070312,2159200,71.79471588134766
2012-06-20,116.66000366210938,116.9800033569336,116.4800033569336,116.7699966430664,2579000,71.82543182373047
2012-06-21,116.9800033569336,117.2699966430664,116.91999816894531,116.94999694824219,2229400,71.93617248535156
2012-06-22,116.94000244140625,117.12000274658203,116.80000305175781,116.86000061035156,1245600,71.880767822265625
2012-06-25,117.12000274658203,117.33999633789062,116.95999908447266,117.16000366210938,1702300,72.0653076171875
2012-06-26,117.08999633789062,117.41999816894531,117.0199966430664,117.27999877929688,1642300,72.1391372680664
2012-06-27,117.48999786376953,117.61000061035156,117.31999969482422,117.44000244140625,2352100,72.23758697509766
2012-06-28,117.68000030517578,117.86000061035156,117.61000061035156,117.62000274658203,2286500,72.3482894897461
2012-06-29,117.5,117.80999755859375,117.4000015258789,117.58999633789062,2348600,72.32981872558594
2012-07-02,117.58000183105469,118,117.44999694824219,117.81999969482422,2310500,72.71367645263672
2012-07-03,117.86000061035156,117.98999786376953,117.73999786376953,117.91999816894531,808800,72.77538299560547
2012-07-05,117.9800033569336,118.33999633789062,117.93000030517578,118.22000122070312,1982300,72.96058654785156
2012-07-06,118.38999938964844,118.56999969482422,118.0199966430664,118.5199966430664,1533100,73.14570617675781
2012-07-09,118.41000366210938,118.76000213623047,118.37999725341797,118.5999984741211,1119500,73.19503021240234
2012-07-10,118.7699966430664,118.86000061035156,118.56999969482422,118.56999969482422,1385600,73.17656707763672
2012-07-11,118.80000305175781,119.11000061035156,118.75,118.7699966430664,1210000,73.29997253417969
2012-07-12,118.94999694824219,119.41000366210938,118.81999969482422,119.37000274658203,1716700,73.6702880859375
2012-07-13,119.31999969482422,119.5199966430664,119.05000305175781,119.41000366210938,1634700,73.69499969482422
2012-07-16,119.83000183105469,119.86000061035156,119.58999633789062,119.73999786376953,750100,73.89861297607422
2012-07-17,119.7699966430664,119.9000015258789,119.52999877929688,119.73999786376953,2479000,73.89861297607422
2012-07-18,120.12000274658203,120.48999786376953,120.06999969482422,120.4000015258789,2351900,74.305999755859375
2012-07-19,120.41000366210938,120.87000274658203,120.41000366210938,120.61000061035156,3499900,74.4355697631836
2012-07-20,120.80000305175781,120.91999816894531,120.66000366210938,120.69999694824219,1144600,74.49109649658203
2012-07-23,120.72000122070312,120.80000305175781,120.25,120.30999755859375,1328000,74.25038146972656
2012-07-24,120.22000122070312,120.62999725341797,120.16999816894531,120.5,1333100,74.36768341064453
2012-07-25,120.69000244140625,120.86000061035156,120.54000091552734,120.7300033569336,2551400,74.50963592529297
2012-07-26,120.7300033569336,120.97000122070312,120.7300033569336,120.91999816894531,1094600,74.6269302368164
2012-07-27,120.55999755859375,120.6500015258789,119.73999786376953,120.3499984741211,2952200,74.27508544921875
2012-07-30,120.22000122070312,120.77999877929688,120.22000122070312,120.66000366210938,2581500,74.466400146484375
2012-07-31,121.05000305175781,121.29000091552734,120.83999633789062,121.27999877929688,1563500,74.84906005859375
2012-08-01,120.66000366210938,120.97000122070312,120.4000015258789,120.76000213623047,2583100,74.76549530029297
2012-08-02,121,121.05999755859375,120.19999694824219,120.83999633789062,1500000,74.81497955322266
2012-08-03,120.54000091552734,120.68000030517578,120.19000244140625,120.55000305175781,2259800,74.63545989990234
2012-08-06,120.72000122070312,120.79000091552734,120.5999984741211,120.70999908447266,1596300,74.73454284667969
2012-08-07,120.2300033569336,120.33999633789062,120,120.08000183105469,4136600,74.34452056884766
2012-08-08,120.2300033569336,120.2699966430664,119.69999694824219,119.73999786376953,2310300,74.13396453857422
2012-08-09,119.58000183105469,119.7699966430664,119.30000305175781,119.66000366210938,2496100,74.08448028564453
2012-08-10,120.08999633789062,120.0999984741211,119.79000091552734,120,1482700,74.29496765136719
2012-08-13,119.95999908447266,120.06999969482422,119.7300033569336,119.75,1127000,74.14020538330078
2012-08-14,119.47000122070312,119.47000122070312,119.18000030517578,119.20999908447266,1593600,73.80583190917969
2012-08-15,119.02999877929688,119.06999969482422,118.6500015258789,118.6500015258789,3995300,73.45912170410156
2012-08-16,118.75,118.9000015258789,118.12999725341797,118.30000305175781,1895700,73.24242401123047
2012-08-17,118.41000366210938,118.79000091552734,118.4000015258789,118.45999908447266,1734500,73.34149169921875
2012-08-20,118.2699966430664,118.81999969482422,118.26000213623047,118.79000091552734,1813900,73.54578399658203
2012-08-21,118.76000213623047,118.98999786376953,118.4800033569336,118.98999786376953,2010000,73.669647216796875
2012-08-22,119.44999694824219,119.69999694824219,119.19000244140625,119.66999816894531,2281400,74.09061431884766
2012-08-23,119.83999633789062,119.91000366210938,119.72000122070312,119.76000213623047,883300,74.14635467529297
2012-08-24,119.94999694824219,119.94999694824219,119.7300033569336,119.88999938964844,1335300,74.22687530517578
2012-08-27,120.1500015258789,120.26000213623047,120,120.04000091552734,1879300,74.31975555419922
2012-08-28,120.19000244140625,120.27999877929688,120.05999755859375,120.20999908447266,908300,74.4249496459961
2012-08-29,120.19000244140625,120.19000244140625,119.87999725341797,119.95999908447266,1777000,74.27019500732422
2012-08-30,120.05999755859375,120.12999725341797,119.94999694824219,120,1888000,74.29496765136719
2012-08-31,120.04000091552734,120.83000183105469,120.04000091552734,120.83000183105469,1766500,74.80879974365234
2012-09-04,120.55999755859375,120.56999969482422,120.05000305175781,120.16000366210938,3788800,74.631866455078125
2012-09-05,120.1500015258789,120.80000305175781,120.05999755859375,120.20999908447266,817600,74.662841796875
2012-09-06,119.8499984741211,119.91999816894531,119.61000061035156,119.68000030517578,2078500,74.33370208740234
2012-09-07,120.5999984741211,120.62000274658203,119.9000015258789,119.93000030517578,2192700,74.48894500732422
2012-09-10,119.93000030517578,120.01000213623047,119.72000122070312,119.91999816894531,1075900,74.48274230957031
2012-09-11,120,120.12000274658203,119.80000305175781,120.0199966430664,2641500,74.5447998046875
2012-09-12,119.77999877929688,119.83000183105469,119.56999969482422,119.77999877929688,1334800,74.39580535888672
2012-09-13,120.0199966430664,120.58999633789062,119.6500015258789,120.41999816894531,3618500,74.793243408203125
2012-09-14,120.0999984741211,120.0999984741211,119.36000061035156,119.69999694824219,3164800,74.3460922241211
2012-09-17,120.02999877929688,120.33999633789062,119.91999816894531,120.11000061035156,898100,74.60077667236328
2012-09-18,120.48999786376953,120.6500015258789,120.31999969482422,120.4800033569336,1563000,74.83058166503906
2012-09-19,120.83000183105469,120.94000244140625,120.6500015258789,120.68000030517578,1237400,74.954833984375
2012-09-20,120.9800033569336,121.05999755859375,120.55000305175781,120.58000183105469,1165200,74.89264678955078
2012-09-21,120.52999877929688,120.86000061035156,120.44999694824219,120.80000305175781,1305900,75.02934265136719
2012-09-24,120.97000122070312,121.02999877929688,120.83999633789062,120.9800033569336,1191700,75.14112091064453
2012-09-25,121.01000213623047,121.22000122070312,120.83000183105469,121.22000122070312,3287800,75.29019927978516
2012-09-26,121.26000213623047,121.56999969482422,121.19999694824219,121.55999755859375,1162900,75.50140380859375
2012-09-27,121.5199966430664,121.73999786376953,121.43000030517578,121.5,1720200,75.46406555175781
2012-09-28,121.75,121.91000366210938,121.55999755859375,121.7699966430664,2519100,75.63179779052734
2012-10-01,121.66999816894531,121.76000213623047,121.4000015258789,121.70999908447266,3318000,75.83366394042969
2012-10-02,121.58999633789062,121.79000091552734,121.55999755859375,121.75,2188900,75.85859680175781
2012-10-03,121.6500015258789,121.83000183105469,121.52999877929688,121.83000183105469,6193600,75.90843200683594
2012-10-04,121.7300033569336,121.91999816894531,121.66999816894531,121.7300033569336,1710500,75.84613037109375
2012-10-05,121.56999969482422,121.69000244140625,121.5,121.54000091552734,1711500,75.72772979736328
2012-10-08,121.86000061035156,121.94999694824219,121.7300033569336,121.86000061035156,715300,75.92713165283203
2012-10-09,121.6500015258789,122.22000122070312,121.6500015258789,121.98999786376953,3132200,76.00810241699219
2012-10-10,121.88999938964844,122.36000061035156,121.76000213623047,122.20999908447266,2418400,76.14521026611328
2012-10-11,122.05999755859375,122.69000244140625,122.02999877929688,122.61000061035156,2165200,76.39441680908203
2012-10-12,122.76000213623047,122.95999908447266,122.66000366210938,122.75,1712000,76.48165130615234
2012-10-15,122.79000091552734,123.1500015258789,122.7300033569336,123.12999725341797,2144800,76.71842956542969
2012-10-16,123.05999755859375,123.19999694824219,122.93000030517578,123.05000305175781,2177900,76.6686019897461
2012-10-17,123.0199966430664,123.1500015258789,122.76000213623047,122.80999755859375,6454900,76.51908874511719
2012-10-18,122.95999908447266,123,122.5,122.58000183105469,1541400,76.37574768066406
2012-10-19,122.69999694824219,123.01000213623047,122.5999984741211,122.80000305175781,1716000,76.512786865234375
2012-10-22,122.54000091552734,122.70999908447266,122.45999908447266,122.51000213623047,2030300,76.33208465576172
2012-10-23,122.4000015258789,122.75,122.37000274658203,122.72000122070312,1188600,76.46293640136719
2012-10-24,122.61000061035156,122.76000213623047,122.37000274658203,122.38999938964844,2842400,76.25736999511719
2012-10-25,122.23999786376953,122.43000030517578,122,122.04000091552734,1511200,76.0392837524414
2012-10-26,122.37000274658203,122.66000366210938,122.22000122070312,122.63999938964844,1206500,76.4131088256836
2012-10-31,122.94000244140625,123.18000030517578,122.69000244140625,123.0199966430664,1286500,76.6498031616211
2012-11-01,122.58999633789062,122.7699966430664,122.38999938964844,122.4800033569336,1953700,76.3133773803711
2012-11-02,122.38999938964844,122.48999786376953,122.02999877929688,122.23999786376953,1940300,76.16387939453125
2012-11-05,122.26000213623047,122.51000213623047,122.26000213623047,122.30000305175781,2073200,76.2012710571289
2012-11-06,122.11000061035156,122.2300033569336,121.6500015258789,121.70999908447266,1459400,75.83366394042969
2012-11-07,122.41000366210938,122.44999694824219,121.95999908447266,121.95999908447266,1585400,75.98945617675781
2012-11-08,121.9000015258789,122,121.5999984741211,121.83999633789062,3176500,75.9146728515625
2012-11-09,121.69000244140625,121.83000183105469,121.37999725341797,121.54000091552734,2850300,75.72772979736328
2012-11-12,121.54000091552734,121.77999877929688,121.5,121.55999755859375,991500,75.74019622802734
2012-11-13,121.8499984741211,121.9800033569336,121.55000305175781,121.61000061035156,1849500,75.7713623046875
2012-11-14,121.37999725341797,121.93000030517578,121.37999725341797,121.86000061035156,2445600,75.92713165283203
2012-11-15,121.52999877929688,121.70999908447266,121.5199966430664,121.62000274658203,2218400,75.77758026123047
2012-11-16,121.62999725341797,121.8499984741211,121.5999984741211,121.66000366210938,2181100,75.80248260498047
2012-11-19,121.56999969482422,122.06999969482422,121.55000305175781,122.04000091552734,2385000,76.0392837524414
2012-11-20,121.9800033569336,122.04000091552734,121.62999725341797,121.66000366210938,3229500,75.80248260498047
2012-11-21,121.63999938964844,121.80000305175781,121.55000305175781,121.75,2263700,75.85859680175781
2012-11-23,121.80000305175781,121.94000244140625,121.75,121.80000305175781,929000,75.88969421386719
2012-11-26,122,122.18000030517578,121.91000366210938,122,2412300,76.01433563232422
2012-11-27,121.97000122070312,122.1500015258789,121.97000122070312,122.06999969482422,2243300,76.05796813964844
2012-11-28,122.16000366210938,122.30000305175781,122.0199966430664,122.05000305175781,1479700,76.04551696777344
2012-11-29,122.13999938964844,122.20999908447266,122.05000305175781,122.13999938964844,1052700,76.10157775878906
2012-11-30,122.27999877929688,122.37000274658203,122.0999984741211,122.12999725341797,2129200,76.09535217285156
2012-12-03,121.7300033569336,121.98999786376953,121.52999877929688,121.88999938964844,3859100,76.1797103881836
2012-12-04,122.04000091552734,122.0999984741211,121.88999938964844,122,2387600,76.24846649169922
2012-12-05,122.11000061035156,122.30999755859375,122.0199966430664,122.25,1943900,76.40473175048828
2012-12-06,122.33000183105469,122.4800033569336,122.19999694824219,122.2300033569336,2737400,76.3922348022461
2012-12-07,122.05000305175781,122.08999633789062,121.93000030517578,121.94000244140625,1947300,76.21097564697266
2012-12-10,122.0999984741211,122.1500015258789,121.97000122070312,122.05000305175781,2290200,76.27973175048828
2012-12-11,122,122.0199966430664,121.55999755859375,121.5999984741211,2365400,75.99852752685547
2012-12-12,121.58999633789062,121.80000305175781,121.1500015258789,121.2300033569336,2390900,75.76721954345703
2012-12-13,121.02999877929688,121.22000122070312,120.87000274658203,121.04000091552734,3635100,75.64849090576172
2012-12-14,121.16000366210938,121.29000091552734,121.0999984741211,121.12999725341797,2844200,75.7047119140625
2012-12-17,121.13999938964844,121.19999694824219,120.73999786376953,120.73999786376953,1983300,75.4610366821289
2012-12-18,120.87000274658203,120.88999938964844,120.30000305175781,120.44000244140625,2278500,75.27345275878906
2012-12-19,120.6500015258789,120.94999694824219,120.6500015258789,120.91000366210938,3112200,75.5672378540039
2012-12-20,121.12000274658203,121.25,120.94000244140625,121.02999877929688,2545200,75.64222717285156
2012-12-21,121.19000244140625,121.33000183105469,121.08999633789062,121.23999786376953,2649700,75.77348327636719
2012-12-24,121.08000183105469,121.27999877929688,121.05999755859375,121.16000366210938,1902500,75.72350311279297
2012-12-26,121.12000274658203,121.13999938964844,120.94999694824219,120.97000122070312,1642000,75.831268310546875
2012-12-27,121,121.41999816894531,120.97000122070312,121.36000061035156,1556900,76.07575988769531
2012-12-28,121.5,121.62999725341797,121.41000366210938,121.62999725341797,1894500,76.245025634765625
2012-12-31,121.41000366210938,121.5,120.9000015258789,120.98999786376953,1867700,75.843841552734375
2013-01-02,120.95999908447266,121.30999755859375,120.80999755859375,121.2699966430664,4058400,76.01934814453125
2013-01-03,121.13999938964844,121.18000030517578,120.55999755859375,120.61000061035156,3207900,75.60564422607422
2013-01-04,120.56999969482422,120.6500015258789,120.26000213623047,120.55000305175781,4663300,75.56803894042969
2013-01-07,120.69000244140625,120.80000305175781,120.51000213623047,120.75,3832600,75.6933822631836
2013-01-08,120.80000305175781,120.94000244140625,120.76000213623047,120.86000061035156,2534900,75.7623062133789
2013-01-09,120.9800033569336,121,120.79000091552734,120.81999969482422,1867600,75.737274169921875
2013-01-10,120.63999938964844,120.97000122070312,120.62999725341797,120.87999725341797,1439900,75.77488708496094
2013-01-11,120.75,121.11000061035156,120.66000366210938,121.0999984741211,758200,75.91277313232422
2013-01-14,121.19000244140625,121.19000244140625,120.83000183105469,120.86000061035156,1569400,75.7623062133789
2013-01-15,120.98999786376953,121.13999938964844,120.66999816894531,120.76000213623047,3042900,75.69964599609375
2013-01-16,120.83999633789062,120.94000244140625,120.70999908447266,120.76000213623047,4199900,75.69964599609375
2013-01-17,120.56999969482422,120.61000061035156,120.30000305175781,120.55000305175781,2225700,75.56803894042969
2013-01-18,120.55999755859375,120.79000091552734,120.4800033569336,120.66999816894531,2704400,75.64327239990234
2013-01-22,120.5199966430664,120.77999877929688,120.37999725341797,120.66999816894531,1730300,75.64327239990234
2013-01-23,120.8499984741211,120.94000244140625,120.76000213623047,120.81999969482422,2446600,75.737274169921875
2013-01-24,120.76000213623047,120.80000305175781,120.58000183105469,120.6500015258789,1873600,75.63069152832031
2013-01-25,120.44000244140625,120.44000244140625,120.02999877929688,120.0999984741211,2434600,75.28594207763672
2013-01-28,119.69999694824219,120.02999877929688,119,120,2434200,75.223236083984375
2013-01-29,119.7699966430664,120.05000305175781,119.62000274658203,119.7300033569336,1424100,75.05400085449219
2013-01-30,119.38999938964844,119.5999984741211,119.22000122070312,119.33000183105469,3009300,74.80320739746094
2013-01-31,119.43000030517578,119.4800033569336,119.23999786376953,119.41999816894531,2804100,74.85966491699219
2013-02-01,119.44000244140625,119.6500015258789,118.7300033569336,118.73999786376953,4589000,74.6653823852539
2013-02-04,118.9800033569336,119.30000305175781,118.97000122070312,119.13999938964844,2581400,74.91692352294922
2013-02-05,118.91999816894531,119.08000183105469,118.87000274658203,118.9000015258789,2814700,74.76599884033203
2013-02-06,119.08000183105469,119.27999877929688,118.95999908447266,119.20999908447266,1970200,74.96092224121094
2013-02-07,119.12000274658203,119.5,119.11000061035156,119.25,1680000,74.986053466796875
2013-02-08,119.4000015258789,119.51000213623047,119.16999816894531,119.51000213623047,1496700,75.14952850341797
2013-02-11,119.4800033569336,119.5199966430664,119.41000366210938,119.44999694824219,749100,75.11182403564453
2013-02-12,119.16999816894531,119.44999694824219,119.16000366210938,119.33000183105469,1520200,75.03632354736328
2013-02-13,118.93000030517578,119.16999816894531,118.93000030517578,119.05000305175781,2317800,74.860321044921875
2013-02-14,119.08000183105469,119.45999908447266,119.06999969482422,119.37999725341797,3180500,75.06780242919922
2013-02-15,119.37999725341797,119.41999816894531,119.19999694824219,119.33000183105469,1363600,75.03632354736328
2013-02-19,119.37000274658203,119.5999984741211,119.20999908447266,119.30000305175781,1842300,75.017486572265625
2013-02-20,119.16000366210938,119.5199966430664,119.16000366210938,119.5,1369800,75.143310546875
2013-02-21,119.68000030517578,119.81999969482422,119.61000061035156,119.69000244140625,3578100,75.26274871826172
2013-02-22,119.76000213623047,119.8499984741211,119.66999816894531,119.7699966430664,1914300,75.313018798828125
2013-02-25,119.41999816894531,120.52999877929688,119.41000366210938,120.4800033569336,2643500,75.75950622558594
2013-02-26,120.31999969482422,120.58999633789062,120.26000213623047,120.33000183105469,1574100,75.6651611328125
2013-02-27,120.5199966430664,120.58000183105469,120.16999816894531,120.29000091552734,941400,75.64000701904297
2013-02-28,120.38999938964844,120.38999938964844,120.11000061035156,120.33000183105469,2231100,75.6651611328125
2013-03-01,120.12000274658203,120.29000091552734,119.98999786376953,120.2300033569336,1363700,75.83802032470703
2013-03-04,120.19000244140625,120.2300033569336,120.04000091552734,120.13999938964844,1733400,75.78123474121094
2013-03-05,120.13999938964844,120.1500015258789,119.8499984741211,119.94000244140625,1395400,75.655059814453125
2013-03-06,119.63999938964844,119.80999755859375,119.54000091552734,119.58999633789062,1014700,75.434295654296875
2013-03-07,119.29000091552734,119.4000015258789,119.19999694824219,119.19999694824219,1964000,75.1883316040039
2013-03-08,118.87000274658203,119.02999877929688,118.6500015258789,118.77999877929688,2526900,74.92339324951172
2013-03-11,118.77999877929688,118.95999908447266,118.77999877929688,118.86000061035156,2632500,74.97379302978516
2013-03-12,118.98999786376953,119.16999816894531,118.94999694824219,119.0999984741211,3172900,75.12522888183594
2013-03-13,118.88999938964844,119.11000061035156,118.88999938964844,118.98999786376953,1958600,75.055877685546875
2013-03-14,118.83000183105469,119.12999725341797,118.81999969482422,119.04000091552734,1669600,75.08738708496094
2013-03-15,118.9800033569336,119.29000091552734,118.9800033569336,119.19999694824219,1188500,75.1883316040039
2013-03-18,119.41000366210938,119.5199966430664,119.33000183105469,119.48999786376953,1665700,75.37122344970703
2013-03-19,119.58999633789062,119.81999969482422,119.56999969482422,119.69000244140625,1354600,75.49739837646484
2013-03-20,119.43000030517578,119.58000183105469,119.33000183105469,119.33999633789062,1905100,75.276611328125
2013-03-21,119.58000183105469,119.5999984741211,119.31999969482422,119.45999908447266,1854000,75.35231018066406
2013-03-22,119.4000015258789,119.62000274658203,119.33999633789062,119.47000122070312,997900,75.35859680175781
2013-03-25,119.37000274658203,119.58000183105469,119.25,119.47000122070312,1089700,75.35859680175781
2013-03-26,119.27999877929688,119.56999969482422,119.26000213623047,119.55000305175781,918000,75.4090805053711
2013-03-27,119.6500015258789,120.05000305175781,119.6500015258789,119.97000122070312,1847200,75.674041748046875
2013-03-28,119.73999786376953,119.94000244140625,119.7300033569336,119.9000015258789,1874300,75.62986755371094
2013-04-01,119.41999816894531,119.7699966430664,119.29000091552734,119.36000061035156,5877400,75.52107238769531
2013-04-02,119.43000030517578,119.47000122070312,119.27999877929688,119.3499984741211,1319200,75.51470947265625
2013-04-03,119.5199966430664,119.83000183105469,119.48999786376953,119.83000183105469,1421000,75.81844329833984
2013-04-04,119.95999908447266,120.48999786376953,119.95999908447266,120.47000122070312,2660900,76.223358154296875
2013-04-05,120.83999633789062,121.05000305175781,120.73999786376953,120.83999633789062,3268500,76.45743560791016
2013-04-08,121,121.04000091552734,120.88999938964844,120.94999694824219,2276800,76.527008056640625
2013-04-09,121.0199966430664,121.18000030517578,120.9800033569336,121.06999969482422,3157000,76.60297393798828
2013-04-10,120.80000305175781,120.94999694824219,120.66000366210938,120.75,2181600,76.4005126953125
2013-04-11,120.87999725341797,120.9800033569336,120.76000213623047,120.83000183105469,1496900,76.451141357421875
2013-04-12,121.19999694824219,121.5,121.05000305175781,121.43000030517578,1358900,76.830780029296875
2013-04-15,121.4000015258789,121.52999877929688,121.31999969482422,121.47000122070312,1024800,76.8560562133789
2013-04-16,121.25,121.37000274658203,121.2300033569336,121.25,1629800,76.71688079833984
2013-04-17,121.31999969482422,121.62999725341797,121.31999969482422,121.41999816894531,1373200,76.824432373046875
2013-04-18,121.44999694824219,121.66000366210938,121.44999694824219,121.52999877929688,1656700,76.89403533935547
2013-04-19,121.62000274658203,121.7699966430664,121.47000122070312,121.70999908447266,877900,77.007904052734375
2013-04-22,121.75,121.80999755859375,121.66999816894531,121.75,1271500,77.03324890136719
2013-04-23,121.91000366210938,122.08999633789062,121.80999755859375,121.91000366210938,1659700,77.13446044921875
2013-04-24,121.86000061035156,122.04000091552734,121.80999755859375,121.95999908447266,1366900,77.1661148071289
2013-04-25,121.91000366210938,122.0199966430664,121.83000183105469,121.88999938964844,1067100,77.12181091308594
2013-04-26,122.1500015258789,122.3499984741211,122.1500015258789,122.33000183105469,1294500,77.40020751953125
2013-04-29,122.54000091552734,122.55000305175781,122.30000305175781,122.33999633789062,875700,77.40653991699219
2013-04-30,122.31999969482422,122.56999969482422,122.0999984741211,122.12999725341797,2347500,77.27367401123047
2013-05-01,121.94999694824219,122.38999938964844,121.94999694824219,122.30999755859375,4063500,77.61763000488281
2013-05-02,122.08999633789062,122.4000015258789,122.08999633789062,122.30999755859375,1799000,77.61763000488281
2013-05-03,121.88999938964844,121.88999938964844,121.1500015258789,121.16000366210938,2882200,76.8878402709961
2013-05-06,121.30000305175781,121.4000015258789,121.08000183105469,121.13999938964844,1839300,76.8750991821289
2013-05-07,121.05000305175781,121.26000213623047,120.98999786376953,121.05000305175781,3886100,76.81800842285156
2013-05-08,121.0199966430664,121.2699966430664,120.95999908447266,121.16000366210938,2379000,76.8878402709961
2013-05-09,121.1500015258789,121.41000366210938,120.9000015258789,120.9000015258789,825800,76.72278594970703
2013-05-10,120.86000061035156,120.86000061035156,120.05000305175781,120.2699966430664,2808200,76.3230209350586
2013-05-13,120.02999877929688,120.16000366210938,119.9000015258789,119.95999908447266,2498400,76.12629699707031
2013-05-14,120.2300033569336,120.30999755859375,119.61000061035156,119.63999938964844,2325000,75.9232406616211
2013-05-15,120.12999725341797,120.1500015258789,119.66999816894531,120.05999755859375,2081600,76.18974304199219
2013-05-16,120.27999877929688,120.75,120.27999877929688,120.61000061035156,2916500,76.53877258300781
2013-05-17,120.5,120.55000305175781,120.04000091552734,120.08999633789062,909500,76.20882415771484
2013-05-20,120.2300033569336,120.30999755859375,119.87000274658203,119.94999694824219,2097100,76.1199951171875
2013-05-21,119.91000366210938,120.41000366210938,119.7300033569336,120.4000015258789,2007700,76.40552520751953
2013-05-22,120.41999816894531,120.5999984741211,119.44000244140625,119.44999694824219,2886300,75.802642822265625
2013-05-23,119.7300033569336,119.80999755859375,119.2300033569336,119.56999969482422,2568500,75.8788070678711
2013-05-24,119.63999938964844,119.80999755859375,119.45999908447266,119.48999786376953,1090900,75.8280258178711
2013-05-28,119.33000183105469,119.48999786376953,118.33000183105469,118.33999633789062,1683700,75.09825134277344
2013-05-29,118.41000366210938,118.58000183105469,118.1500015258789,118.29000091552734,3574100,75.06652069091797
2013-05-30,118.31999969482422,118.5999984741211,118.25,118.44000244140625,1759000,75.16166687011719
2013-05-31,118.31999969482422,118.44999694824219,117.4800033569336,117.8499984741211,4297500,74.787322998046875
2013-06-03,117.25,117.75,116.93000030517578,117.18000030517578,10863900,74.59061431884766
2013-06-04,116.94999694824219,117.25,116.70999908447266,116.72000122070312,3726500,74.29778289794922
2013-06-05,116.80999755859375,117,116.4800033569336,116.55000305175781,4575200,74.18959045410156
2013-06-06,116.56999969482422,117.45999908447266,116.41999816894531,117.05000305175781,2500000,74.50782775878906
2013-06-07,116.88999938964844,117.19999694824219,116.38999938964844,116.58999633789062,3159800,74.21502685546875
2013-06-10,116.22000122070312,116.4800033569336,116.06999969482422,116.2300033569336,2911100,73.98590087890625
2013-06-11,115.5,116.05000305175781,115.2300033569336,116.01000213623047,3983700,73.84581756591797
2013-06-12,115.80000305175781,116.0999984741211,115.5,115.61000061035156,3469000,73.59122467041016
2013-06-13,115.83999633789062,116.91000366210938,115.79000091552734,116.8499984741211,2474400,74.38055419921875
2013-06-14,116.93000030517578,117.1500015258789,116.73999786376953,116.7699966430664,1283900,74.32959747314453
2013-06-17,116.91000366210938,117.11000061035156,116.55000305175781,116.5999984741211,1868600,74.22135925292969
2013-06-18,116.27999877929688,116.55999755859375,116.16000366210938,116.37000274658203,1748400,74.075042724609375
2013-06-19,116.5,116.55999755859375,114.66999816894531,114.72000122070312,2823000,73.02471160888672
2013-06-20,113.87000274658203,113.88999938964844,112.79000091552734,113.13999938964844,6649600,72.01896667480469
2013-06-21,113.26000213623047,113.4800033569336,112.19999694824219,112.20999908447266,4107600,71.42693328857422
2013-06-24,111.43000030517578,112.0999984741211,110.91000366210938,111.4800033569336,6063600,70.96229553222656
2013-06-25,112.19000244140625,112.47000122070312,111.66000366210938,111.8499984741211,3653200,71.19779968261719
2013-06-26,112.75,113,112.51000213623047,112.69999694824219,2010000,71.73883819580078
2013-06-27,113.23999786376953,113.79000091552734,113.23999786376953,113.72000122070312,1544800,72.38814544677734
2013-06-28,113.12999725341797,113.69999694824219,112.87999725341797,113.6500015258789,2960300,72.34357452392578
2013-07-01,113.08000183105469,113.94000244140625,113.08000183105469,113.58000183105469,2849900,72.53068542480469
2013-07-02,113.80999755859375,114.16999816894531,113.66000366210938,113.94000244140625,2214800,72.76060485839844
2013-07-03,113.9000015258789,114.08000183105469,113.56999969482422,113.61000061035156,2132000,72.54987335205078
2013-07-05,112.18000030517578,112.43000030517578,111.69999694824219,112.16999816894531,2500100,71.63029479980469
2013-07-08,112.54000091552734,113.08999633789062,112.54000091552734,113.08999633789062,3096700,72.21781921386719
2013-07-09,113.05000305175781,113.51000213623047,113.05000305175781,113.19000244140625,4037000,72.28167724609375
2013-07-10,113.26000213623047,113.44999694824219,112.80000305175781,112.86000061035156,2908800,72.0708999633789
2013-07-11,113.86000061035156,114.19999694824219,113.5999984741211,114.19000244140625,2179100,72.9202651977539
2013-07-12,114.31999969482422,114.5,113.73999786376953,113.87000274658203,2008800,72.71587371826172
2013-07-15,114.08999633789062,114.62000274658203,113.94999694824219,114.5999984741211,3308200,73.18209075927734
2013-07-16,114.52999877929688,114.5999984741211,114.29000091552734,114.43000030517578,1625900,73.0735092163086
2013-07-17,114.87999725341797,115.1500015258789,114.73999786376953,114.86000061035156,1248400,73.348114013671875
2013-07-18,114.94999694824219,114.94999694824219,114.41999816894531,114.55999755859375,1119900,73.156524658203125
2013-07-19,114.7699966430664,115.20999908447266,114.7300033569336,115.19000244140625,2734900,73.5588150024414
2013-07-22,115.31999969482422,115.47000122070312,115.29000091552734,115.44999694824219,2235900,73.724853515625
2013-07-23,115.12999725341797,115.37999725341797,115.01000213623047,115.2699966430664,827300,73.60992431640625
2013-07-24,114.72000122070312,114.87999725341797,114.29000091552734,114.70999908447266,1960700,73.252288818359375
2013-07-25,114.18000030517578,114.56999969482422,114.12999725341797,114.56999969482422,2109200,73.16290283203125
2013-07-26,114.66999816894531,114.79000091552734,114.48999786376953,114.69000244140625,1022700,73.239532470703125
2013-07-29,114.54000091552734,114.68000030517578,114.44000244140625,114.5,2211900,73.11822509765625
2013-07-30,114.72000122070312,114.77999877929688,114.36000061035156,114.52999877929688,1331900,73.13738250732422
2013-07-31,113.87999725341797,114.6500015258789,113.69999694824219,114.54000091552734,2282100,73.14378356933594
2013-08-01,113.94999694824219,113.94999694824219,113.12000274658203,113.27999877929688,1845700,72.56084442138672
2013-08-02,113.6500015258789,113.97000122070312,113.62000274658203,113.83999633789062,1772000,72.91954803466797
2013-08-05,113.68000030517578,113.83000183105469,113.37999725341797,113.41000366210938,3111500,72.6441421508789
2013-08-06,113.36000061035156,113.5999984741211,113.27999877929688,113.4800033569336,1047200,72.68895721435547
2013-08-07,113.61000061035156,113.86000061035156,113.58999633789062,113.7300033569336,946000,72.84906768798828
2013-08-08,113.91000366210938,114.16999816894531,113.88999938964844,113.97000122070312,960900,73.00279998779297
2013-08-09,114.0199966430664,114.08000183105469,113.75,113.97000122070312,539600,73.00279998779297
2013-08-12,114.08000183105469,114.18000030517578,113.8499984741211,113.91000366210938,1042800,72.96442413330078
2013-08-13,113.27999877929688,113.41000366210938,113,113.0999984741211,1221600,72.44561767578125
2013-08-14,113.0199966430664,113.1500015258789,112.87000274658203,112.91000366210938,1723700,72.32384490966797
2013-08-15,112.08999633789062,112.41999816894531,111.98999786376953,112.11000061035156,1793800,71.81140899658203
2013-08-16,112.06999969482422,112.20999908447266,111.36000061035156,111.55000305175781,2469000,71.45269775390625
2013-08-19,111.31999969482422,111.44000244140625,110.93000030517578,110.94000244140625,4884400,71.06197357177734
2013-08-20,111.29000091552734,111.73999786376953,111.29000091552734,111.62000274658203,2100500,71.49750518798828
2013-08-21,111.41000366210938,111.66000366210938,110.88999938964844,110.94999694824219,2310800,71.0683822631836
2013-08-22,111.05000305175781,111.5,111.05000305175781,111.45999908447266,2507700,71.39508056640625
2013-08-23,111.43000030517578,112.22000122070312,111.37999725341797,112.20999908447266,2327600,71.87545013427734
2013-08-26,112.31999969482422,112.47000122070312,112.26000213623047,112.44000244140625,1385700,72.02276611328125
2013-08-27,112.51000213623047,112.97000122070312,112.44999694824219,112.91999816894531,2398500,72.33023834228516
2013-08-28,112.73999786376953,112.94000244140625,112.55000305175781,112.94000244140625,2488300,72.34308624267578
2013-08-29,112.6500015258789,113.06999969482422,112.5199966430664,113.05000305175781,2273100,72.41353607177734
2013-08-30,113,113.29000091552734,112.80999755859375,113.05000305175781,1668800,72.41353607177734
2013-09-03,112,112.2699966430664,111.51000213623047,112.23999786376953,5473600,72.12815856933594
2013-09-04,112.2699966430664,112.37000274658203,111.79000091552734,111.83000183105469,2335000,71.86473083496094
2013-09-05,111.38999938964844,111.41999816894531,110.7300033569336,110.91000366210938,2703800,71.27349853515625
2013-09-06,111.41000366210938,111.6500015258789,110.98999786376953,111.06999969482422,1960600,71.3763198852539
2013-09-09,111.45999908447266,111.5999984741211,111.2699966430664,111.36000061035156,1615600,71.56269073486328
2013-09-10,111.04000091552734,111.31999969482422,110.81999969482422,110.87000274658203,2115900,71.247802734375
2013-09-11,111.11000061035156,111.38999938964844,110.81999969482422,111.38999938964844,2301300,71.5820083618164
2013-09-12,111.5999984741211,111.76000213623047,111.2300033569336,111.30999755859375,1860200,71.53053283691406
2013-09-13,111.33999633789062,111.54000091552734,111.31999969482422,111.37999725341797,1255400,71.57551574707031
2013-09-16,112.41999816894531,112.44000244140625,111.44000244140625,111.51000213623047,2311100,71.65910339355469
2013-09-17,111.68000030517578,111.83999633789062,111.55999755859375,111.80999755859375,1020100,71.85188293457031
2013-09-18,111.69999694824219,113.70999908447266,111.41999816894531,113.44999694824219,5100000,72.9057846069336
2013-09-19,113.4000015258789,113.55999755859375,112.66000366210938,112.7300033569336,5030300,72.443115234375
2013-09-20,112.93000030517578,113.08999633789062,112.75,112.83000183105469,1089700,72.507354736328125
2013-09-23,112.88999938964844,113.5199966430664,112.88999938964844,113.5,3719000,72.93791198730469
2013-09-24,113.62000274658203,113.93000030517578,113.4000015258789,113.79000091552734,2576200,73.12430572509766
2013-09-25,113.72000122070312,114.18000030517578,113.62999725341797,114.13999938964844,1931100,73.34916687011719
2013-09-26,113.7300033569336,113.94999694824219,113.7300033569336,113.86000061035156,921300,73.16925811767578
2013-09-27,113.75,113.8499984741211,113.66000366210938,113.7699966430664,1194100,73.11138153076172
2013-09-30,113.5999984741211,113.77999877929688,113.41999816894531,113.5199966430664,1800800,72.95076751708984
2013-10-01,113.06999969482422,113.18000030517578,112.93000030517578,113.04000091552734,3172400,72.87724304199219
2013-10-02,113.19999694824219,113.55999755859375,113.19000244140625,113.37999725341797,910300,73.09648895263672
2013-10-03,113.29000091552734,113.62999725341797,113.29000091552734,113.44000244140625,1411600,73.13511657714844
2013-10-04,113.29000091552734,113.43000030517578,113.19000244140625,113.33000183105469,569300,73.0642318725586
2013-10-07,113.45999908447266,113.69000244140625,113.43000030517578,113.52999877929688,1374600,73.19316101074219
2013-10-08,113.4800033569336,113.62000274658203,113.27999877929688,113.51000213623047,1667900,73.1802978515625
2013-10-09,113.43000030517578,113.52999877929688,113.20999908447266,113.2699966430664,1017300,73.02555084228516
2013-10-10,113.08999633789062,113.48999786376953,113.0199966430664,113.43000030517578,1978400,73.12871551513672
2013-10-11,113.68000030517578,113.80999755859375,113.52999877929688,113.58000183105469,3275900,73.22542572021484
2013-10-14,113.51000213623047,113.63999938964844,113.11000061035156,113.2300033569336,525100,72.99976348876953
2013-10-15,113.56999969482422,113.58000183105469,113.19999694824219,113.25,1430400,73.01265716552734
2013-10-16,113.26000213623047,114.1500015258789,113.20999908447266,114.08999633789062,1395200,73.55420684814453
2013-10-17,114.41000366210938,115,114.33999633789062,114.93000030517578,2697900,74.095733642578125
2013-10-18,115.0999984741211,115.2699966430664,114.98999786376953,115.08000183105469,1071200,74.19243621826172
2013-10-21,115.01000213623047,115.18000030517578,114.73999786376953,114.77999877929688,1031400,73.99906921386719
2013-10-22,115.30999755859375,115.48999786376953,115.26000213623047,115.4800033569336,1372100,74.4503402709961
2013-10-23,115.47000122070312,115.66999816894531,115.41000366210938,115.44999694824219,1514800,74.43099212646484
2013-10-24,115.55999755859375,115.63999938964844,115.2699966430664,115.33000183105469,1500200,74.35362243652344
2013-10-25,115.30999755859375,115.52999877929688,115.30000305175781,115.31999969482422,708700,74.34718322753906
2013-10-28,115.26000213623047,115.5199966430664,115.25,115.43000030517578,2958700,74.41812896728516
2013-10-29,115.3499984741211,115.5999984741211,115.26000213623047,115.58999633789062,1584300,74.52128601074219
2013-10-30,115.58999633789062,115.75,115.08000183105469,115.36000061035156,1436200,74.37300109863281
2013-10-31,115.44999694824219,115.5,115.08999633789062,115.19999694824219,1072800,74.26985931396484
2013-11-01,114.80999755859375,114.93000030517578,114.29000091552734,114.51000213623047,1965300,74.06929016113281
2013-11-04,114.66000366210938,114.79000091552734,114.5199966430664,114.54000091552734,772400,74.08868408203125
2013-11-05,114.33000183105469,114.33000183105469,113.91999816894531,114.05000305175781,1264700,73.771759033203125
2013-11-06,114.2300033569336,114.23999786376953,114.08000183105469,114.18000030517578,1060000,73.855865478515625
2013-11-07,114.37000274658203,114.48999786376953,114.20999908447266,114.41000366210938,1337000,74.00462341308594
2013-11-08,113.4800033569336,113.51000213623047,113.27999877929688,113.29000091552734,1634000,73.2801513671875
2013-11-11,113.22000122070312,113.27999877929688,113.01000213623047,113.0999984741211,1241500,73.15730285644531
2013-11-12,113.04000091552734,113.22000122070312,113,113.18000030517578,2301900,73.20899200439453
2013-11-13,113.33000183105469,113.56999969482422,113.30000305175781,113.44000244140625,4339700,73.377197265625
2013-11-14,113.73999786376953,114.13999938964844,113.66000366210938,114.05999755859375,1355100,73.77825164794922
2013-11-15,114.08000183105469,114.1500015258789,113.93000030517578,114.05999755859375,1451200,73.77825164794922
2013-11-18,114.12000274658203,114.56999969482422,114.12000274658203,114.56999969482422,3003900,74.10810852050781
2013-11-19,114.36000061035156,114.45999908447266,114.16999816894531,114.16999816894531,914200,73.84941864013672
2013-11-20,114.13999938964844,114.44000244140625,113.5199966430664,113.68000030517578,1881300,73.53243255615234
2013-11-21,113.58999633789062,113.93000030517578,113.33000183105469,113.9000015258789,3320600,73.674713134765625
2013-11-22,114.02999877929688,114.30000305175781,114,114.30000305175781,1190900,73.933502197265625
2013-11-25,114.2699966430664,114.54000091552734,114.2699966430664,114.5,1189200,74.062835693359375
2013-11-26,114.5199966430664,114.77999877929688,114.5199966430664,114.7300033569336,1044500,74.21162414550781
2013-11-27,114.5999984741211,114.80999755859375,114.27999877929688,114.75,2387900,74.22449493408203
2013-11-29,114.37000274658203,114.75,114.33999633789062,114.66000366210938,741200,74.16633605957031
2013-12-02,114.0999984741211,114.19999694824219,113.73999786376953,113.75,5714000,73.8145751953125
2013-12-03,113.88999938964844,114.13999938964844,113.88999938964844,114.04000091552734,1164500,74.002777099609375
2013-12-04,113.41999816894531,113.72000122070312,113.41999816894531,113.66999816894531,1705000,73.7626953125
2013-12-05,113.38999938964844,113.58999633789062,113.23999786376953,113.41999816894531,1234400,73.60047912597656
2013-12-06,113.43000030517578,113.69000244140625,113.33999633789062,113.66000366210938,737400,73.756195068359375
2013-12-09,113.66000366210938,113.8499984741211,113.66000366210938,113.83000183105469,590100,73.86650848388672
2013-12-10,114.16999816894531,114.30999755859375,113.98999786376953,114.29000091552734,1171600,74.16505432128906
2013-12-11,114.19999694824219,114.29000091552734,113.94000244140625,113.97000122070312,1087800,73.95738220214844
2013-12-12,113.86000061035156,113.91999816894531,113.70999908447266,113.77999877929688,877300,73.83409881591797
2013-12-13,113.98999786376953,114.12999725341797,113.81999969482422,114.08999633789062,904000,74.0352554321289
2013-12-16,114.27999877929688,114.3499984741211,114.05999755859375,114.18000030517578,1593500,74.09363555908203
2013-12-17,114.08999633789062,114.5199966430664,114.08999633789062,114.5199966430664,1500800,74.31431579589844
2013-12-18,114.33000183105469,114.9000015258789,114.04000091552734,114.5199966430664,1946900,74.31431579589844
2013-12-19,114.19000244140625,114.5,114.16999816894531,114.3499984741211,2493300,74.20397186279297
2013-12-20,114.66000366210938,114.87999725341797,114.51000213623047,114.87999725341797,1269700,74.54788970947266
2013-12-23,114.81999969482422,115.04000091552734,114.69000244140625,114.69999694824219,1204900,74.43109893798828
2013-12-24,114.5199966430664,115,114.51000213623047,114.66999816894531,1003500,74.41162872314453
2013-12-26,114.16999816894531,114.38999938964844,114.16999816894531,114.23999786376953,2268000,74.35823822021484
2013-12-27,114.08000183105469,114.23999786376953,114.04000091552734,114.13999938964844,2463600,74.29312896728516
2013-12-30,114.19999694824219,114.48999786376953,114.19999694824219,114.4800033569336,2790000,74.51445770263672
2013-12-31,114.30000305175781,114.48999786376953,114.0199966430664,114.19000244140625,1658600,74.3257064819336
2014-01-02,114.29000091552734,114.45999908447266,114.11000061035156,114.41000366210938,1887700,74.46887969970703
2014-01-03,114.22000122070312,114.73999786376953,114.22000122070312,114.58000183105469,1695800,74.57953643798828
2014-01-06,114.73999786376953,114.88999938964844,114.6500015258789,114.83000183105469,1171700,74.742279052734375
2014-01-07,114.91999816894531,114.94000244140625,114.66000366210938,114.73999786376953,1086500,74.6836929321289
2014-01-08,114.5,114.52999877929688,114.1500015258789,114.25,1067000,74.36476135253906
2014-01-09,114.4000015258789,114.51000213623047,114.18000030517578,114.51000213623047,1216000,74.53397369384766
2014-01-10,114.91000366210938,115.25,114.88999938964844,115.12999725341797,1736900,74.93755340576172
2014-01-13,115.2300033569336,115.44999694824219,115.16999816894531,115.3499984741211,2109900,75.08077239990234
2014-01-14,115.19999694824219,115.30000305175781,115,115.01000213623047,1529100,74.85945892333984
2014-01-15,114.80000305175781,115.08999633789062,114.73999786376953,115.04000091552734,1495000,74.87897491455078
2014-01-16,115.22000122070312,115.31999969482422,115.16999816894531,115.30999755859375,1372300,75.05469512939453
2014-01-17,115.19000244140625,115.44000244140625,115.11000061035156,115.44000244140625,1766000,75.13935089111328
2014-01-21,115.2699966430664,115.4000015258789,115.2699966430664,115.27999877929688,1114100,75.035186767578125
2014-01-22,115.16000366210938,115.29000091552734,114.98999786376953,115,1687800,74.85291290283203
2014-01-23,115.22000122070312,115.5999984741211,115.19999694824219,115.44000244140625,1597600,75.13935089111328
2014-01-24,115.48999786376953,115.62999725341797,115.2699966430664,115.36000061035156,1681100,75.08722686767578
2014-01-27,115.2699966430664,115.58999633789062,115.13999938964844,115.13999938964844,1979600,74.94404602050781
2014-01-28,115.4000015258789,115.69999694824219,115.30000305175781,115.69999694824219,2420900,75.30853271484375
2014-01-29,115.72000122070312,115.98999786376953,115.58000183105469,115.93000030517578,2105500,75.458282470703125
2014-01-30,115.83000183105469,116.0199966430664,115.66999816894531,115.98999786376953,1821900,75.49729919433594
2014-01-31,116.05000305175781,116.33999633789062,116.01000213623047,116.33999633789062,1427400,75.72515106201172
2014-02-03,115.88999938964844,116.75,115.83000183105469,116.73999786376953,6064600,76.21343994140625
2014-02-04,116.33000183105469,116.33999633789062,116.0999984741211,116.18000030517578,2015000,75.84783172607422
2014-02-05,116,116.01000213623047,115.77999877929688,115.80999755859375,3226900,75.606292724609375
2014-02-06,115.75,115.83000183105469,115.62000274658203,115.69999694824219,853500,75.53446197509766
2014-02-07,115.83000183105469,116.16999816894531,115.77999877929688,116.05999755859375,1076900,75.7695083618164
2014-02-10,115.93000030517578,116.12000274658203,115.87999725341797,116.11000061035156,1048800,75.802154541015625
2014-02-11,115.87000274658203,115.93000030517578,115.70999908447266,115.87000274658203,2288900,75.64551544189453
2014-02-12,115.69999694824219,115.72000122070312,115.45999908447266,115.5199966430664,971500,75.41700744628906
2014-02-13,116.04000091552734,116.0999984741211,115.8499984741211,116,1125500,75.7303466796875
2014-02-14,116.12000274658203,116.22000122070312,115.9800033569336,116.22000122070312,1063900,75.87396240234375
2014-02-18,116.3499984741211,116.6500015258789,116.29000091552734,116.45999908447266,1034400,76.0306167602539
2014-02-19,116.69999694824219,116.69999694824219,116.26000213623047,116.33000183105469,1556900,75.9457778930664
2014-02-20,116.19000244140625,116.30999755859375,116,116.18000030517578,1148800,75.84783172607422
2014-02-21,116.05999755859375,116.33999633789062,116.04000091552734,116.30000305175781,711000,75.9261703491211
2014-02-24,116.41000366210938,116.45999908447266,116.2300033569336,116.36000061035156,703600,75.96533966064453
2014-02-25,116.62999725341797,116.80999755859375,116.44999694824219,116.80999755859375,787300,76.25917053222656
2014-02-26,116.80000305175781,117.19999694824219,116.79000091552734,117.19000244140625,898200,76.50724029541016
2014-02-27,117.29000091552734,117.44000244140625,117.26000213623047,117.38999938964844,964900,76.6378173828125
2014-02-28,117.2300033569336,117.36000061035156,117.02999877929688,117.31999969482422,1791900,76.59210205078125
2014-03-03,117.05999755859375,117.29000091552734,116.95999908447266,117.27999877929688,1292700,76.79248046875
2014-03-04,116.9800033569336,117.04000091552734,116.6500015258789,116.6500015258789,1075900,76.37994384765625
2014-03-05,116.56999969482422,116.8499984741211,116.55000305175781,116.58999633789062,2869300,76.34065246582031
2014-03-06,116.13999938964844,116.37999725341797,116.12000274658203,116.23999786376953,1271000,76.11151123046875
2014-03-07,115.94999694824219,116,115.63999938964844,115.81999969482422,1473800,75.83647155761719
2014-03-10,115.69999694824219,115.79000091552734,115.62000274658203,115.63999938964844,1851400,75.7186279296875
2014-03-11,115.69000244140625,115.80999755859375,115.61000061035156,115.68000030517578,943800,75.744903564453125
2014-03-12,116,116.13999938964844,115.93000030517578,116.08999633789062,1303800,76.01326751708984
2014-03-13,115.81999969482422,116.55999755859375,115.81999969482422,116.5,1696400,76.2817611694336
2014-03-14,116.69999694824219,116.7699966430664,116.37000274658203,116.37000274658203,797800,76.196624755859375
2014-03-17,116.36000061035156,116.43000030517578,116.16999816894531,116.22000122070312,635800,76.09838104248047
2014-03-18,116.25,116.58000183105469,116.19000244140625,116.58000183105469,963500,76.33415222167969
2014-03-19,116.52999877929688,116.54000091552734,115.69000244140625,115.73999786376953,1286700,75.78416442871094
2014-03-20,115.7300033569336,115.95999908447266,115.70999908447266,115.9000015258789,2003400,75.88883972167969
2014-03-21,116.06999969482422,116.38999938964844,116.01000213623047,116.30000305175781,636100,76.15081024169922
2014-03-24,116.29000091552734,116.66000366210938,116.25,116.5199966430664,1061300,76.294830322265625
2014-03-25,116.27999877929688,116.5999984741211,116.27999877929688,116.55999755859375,1352800,76.32102966308594
2014-03-26,116.62000274658203,117.02999877929688,116.5999984741211,117.01000213623047,955000,76.61568450927734
2014-03-27,116.87000274658203,117.26000213623047,116.80999755859375,117.04000091552734,665500,76.635284423828125
2014-03-28,117.0199966430664,117.11000061035156,116.83000183105469,116.94999694824219,816300,76.57640838623047
2014-03-31,116.69000244140625,116.97000122070312,116.56999969482422,116.94000244140625,1695700,76.56986236572266
2014-04-01,116.44000244140625,116.52999877929688,116.30000305175781,116.30999755859375,3416600,76.37940216064453
2014-04-02,116.08000183105469,116.26000213623047,116.08000183105469,116.1500015258789,1236800,76.27436065673828
2014-04-03,116.25,116.51000213623047,116.25,116.37000274658203,1012200,76.4188003540039
2014-04-04,116.73999786376953,117.02999877929688,116.72000122070312,116.83000183105469,989900,76.72088623046875
2014-04-07,116.98999786376953,117.19999694824219,116.95999908447266,117.11000061035156,1024500,76.90474700927734
2014-04-08,117.0999984741211,117.41999816894531,117.02999877929688,117.41999816894531,992600,77.10832214355469
2014-04-09,117.19000244140625,117.58999633789062,117.12999725341797,117.5199966430664,1675600,77.17400360107422
2014-04-10,117.4800033569336,118.04000091552734,117.38999938964844,117.68000030517578,1401500,77.279022216796875
2014-04-11,118,118,117.76000213623047,117.76000213623047,1258200,77.33158874511719
2014-04-14,117.8499984741211,117.93000030517578,117.69999694824219,117.83999633789062,908600,77.384124755859375
2014-04-15,117.83999633789062,118.2300033569336,117.7699966430664,118.08999633789062,1152500,77.54834747314453
2014-04-16,117.7699966430664,118.1500015258789,117.75,118.13999938964844,956300,77.5811538696289
2014-04-17,118.12000274658203,118.12000274658203,117.41999816894531,117.45999908447266,1510500,77.13462829589844
2014-04-21,117.70999908447266,117.79000091552734,117.51000213623047,117.62000274658203,652500,77.23968505859375
2014-04-22,117.44999694824219,117.73999786376953,117.4000015258789,117.68000030517578,1385000,77.279022216796875
2014-04-23,117.7699966430664,118.01000213623047,117.76000213623047,117.94000244140625,1778900,77.44983673095703
2014-04-24,117.73999786376953,118.01000213623047,117.69999694824219,117.95999908447266,1161000,77.46294403076172
2014-04-25,118.04000091552734,118.2699966430664,117.94000244140625,117.94000244140625,1051500,77.44983673095703
2014-04-28,117.94000244140625,118.08000183105469,117.69999694824219,117.80000305175781,1015500,77.35790252685547
2014-04-29,117.61000061035156,117.87000274658203,117.5999984741211,117.81999969482422,1359500,77.37096405029297
2014-04-30,117.95999908447266,118.27999877929688,117.79000091552734,118.1500015258789,2123200,77.58772277832031
2014-05-01,117.87999725341797,118.31999969482422,117.81999969482422,118.30000305175781,2193800,77.91303253173828
2014-05-02,118.04000091552734,118.68000030517578,117.94000244140625,118.55000305175781,862700,78.07774353027344
2014-05-05,118.5,118.63999938964844,118.23999786376953,118.25,1879800,77.88011932373047
2014-05-06,118.41000366210938,118.55000305175781,118.37000274658203,118.44999694824219,2251100,78.01189422607422
2014-05-07,118.4800033569336,118.58000183105469,118.29000091552734,118.47000122070312,1869200,78.0250015258789
2014-05-08,118.58000183105469,118.83000183105469,118.37000274658203,118.5,3351200,78.04481506347656
2014-05-09,118.33999633789062,118.4800033569336,118.2300033569336,118.37000274658203,1148100,77.959197998046875
2014-05-12,118.12000274658203,118.19999694824219,117.97000122070312,118.06999969482422,1634400,77.76158142089844
2014-05-13,118.3499984741211,118.5199966430664,118.30000305175781,118.51000213623047,961600,78.05132293701172
2014-05-14,118.86000061035156,119.22000122070312,118.83999633789062,119.0999984741211,1359000,78.43997955322266
2014-05-15,119.29000091552734,119.55999755859375,119.0999984741211,119.30999755859375,755100,78.578277587890625
2014-05-16,119.0999984741211,119.36000061035156,119.06999969482422,119.16999816894531,821100,78.48607635498047
2014-05-19,119.3499984741211,119.45999908447266,118.97000122070312,119.05999755859375,726700,78.4135971069336
2014-05-20,118.94999694824219,119.31999969482422,118.94999694824219,119.05999755859375,1200100,78.4135971069336
2014-05-21,118.77999877929688,118.88999938964844,118.66999816894531,118.83999633789062,1397200,78.26868438720703
2014-05-22,118.8499984741211,118.87000274658203,118.68000030517578,118.80000305175781,605800,78.24237060546875
2014-05-23,118.94000244140625,119.04000091552734,118.83000183105469,118.93000030517578,582500,78.32799530029297
2014-05-27,119.05999755859375,119.3499984741211,118.80999755859375,119.3499984741211,1062700,78.60459899902344
2014-05-28,119.51000213623047,119.91999816894531,119.51000213623047,119.91999816894531,1430800,78.97998809814453
2014-05-29,119.86000061035156,120.12999725341797,119.56999969482422,119.56999969482422,1325700,78.7494888305664
2014-05-30,119.47000122070312,119.69000244140625,119.33999633789062,119.58999633789062,1045400,78.76268005371094
2014-06-02,118.88999938964844,119.08000183105469,118.55000305175781,118.58999633789062,2652700,78.325439453125
2014-06-03,118.45999908447266,118.48999786376953,118.05000305175781,118.05000305175781,1431100,77.96875762939453
2014-06-04,118.20999908447266,118.2300033569336,117.97000122070312,117.98999786376953,1263600,77.92913818359375
2014-06-05,118.04000091552734,118.3499984741211,117.91000366210938,118.23999786376953,801000,78.09429168701172
2014-06-06,118.44000244140625,118.76000213623047,118.37000274658203,118.48999786376953,1112700,78.2593765258789
2014-06-09,118.29000091552734,118.33000183105469,118.11000061035156,118.25,1215400,78.10086822509766
2014-06-10,118.06999969482422,118.16999816894531,118,118.02999877929688,758800,77.95557403564453
2014-06-11,118.11000061035156,118.27999877929688,118.02999877929688,118.12000274658203,507500,78.0150146484375
2014-06-12,118.18000030517578,118.5999984741211,118.05999755859375,118.5,964800,78.266021728515625
2014-06-13,118.12999725341797,118.58999633789062,118.08000183105469,118.4800033569336,474700,78.25276184082031
2014-06-16,118.4000015258789,118.62000274658203,118.37999725341797,118.47000122070312,732400,78.24620056152344
2014-06-17,118.37000274658203,118.37999725341797,118.05999755859375,118.06999969482422,605200,77.98200225830078
2014-06-18,118.33999633789062,118.75,118.16999816894531,118.75,791400,78.43109893798828
2014-06-19,118.88999938964844,118.9000015258789,118.20999908447266,118.33000183105469,610700,78.15374755859375
2014-06-20,118.23999786376953,118.61000061035156,118.18000030517578,118.55999755859375,1151900,78.30562591552734
2014-06-23,118.69999694824219,118.77999877929688,118.48999786376953,118.55000305175781,833300,78.29902648925781
2014-06-24,118.87999725341797,119.05999755859375,118.58999633789062,119.05000305175781,777600,78.62928009033203
2014-06-25,119.43000030517578,119.43000030517578,119.13999938964844,119.16999816894531,827100,78.70849609375
2014-06-26,119.23999786376953,119.5199966430664,119.23999786376953,119.38999938964844,698700,78.85381317138672
2014-06-27,119.5199966430664,119.61000061035156,119.37000274658203,119.37000274658203,729300,78.84062957763672
2014-06-30,119.44000244140625,119.45999908447266,119.16999816894531,119.26000213623047,857200,78.767974853515625
2014-07-01,118.70999908447266,118.8499984741211,118.45999908447266,118.47000122070312,5448400,78.46329498291016
2014-07-02,118.31999969482422,118.31999969482422,117.97000122070312,118.05000305175781,3278000,78.18510437011719
2014-07-03,117.76000213623047,118,117.66000366210938,117.93000030517578,648400,78.10565185546875
2014-07-07,118.0199966430664,118.22000122070312,117.94999694824219,118.13999938964844,1219200,78.24474334716797
2014-07-08,118.48999786376953,118.66000366210938,118.45999908447266,118.58000183105469,1296400,78.53611755371094
2014-07-09,118.5199966430664,118.87000274658203,118.37000274658203,118.7699966430664,836700,78.66197967529297
2014-07-10,118.94000244140625,118.97000122070312,118.6500015258789,118.68000030517578,524000,78.60237121582031
2014-07-11,118.83999633789062,119.11000061035156,118.83999633789062,119.05000305175781,1259300,78.84745788574219
2014-07-14,118.86000061035156,118.93000030517578,118.7300033569336,118.80000305175781,690900,78.68186950683594
2014-07-15,118.70999908447266,119.04000091552734,118.5,118.66999816894531,791400,78.59577941894531
2014-07-16,118.79000091552734,118.98999786376953,118.69000244140625,118.94999694824219,963800,78.78119659423828
2014-07-17,119.18000030517578,119.48999786376953,119.05999755859375,119.4000015258789,847900,79.0792465209961
2014-07-18,119.3499984741211,119.38999938964844,119.06999969482422,119.23999786376953,539300,78.9732894897461
2014-07-21,119.37000274658203,119.47000122070312,119.20999908447266,119.23999786376953,852600,78.9732894897461
2014-07-22,119.30999755859375,119.4000015258789,119.18000030517578,119.33000183105469,1017500,79.032867431640625
2014-07-23,119.45999908447266,119.55000305175781,119.41000366210938,119.47000122070312,1597800,79.12559509277344
2014-07-24,119.11000061035156,119.16999816894531,118.9800033569336,119,813400,78.81426239013672
2014-07-25,119.37000274658203,119.45999908447266,119.22000122070312,119.45999908447266,655400,79.11895751953125
2014-07-28,119.41000366210938,119.51000213623047,119.2300033569336,119.31999969482422,1290600,79.026275634765625
2014-07-29,119.52999877929688,119.55000305175781,119.27999877929688,119.43000030517578,787500,79.09910583496094
2014-07-30,119.08000183105469,119.18000030517578,118.69999694824219,118.87999725341797,1305800,78.734832763671875
2014-07-31,118.37000274658203,118.7300033569336,118.36000061035156,118.55000305175781,2121700,78.51631927490234
2014-08-01,118.12999725341797,118.87999725341797,118.08000183105469,118.81999969482422,2763600,78.9207763671875
2014-08-04,118.87000274658203,119.01000213623047,118.72000122070312,118.8499984741211,1779300,78.94066619873047
2014-08-05,118.66999816894531,118.98999786376953,118.5,118.97000122070312,2416200,79.02039337158203
2014-08-06,119.11000061035156,119.12000274658203,118.73999786376953,118.76000213623047,1799500,78.88093566894531
2014-08-07,118.94000244140625,119.12000274658203,118.79000091552734,119.06999969482422,1839200,79.0868148803711
2014-08-08,119.2699966430664,119.41000366210938,119,119.04000091552734,1048300,79.06693267822266
2014-08-11,119.13999938964844,119.27999877929688,119.0199966430664,119.08999633789062,770900,79.10009002685547
2014-08-12,119.19999694824219,119.20999908447266,118.9800033569336,119.02999877929688,1927400,79.06024169921875
2014-08-13,119.04000091552734,119.33000183105469,119,119.2699966430664,2260600,79.2197265625
2014-08-14,119.45999908447266,119.5,119.19000244140625,119.4000015258789,1694200,79.30601501464844
2014-08-15,119.56999969482422,120.18000030517578,119.51000213623047,119.81999969482422,1729500,79.5849609375
2014-08-18,119.68000030517578,119.73999786376953,119.45999908447266,119.55000305175781,1624200,79.40563201904297
2014-08-19,119.73999786376953,119.77999877929688,119.30000305175781,119.47000122070312,1559000,79.35249328613281
2014-08-20,119.43000030517578,119.47000122070312,119.11000061035156,119.19999694824219,746700,79.17315673828125
2014-08-21,119.38999938964844,119.63999938964844,119.37999725341797,119.61000061035156,1817900,79.44549560546875
2014-08-22,119.61000061035156,119.87999725341797,119.33999633789062,119.76000213623047,1014500,79.54510498046875
2014-08-25,119.87999725341797,119.94999694824219,119.72000122070312,119.94999694824219,793300,79.671295166015625
2014-08-26,120.05000305175781,120.08999633789062,119.8499984741211,120.02999877929688,730100,79.724456787109375
2014-08-27,120.0999984741211,120.29000091552734,120.0199966430664,120.2300033569336,1412400,79.8573226928711
2014-08-28,120.5,120.5999984741211,120.31999969482422,120.48999786376953,1100200,80.03002166748047
2014-08-29,120.43000030517578,120.68000030517578,120.38999938964844,120.58000183105469,1257900,80.0896987915039
2014-09-02,119.73999786376953,119.87999725341797,119.58000183105469,119.66999816894531,3493400,79.70879364013672
2014-09-03,119.45999908447266,119.83000183105469,119.41000366210938,119.83000183105469,838300,79.81532287597656
2014-09-04,119.52999877929688,119.66000366210938,118.94999694824219,118.9800033569336,4901900,79.24920654296875
2014-09-05,119.26000213623047,119.4000015258789,118.88999938964844,119,1557300,79.26250457763672
2014-09-08,119.20999908447266,119.30000305175781,118.7699966430664,118.80000305175781,1133000,79.12928771972656
2014-09-09,118.69000244140625,118.70999908447266,118.47000122070312,118.4800033569336,1853400,78.91615295410156
2014-09-10,118.23999786376953,118.41000366210938,118.19999694824219,118.29000091552734,1894800,78.78963470458984
2014-09-11,118.38999938964844,118.55000305175781,118.19999694824219,118.19999694824219,1300200,78.72967529296875
2014-09-12,117.86000061035156,118.02999877929688,117.5999984741211,117.62999725341797,1296900,78.34998321533203
2014-09-15,117.88999938964844,117.94000244140625,117.61000061035156,117.66000366210938,3575600,78.3699722290039
2014-09-16,117.66999816894531,117.91999816894531,117.58000183105469,117.63999938964844,1567600,78.3566665649414
2014-09-17,117.80999755859375,117.91000366210938,117.26000213623047,117.31999969482422,1763300,78.14348602294922
2014-09-18,117.41000366210938,117.58000183105469,117.33000183105469,117.52999877929688,1521200,78.28338623046875
2014-09-19,117.66999816894531,118.0199966430664,117.5,117.98999786376953,739000,78.58977508544922
2014-09-22,118.05000305175781,118.16999816894531,117.91000366210938,118.0999984741211,1729400,78.66307067871094
2014-09-23,118.16999816894531,118.29000091552734,118.05999755859375,118.29000091552734,904400,78.78963470458984
2014-09-24,118.22000122070312,118.23999786376953,117.94000244140625,118.01000213623047,786700,78.603118896484375
2014-09-25,118.05999755859375,118.44000244140625,118.05000305175781,118.36000061035156,1375200,78.836212158203125
2014-09-26,117.87999725341797,118.13999938964844,117.4000015258789,118.0999984741211,3295000,78.66307067871094
2014-09-29,118.12000274658203,118.2300033569336,117.87999725341797,118.05000305175781,3628200,78.6297378540039
2014-09-30,118.13999938964844,118.41999816894531,118.05000305175781,118.22000122070312,1716100,78.742950439453125
2014-10-01,118.30999755859375,118.80999755859375,118.25,118.5999984741211,1973500,79.2206039428711
2014-10-02,118.5999984741211,118.79000091552734,118.37000274658203,118.58999633789062,1891200,79.213897705078125
2014-10-03,118.56999969482422,118.94999694824219,118.37000274658203,118.93000030517578,2535800,79.44100189208984
2014-10-06,118.91000366210938,119.1500015258789,118.87000274658203,118.98999786376953,1858400,79.4810791015625
2014-10-07,119.27999877929688,119.62999725341797,119.16000366210938,119.41999816894531,1887900,79.76829528808594
2014-10-08,119.5999984741211,120.08000183105469,119.2300033569336,120.02999877929688,2297900,80.17574310302734
2014-10-09,119.7300033569336,119.94000244140625,119.51000213623047,119.52999877929688,1786200,79.84175872802734
2014-10-10,119.5999984741211,119.66999816894531,119.41000366210938,119.62999725341797,1371400,79.908599853515625
2014-10-13,119.91999816894531,120.18000030517578,119.80000305175781,119.94000244140625,1748200,80.11564636230469
2014-10-14,120.08999633789062,120.25,119.88999938964844,120.20999908447266,2826400,80.29598236083984
2014-10-15,120.80000305175781,122.43000030517578,120.12999725341797,120.30000305175781,3497900,80.35612487792969
2014-10-16,120.73999786376953,120.79000091552734,119.83999633789062,120.02999877929688,2229900,80.17574310302734
2014-10-17,120.05999755859375,120.19999694824219,119.75,119.9800033569336,1537800,80.142364501953125
2014-10-20,120.27999877929688,120.29000091552734,119.97000122070312,120.19999694824219,1735300,80.28932189941406
2014-10-21,120,120.23999786376953,119.94999694824219,120.12999725341797,1150000,80.24256896972656
2014-10-22,119.93000030517578,120.0199966430664,119.77999877929688,119.93000030517578,957000,80.1089859008789
2014-10-23,119.69999694824219,119.8499984741211,119.44999694824219,119.69999694824219,1408400,79.95531463623047
2014-10-24,119.68000030517578,119.94999694824219,119.5999984741211,119.75,1727800,79.988739013671875
2014-10-27,119.75,119.91000366210938,119.66000366210938,119.9000015258789,1946500,80.0889892578125
2014-10-28,119.70999908447266,119.75,119.44000244140625,119.5,2212700,79.82176971435547
2014-10-29,119.44000244140625,119.5,118.86000061035156,119.27999877929688,3574000,79.6747817993164
2014-10-30,119.44999694824219,119.69999694824219,119.30000305175781,119.36000061035156,2542000,79.72823333740234
2014-10-31,119.30999755859375,119.44000244140625,119.02999877929688,119.33999633789062,1893700,79.7148666381836
2014-11-03,118.77999877929688,118.97000122070312,118.62999725341797,118.7699966430664,6621700,79.55747985839844
2014-11-04,118.80000305175781,119.12999725341797,118.7699966430664,118.94000244140625,2155400,79.67134094238281
2014-11-05,118.80999755859375,118.8499984741211,118.61000061035156,118.72000122070312,1725300,79.5239486694336
2014-11-06,118.58999633789062,118.70999908447266,118.33000183105469,118.36000061035156,1458700,79.28279876708984
2014-11-07,118.5,119.12000274658203,118.5,119.11000061035156,1730000,79.78514862060547
2014-11-10,118.9800033569336,119,118.5,118.51000213623047,1710500,79.3833236694336
2014-11-11,118.5,118.58999633789062,118.4000015258789,118.5,805600,79.37660217285156
2014-11-12,118.83000183105469,118.9800033569336,118.3499984741211,118.48999786376953,1931400,79.36991119384766
2014-11-13,118.52999877929688,118.55999755859375,118.30999755859375,118.36000061035156,2128500,79.28279876708984
2014-11-14,118.25,118.70999908447266,118.19000244140625,118.51000213623047,1784800,79.3833236694336
2014-11-17,118.63999938964844,118.68000030517578,118.16999816894531,118.2300033569336,1770100,79.19576263427734
2014-11-18,118.20999908447266,118.36000061035156,118.16000366210938,118.33000183105469,2002900,79.26277923583984
2014-11-19,117.86000061035156,118.08000183105469,117.69999694824219,117.69999694824219,1890200,78.84071350097656
2014-11-20,118.20999908447266,118.30000305175781,117.87000274658203,118.1500015258789,2040100,79.142120361328125
2014-11-21,118.38999938964844,118.75,118.30000305175781,118.66000366210938,1820200,79.4837875366211
2014-11-24,118.62000274658203,118.88999938964844,118.5999984741211,118.8499984741211,1592600,79.611053466796875
2014-11-25,119,119.44999694824219,118.94999694824219,119.36000061035156,2052800,79.95264434814453
2014-11-26,119.7300033569336,119.8499984741211,119.66000366210938,119.7699966430664,978200,80.22731018066406
2014-11-28,119.91000366210938,120.11000061035156,119.91000366210938,120.08999633789062,1037800,80.441650390625
2014-12-01,119.80000305175781,119.87999725341797,118.94999694824219,119.33999633789062,6029800,80.16287994384766
2014-12-02,118.94000244140625,118.95999908447266,118.54000091552734,118.54000091552734,1496200,79.62548065185547
2014-12-03,118.62000274658203,118.83000183105469,118.55000305175781,118.66000366210938,5153700,79.7061538696289
2014-12-04,118.61000061035156,119,118.58000183105469,118.8499984741211,2413000,79.83375549316406
2014-12-05,118.75,118.80999755859375,118.30000305175781,118.36000061035156,1118600,79.50458526611328
2014-12-08,118.52999877929688,119.05999755859375,118.41999816894531,118.91999816894531,1842000,79.8807601928711
2014-12-09,119.12999725341797,119.2699966430664,118.9000015258789,119.0199966430664,1369900,79.94795989990234
2014-12-10,118.9800033569336,119.2699966430664,118.93000030517578,118.9800033569336,2974000,79.92110443115234
2014-12-11,119.05000305175781,119.1500015258789,118.68000030517578,118.86000061035156,1915600,79.84046936035156
2014-12-12,119.1500015258789,119.62999725341797,119,119.05000305175781,3457700,79.9680404663086
2014-12-15,119,119.48999786376953,118.86000061035156,119.33000183105469,4318600,80.15617370605469
2014-12-16,119.33999633789062,119.5999984741211,119.13999938964844,119.29000091552734,2041000,80.12928009033203
2014-12-17,119.5199966430664,119.88999938964844,119.12999725341797,119.31999969482422,1875200,80.149444580078125
2014-12-18,119.25,119.51000213623047,118.87999725341797,119.44000244140625,2056600,80.23004150390625
2014-12-19,119.19000244140625,119.47000122070312,119.02999877929688,119.37999725341797,1088400,80.18977355957031
2014-12-22,119.55999755859375,119.80999755859375,119.33000183105469,119.76000213623047,2011400,80.444976806640625
2014-12-23,119.5999984741211,119.61000061035156,118.7699966430664,118.8499984741211,1285700,79.83375549316406
2014-12-24,118.51000213623047,118.98999786376953,118.41999816894531,118.91000366210938,466200,80.09098052978516
2014-12-26,119.0999984741211,119.12999725341797,118.86000061035156,119,499100,80.15165710449219
2014-12-29,119.2699966430664,119.41999816894531,119.11000061035156,119.2300033569336,826200,80.30657958984375
2014-12-30,119.55000305175781,119.72000122070312,119.30000305175781,119.33000183105469,1052000,80.37393951416016
2014-12-31,119.58000183105469,119.79000091552734,119.30999755859375,119.41000366210938,1231400,80.42779541015625
2015-01-02,119.5999984741211,120.23999786376953,119.55000305175781,119.83000183105469,2523600,80.710693359375
2015-01-05,120.19000244140625,120.68000030517578,120.08999633789062,120.31999969482422,3218800,81.0407485961914
2015-01-06,120.6500015258789,121.16999816894531,120.47000122070312,120.80999755859375,5313400,81.37079620361328
2015-01-07,120.63999938964844,121.05000305175781,120.51000213623047,120.97000122070312,1636600,81.47850799560547
2015-01-08,120.6500015258789,120.66999816894531,120.37000274658203,120.58000183105469,2156900,81.21585845947266
2015-01-09,120.41999816894531,121.0199966430664,120.38999938964844,120.9000015258789,1530400,81.43138122558594
2015-01-12,120.94000244140625,121.19000244140625,120.87000274658203,121.12999725341797,1948000,81.58631134033203
2015-01-13,121.12999725341797,121.27999877929688,120.91000366210938,121.23999786376953,1468300,81.66035461425781
2015-01-14,121.70999908447266,121.81999969482422,121.3499984741211,121.44999694824219,2457000,81.80180358886719
2015-01-15,121.52999877929688,122.2699966430664,121.44999694824219,122.08000183105469,2171300,82.2261734008789
2015-01-16,121.70999908447266,121.91000366210938,121.2300033569336,121.4000015258789,1322500,81.76817321777344
2015-01-20,121.70999908447266,122.05999755859375,121.62999725341797,121.68000030517578,1648900,81.95672607421875
2015-01-21,122.08000183105469,122.11000061035156,121.31999969482422,121.62999725341797,1878000,81.92308044433594
2015-01-22,121.87999725341797,121.95999908447266,121.25,121.56999969482422,1938400,81.88264465332031
2015-01-23,122.08999633789062,122.41000366210938,122.04000091552734,122.27999877929688,1436300,82.36083984375
2015-01-26,122.3499984741211,122.47000122070312,122,122.25,2347900,82.34066009521484
2015-01-27,122.68000030517578,122.83000183105469,122.19999694824219,122.33999633789062,1268000,82.40129089355469
2015-01-28,122.38999938964844,123.33999633789062,122.37000274658203,123.16999816894531,1367900,82.960357666015625
2015-01-29,122.86000061035156,123.02999877929688,122.69000244140625,122.87999725341797,1674500,82.76497650146484
2015-01-30,123.55000305175781,123.9000015258789,123.43000030517578,123.88999938964844,3499000,83.44522857666016
2015-02-02,123.23999786376953,123.72000122070312,123.05000305175781,123.66999816894531,5684700,83.52295684814453
2015-02-03,123.05999755859375,123.19000244140625,122.5199966430664,122.66999816894531,2828500,82.84757232666016
2015-02-04,122.26000213623047,122.87000274658203,122.19000244140625,122.83999633789062,3209500,82.962371826171875
2015-02-05,122.58999633789062,122.69000244140625,122.36000061035156,122.44999694824219,1789300,82.698974609375
2015-02-06,121.95999908447266,122.08999633789062,121.13999938964844,121.16999816894531,2578400,81.83451080322266
2015-02-09,121.55999755859375,121.62000274658203,121.11000061035156,121.25,2426900,81.88855743408203
2015-02-10,121.2300033569336,121.30000305175781,120.88999938964844,120.91999816894531,2580300,81.665679931640625
2015-02-11,121.02999877929688,121.05000305175781,120.63999938964844,121,2239600,81.71971130371094
2015-02-12,121,121.44000244140625,120.9000015258789,121.30999755859375,4045600,81.929046630859375
2015-02-13,121.29000091552734,121.36000061035156,120.81999969482422,120.83000183105469,2068700,81.6048812866211
2015-02-17,120.66000366210938,120.77999877929688,120.05999755859375,120.2699966430664,2970300,81.226715087890625
2015-02-18,120.33999633789062,121,120.20999908447266,120.69999694824219,3221900,81.5170669555664
2015-02-19,120.63999938964844,121.08000183105469,120.54000091552734,120.68000030517578,2765500,81.50352478027344
2015-02-20,121.0199966430664,121.31999969482422,120.47000122070312,120.86000061035156,1621100,81.62516021728516
2015-02-23,121.1500015258789,121.27999877929688,121.05999755859375,121.2699966430664,2191400,81.90205383300781
2015-02-24,121.05999755859375,122.0999984741211,120.80000305175781,122.05999755859375,1891700,82.435546875
2015-02-25,121.91999816894531,122.19999694824219,121.73999786376953,122.16999816894531,2024500,82.50993347167969
2015-02-26,122,122.1500015258789,121.44000244140625,121.51000213623047,1192200,82.06415557861328
2015-02-27,121.54000091552734,121.86000061035156,121.30999755859375,121.80000305175781,2892800,82.26002502441406
2015-03-02,121.36000061035156,121.36000061035156,120.4000015258789,120.41999816894531,4540700,81.54693603515625
2015-03-03,120.5,120.7699966430664,120.33999633789062,120.3499984741211,4737600,81.499481201171875
2015-03-04,120.66000366210938,120.66999816894531,120.19999694824219,120.2699966430664,2703200,81.44536590576172
2015-03-05,120.5,120.58000183105469,120.12999725341797,120.43000030517578,1307600,81.5536880493164
2015-03-06,119.69999694824219,119.80999755859375,119.11000061035156,119.1500015258789,3372800,80.6868896484375
2015-03-09,119.58999633789062,119.68000030517578,119.37999725341797,119.62999725341797,6241000,81.01191711425781
2015-03-10,120.0199966430664,120.19000244140625,119.79000091552734,119.81999969482422,3356900,81.140625
2015-03-11,120.06999969482422,120.44000244140625,119.87999725341797,120.43000030517578,1712200,81.5536880493164
2015-03-12,120.62999725341797,120.72000122070312,120.08000183105469,120.30999755859375,2970700,81.472442626953125
2015-03-13,120,120.30000305175781,119.9000015258789,119.97000122070312,1845300,81.2421875
2015-03-16,120.41999816894531,120.41999816894531,119.91000366210938,120.08999633789062,1588300,81.323486328125
2015-03-17,120.0999984741211,120.37000274658203,119.87999725341797,120.29000091552734,2528800,81.45890808105469
2015-03-18,120.54000091552734,121.88999938964844,120.36000061035156,121.7699966430664,3382500,82.46113586425781
2015-03-19,121.4800033569336,121.61000061035156,121.05000305175781,121.1500015258789,2503000,82.0412826538086
2015-03-20,121.47000122070312,121.70999908447266,121.36000061035156,121.48999786376953,3669300,82.271484375
2015-03-23,121.56999969482422,121.83000183105469,121.55000305175781,121.7699966430664,2946600,82.46113586425781
2015-03-24,121.88999938964844,122,121.69999694824219,121.94999694824219,2782100,82.58307647705078
2015-03-25,122,122.30000305175781,121.44000244140625,121.55000305175781,3205900,82.31217193603516
2015-03-26,121.2699966430664,121.37999725341797,120.72000122070312,120.80000305175781,2681800,81.80423736572266
2015-03-27,121.18000030517578,121.54000091552734,121.02999877929688,121.27999877929688,1009700,82.12928009033203
2015-03-30,121.41999816894531,121.58999633789062,121.27999877929688,121.48999786376953,981100,82.271484375
2015-03-31,121.47000122070312,121.76000213623047,121.31999969482422,121.70999908447266,1688400,82.420501708984375
2015-04-01,121.69999694824219,122.16999816894531,121.61000061035156,121.7300033569336,7393500,82.65748596191406
2015-04-02,121.94000244140625,122.12000274658203,121.5,121.52999877929688,3013700,82.52166748046875
2015-04-06,122.01000213623047,122.16000366210938,121.4000015258789,121.69000244140625,3496000,82.63030242919922
2015-04-07,121.5999984741211,122.13999938964844,121.47000122070312,122.12999725341797,2613500,82.92909240722656
2015-04-08,122.12999725341797,122.12999725341797,121.69999694824219,122.08999633789062,3933500,82.90193939208984
2015-04-09,122.06999969482422,122.06999969482422,121.36000061035156,121.47000122070312,1780600,82.48094177246094
2015-04-10,121.80999755859375,121.9000015258789,121.55999755859375,121.63999938964844,1325000,82.59636688232422
2015-04-13,121.6500015258789,121.8499984741211,121.54000091552734,121.5999984741211,1710100,82.5692138671875
2015-04-14,122.05000305175781,122.30999755859375,121.8499984741211,121.87999725341797,2245000,82.75933074951172
2015-04-15,122.1500015258789,122.29000091552734,121.95999908447266,121.95999908447266,1560900,82.81366729736328
2015-04-16,122.13999938964844,122.13999938964844,121.56999969482422,121.88999938964844,1820500,82.7661361694336
2015-04-17,121.81999969482422,122.3499984741211,121.6500015258789,122.22000122070312,1625800,82.99021911621094
2015-04-20,122.19000244140625,122.3499984741211,121.83999633789062,121.93000030517578,1527200,82.79328918457031
2015-04-21,122.05000305175781,122.0999984741211,121.77999877929688,121.9000015258789,2441600,82.77288055419922
2015-04-22,121.93000030517578,121.94000244140625,121.08999633789062,121.11000061035156,2106000,82.23652648925781
2015-04-23,121.13999938964844,121.58999633789062,121.04000091552734,121.41999816894531,1962900,82.446990966796875
2015-04-24,121.61000061035156,121.83000183105469,121.51000213623047,121.6500015258789,1690200,82.6031265258789
2015-04-27,121.6500015258789,121.76000213623047,121.31999969482422,121.55999755859375,1564700,82.54204559326172
2015-04-28,121.22000122070312,121.37999725341797,120.76000213623047,120.83999633789062,1972700,82.05318450927734
2015-04-29,120.01000213623047,120.1500015258789,119.5999984741211,119.83999633789062,3087100,81.374114990234375
2015-04-30,119.66000366210938,120.01000213623047,119.16999816894531,119.94000244140625,5716000,81.441986083984375
2015-05-01,119.22000122070312,119.47000122070312,118.80000305175781,118.94999694824219,3462200,80.99259185791016
2015-05-04,119.01000213623047,119.16000366210938,118.55999755859375,118.56999969482422,2689600,80.73387145996094
2015-05-05,118.63999938964844,118.69000244140625,118.05000305175781,118.37000274658203,3307400,80.59769439697266
2015-05-06,118.30000305175781,118.30000305175781,117.68000030517578,117.86000061035156,2105900,80.250457763671875
2015-05-07,118.01000213623047,118.41000366210938,117.86000061035156,118.33000183105469,3641200,80.57048797607422
2015-05-08,119.08999633789062,119.2300033569336,118.83000183105469,119.01000213623047,5393700,81.03350830078125
2015-05-11,118.61000061035156,118.6500015258789,117.69000244140625,117.80999755859375,3882800,80.21637725830078
2015-05-12,117.44999694824219,117.9800033569336,117.19999694824219,117.63999938964844,3737200,80.10066223144531
2015-05-13,118.20999908447266,118.27999877929688,117.48999786376953,117.52999877929688,3263600,80.02580261230469
2015-05-14,117.75,118.13999938964844,117.61000061035156,117.93000030517578,3094300,80.29810333251953
2015-05-15,118.20999908447266,118.81999969482422,118.0999984741211,118.75,1856500,80.85646057128906
2015-05-18,118.30999755859375,118.4800033569336,117.75,117.83999633789062,2820500,80.23680877685547
2015-05-19,117.30000305175781,117.80000305175781,117.19999694824219,117.20999908447266,3562500,79.80785369873047
2015-05-20,117.37999725341797,117.68000030517578,117.11000061035156,117.3499984741211,2626800,79.90320587158203
2015-05-21,117.55000305175781,117.94999694824219,117.41999816894531,117.91000366210938,1606900,80.28450775146484
2015-05-22,117.81999969482422,117.8499984741211,117.51000213623047,117.83000183105469,2858500,80.23003387451172
2015-05-26,117.86000061035156,118.41000366210938,117.80999755859375,118.3499984741211,2232300,80.58409118652344
2015-05-27,118.36000061035156,118.55000305175781,118.08999633789062,118.47000122070312,2282700,80.66578674316406
2015-05-28,118.43000030517578,118.48999786376953,118.19000244140625,118.22000122070312,2901000,80.49559020996094
2015-05-29,118.5,118.56999969482422,118.12999725341797,118.2699966430664,2845800,80.52960205078125
2015-06-01,117.86000061035156,117.98999786376953,117.22000122070312,117.27999877929688,5315800,80.07826232910156
2015-06-02,116.87000274658203,116.98999786376953,116.58999633789062,116.68000030517578,7084900,79.6686019897461
2015-06-03,116.44000244140625,116.44000244140625,115.70999908447266,115.93000030517578,3307900,79.156524658203125
2015-06-04,116.12000274658203,116.66999816894531,116.12000274658203,116.52999877929688,2849100,79.56620025634766
2015-06-05,115.91000366210938,116.20999908447266,115.5,115.94000244140625,5548400,79.16334533691406
2015-06-08,116.08000183105469,116.19999694824219,115.86000061035156,115.86000061035156,2131100,79.10870361328125
2015-06-09,115.66999816894531,115.66999816894531,115.23999786376953,115.33999633789062,6152300,78.75367736816406
2015-06-10,115.18000030517578,115.27999877929688,114.93000030517578,115.02999877929688,1959600,78.54193878173828
2015-06-11,115.54000091552734,116.06999969482422,115.29000091552734,116.05000305175781,2562600,79.23844146728516
2015-06-12,115.76000213623047,116.33000183105469,115.7300033569336,115.8499984741211,2437900,79.10191345214844
2015-06-15,116.19999694824219,116.25,115.68000030517578,115.83000183105469,1827600,79.08824157714844
2015-06-16,115.95999908447266,116.12000274658203,115.66000366210938,116.12000274658203,2274100,79.28624725341797
2015-06-17,116.04000091552734,116.19999694824219,115.47000122070312,116.11000061035156,3824200,79.2794418334961
2015-06-18,115.8499984741211,116,115.52999877929688,115.9000015258789,1853100,79.13602447509766
2015-06-19,116.2300033569336,116.62000274658203,116.05999755859375,116.5199966430664,5114500,79.5593490600586
2015-06-22,116.08999633789062,116.25,115.54000091552734,115.5999984741211,2547700,78.93120574951172
2015-06-23,115.08999633789062,115.63999938964844,115.08999633789062,115.33999633789062,1238700,78.75367736816406
2015-06-24,115.44000244140625,115.72000122070312,115.30000305175781,115.66000366210938,2540000,78.97215270996094
2015-06-25,115.4800033569336,115.63999938964844,115.26000213623047,115.47000122070312,2567500,78.8424072265625
2015-06-26,115.0199966430664,115.12999725341797,114.7300033569336,114.94000244140625,2285000,78.48052215576172
2015-06-29,115.22000122070312,116.08999633789062,115.1500015258789,115.94000244140625,5945700,79.16334533691406
2015-06-30,115.66999816894531,116.18000030517578,115.5999984741211,115.72000122070312,2668600,79.01312255859375
2015-07-01,115.02999877929688,115.29000091552734,115.0199966430664,115.0199966430664,4088700,78.75977325439453
2015-07-02,115.30000305175781,115.66000366210938,115.27999877929688,115.45999908447266,1971000,79.061065673828125
2015-07-06,115.87999725341797,116.06999969482422,115.58999633789062,115.91999816894531,4845100,79.37602996826172
2015-07-07,116.6500015258789,116.86000061035156,116.26000213623047,116.4000015258789,3627500,79.70475769042969
2015-07-08,116.51000213623047,116.70999908447266,116.2300033569336,116.55999755859375,3490600,79.81427764892578
2015-07-09,116.16000366210938,116.19999694824219,115.72000122070312,115.79000091552734,1427800,79.28703308105469
2015-07-10,115.1500015258789,115.36000061035156,114.80999755859375,115.05000305175781,2740000,78.780303955078125
2015-07-13,114.58000183105469,115.08000183105469,114.58000183105469,114.80000305175781,3146100,78.60913848876953
2015-07-14,114.87000274658203,115,114.66000366210938,114.9000015258789,4364200,78.6776123046875
2015-07-15,114.86000061035156,115.37000274658203,114.7699966430664,115.19999694824219,1923800,78.88307189941406
2015-07-16,115.02999877929688,115.45999908447266,114.91999816894531,115.37999725341797,2036600,79.00627136230469
2015-07-17,115.38999938964844,115.62000274658203,115.38999938964844,115.45999908447266,2268200,79.061065673828125
2015-07-20,115.25,115.44999694824219,115.1500015258789,115.19000244140625,2805800,78.876190185546875
2015-07-21,115.01000213623047,115.4800033569336,115,115.43000030517578,2490900,79.04051971435547
2015-07-22,115.41000366210938,115.75,115.33999633789062,115.58000183105469,1292900,79.14322662353516
2015-07-23,115.52999877929688,116.0199966430664,115.4000015258789,115.91999816894531,2007600,79.37602996826172
2015-07-24,116.11000061035156,116.11000061035156,115.66999816894531,115.87000274658203,2704700,79.34178924560547
2015-07-27,115.93000030517578,116.18000030517578,115.80999755859375,115.87999725341797,4836700,79.348663330078125
2015-07-28,115.62999725341797,115.81999969482422,115.5,115.79000091552734,2755100,79.28703308105469
2015-07-29,115.7300033569336,115.80999755859375,115.5199966430664,115.69000244140625,1569200,79.218536376953125
2015-07-30,115.7699966430664,115.91999816894531,115.5999984741211,115.75,2157600,79.25965881347656
2015-07-31,116.11000061035156,116.41000366210938,116.0999984741211,116.3499984741211,3626900,79.67045593261719
2015-08-03,115.86000061035156,116.37999725341797,115.83000183105469,116.29000091552734,2942800,79.85591888427734
2015-08-04,115.98999786376953,116.05000305175781,115.63999938964844,115.69999694824219,3823200,79.45074462890625
2015-08-05,115.51000213623047,115.51000213623047,115.08999633789062,115.25,2991600,79.1417465209961
2015-08-06,115.37999725341797,115.58999633789062,115.33000183105469,115.47000122070312,1750800,79.29283142089844
2015-08-07,115.63999938964844,115.94000244140625,115.55000305175781,115.87000274658203,2907200,79.5674819946289
2015-08-10,115.58000183105469,115.68000030517578,115.3499984741211,115.41000366210938,1317600,79.25157165527344
2015-08-11,115.88999938964844,116.20999908447266,115.81999969482422,115.88999938964844,5011600,79.58122253417969
2015-08-12,115.88999938964844,116.26000213623047,115.6500015258789,115.70999908447266,5062200,79.45759582519531
2015-08-13,115.41000366210938,115.66000366210938,115.22000122070312,115.30999755859375,1647500,79.18294525146484
2015-08-14,115.27999877929688,115.52999877929688,115.16999816894531,115.41999816894531,1693600,79.25849914550781
2015-08-17,115.80000305175781,116.0999984741211,115.58999633789062,115.79000091552734,3313900,79.512542724609375
2015-08-18,115.5199966430664,115.63999938964844,115.27999877929688,115.3499984741211,2200900,79.21040344238281
2015-08-19,115.0999984741211,115.98999786376953,115,115.91000366210938,2600100,79.594970703125
2015-08-20,115.94999694824219,116.11000061035156,115.80999755859375,115.9800033569336,1760100,79.643035888671875
2015-08-21,116.01000213623047,116.29000091552734,115.81999969482422,116.01000213623047,2971100,79.66361999511719
2015-08-24,116.5,116.58999633789062,115.62999725341797,115.69000244140625,3966000,79.44390106201172
2015-08-25,115.3499984741211,115.55999755859375,114.87000274658203,115.0999984741211,2625300,79.03873443603516
2015-08-26,114.87999725341797,115.2300033569336,114.68000030517578,115.02999877929688,3299400,78.9906234741211
2015-08-27,114.80999755859375,115.38999938964844,114.69999694824219,115.13999938964844,2957800,79.06620788574219
2015-08-28,115.70999908447266,115.76000213623047,115.2699966430664,115.3499984741211,1901200,79.21040344238281
2015-08-31,115.79000091552734,115.81999969482422,115.05999755859375,115.05999755859375,1250200,79.01128387451172
2015-09-01,115.05999755859375,115.48999786376953,114.83999633789062,115.41999816894531,3856800,79.48990631103516
2015-09-02,114.97000122070312,115.45999908447266,114.97000122070312,115.25,1824500,79.37281036376953
2015-09-03,115.56999969482422,115.94000244140625,115.41999816894531,115.80000305175781,11303000,79.75160217285156
2015-09-04,115.97000122070312,116.19999694824219,115.77999877929688,116.05999755859375,1648600,79.93065643310547
2015-09-08,115.76000213623047,115.81999969482422,115.5,115.5199966430664,1892300,79.55876922607422
2015-09-09,115.2300033569336,115.83999633789062,115.19999694824219,115.7699966430664,2079100,79.73094177246094
2015-09-10,115.56999969482422,115.6500015258789,115.36000061035156,115.54000091552734,2566500,79.57255554199219
2015-09-11,115.58000183105469,115.88999938964844,115.56999969482422,115.62000274658203,2333300,79.62763214111328
2015-09-14,115.77999877929688,115.81999969482422,115.4800033569336,115.61000061035156,1732500,79.620758056640625
2015-09-15,115.33999633789062,115.4800033569336,114.63999938964844,114.73999786376953,3090400,79.02162170410156
2015-09-16,114.80999755859375,115.05000305175781,114.76000213623047,114.94999694824219,2918300,79.16625213623047
2015-09-17,114.93000030517578,115.94000244140625,114.88999938964844,115.9000015258789,4106700,79.8204574584961
2015-09-18,116.08000183105469,116.37999725341797,116,116.25,4692400,80.0615234375
2015-09-21,115.94000244140625,116.0999984741211,115.61000061035156,115.66000366210938,3209900,79.65519714355469
2015-09-22,116.05000305175781,116.3499984741211,115.94000244140625,116.16000366210938,4001000,79.99951934814453
2015-09-23,116.12000274658203,116.22000122070312,115.93000030517578,116.08999633789062,2435200,79.95133209228516
2015-09-24,116.45999908447266,116.5199966430664,116.08000183105469,116.11000061035156,2378100,79.96514129638672
2015-09-25,115.73999786376953,115.94999694824219,115.6500015258789,115.76000213623047,2858800,79.72408294677734
2015-09-28,115.83999633789062,116.16000366210938,115.69999694824219,115.95999908447266,3099400,79.86183166503906
2015-09-29,115.91000366210938,116.1500015258789,115.81999969482422,116.11000061035156,2267100,79.96514129638672
2015-09-30,115.87999725341797,116.12999725341797,115.83000183105469,116.08999633789062,4404200,79.95133209228516
2015-10-01,115.73999786376953,115.91999816894531,115.56999969482422,115.7300033569336,6459600,79.93336486816406
2015-10-02,116.3499984741211,116.48999786376953,116.0199966430664,116.23999786376953,3480100,80.28562927246094
2015-10-05,115.91999816894531,116.06999969482422,115.80000305175781,115.93000030517578,7567200,80.07148742675781
2015-10-06,115.93000030517578,116.22000122070312,115.6500015258789,116.16000366210938,3241200,80.23035430908203
2015-10-07,116.23999786376953,116.5999984741211,115.91999816894531,116.56999969482422,5884900,80.5135269165039
2015-10-08,116.56999969482422,116.56999969482422,115.9800033569336,116.11000061035156,2175000,80.19586944580078
2015-10-09,116.08999633789062,116.27999877929688,115.98999786376953,116.16000366210938,3798800,80.23035430908203
2015-10-12,116.31999969482422,116.69999694824219,116.31999969482422,116.62999725341797,860400,80.55497741699219
2015-10-13,116.61000061035156,116.63999938964844,116.23999786376953,116.54000091552734,2147200,80.49284362792969
2015-10-14,116.83999633789062,117.01000213623047,116.56999969482422,117,1976500,80.81058502197266
2015-10-15,116.8499984741211,116.94999694824219,116.61000061035156,116.94999694824219,4233500,80.77600860595703
2015-10-16,116.91999816894531,117.02999877929688,116.83000183105469,116.98999786376953,3055300,80.80362701416016
2015-10-19,116.94000244140625,116.98999786376953,116.63999938964844,116.9800033569336,2510700,80.79674530029297
2015-10-20,116.63999938964844,116.8499984741211,116.55000305175781,116.76000213623047,4190100,80.644775390625
2015-10-21,117.05000305175781,117.37000274658203,117.05000305175781,117.33999633789062,2497700,81.04541015625
2015-10-22,117.30999755859375,117.77999877929688,117.22000122070312,117.58999633789062,2396900,81.21803283691406
2015-10-23,117.3499984741211,117.41000366210938,117.16000366210938,117.16000366210938,3682800,80.92109680175781
2015-10-26,117.37000274658203,117.43000030517578,117.12999725341797,117.37000274658203,3771900,81.06610107421875
2015-10-27,117.66000366210938,117.69000244140625,117.37000274658203,117.4000015258789,2809600,81.08683013916016
2015-10-28,117.29000091552734,117.36000061035156,116.81999969482422,116.94000244140625,4693300,80.76909637451172
2015-10-29,116.61000061035156,116.62999725341797,116,116.12000274658203,2942100,80.2027359008789
2015-10-30,116.19000244140625,116.44000244140625,116.08000183105469,116.41999816894531,2664100,80.4099349975586
2015-11-02,115.80000305175781,115.87999725341797,115.55999755859375,115.58999633789062,6241700,80.06429290771484
2015-11-03,115.5999984741211,115.70999908447266,115.43000030517578,115.5999984741211,2672700,80.07120513916016
2015-11-04,115.62999725341797,115.79000091552734,115.44999694824219,115.47000122070312,4176400,79.98120880126953
2015-11-05,115.55999755859375,115.72000122070312,115.2300033569336,115.5,3743100,80.00196075439453
2015-11-06,114.83000183105469,114.87999725341797,114.63999938964844,114.75,4306200,79.48246002197266
2015-11-09,114.54000091552734,114.80999755859375,114.43000030517578,114.55999755859375,3253200,79.35089111328125
2015-11-10,114.69999694824219,115.05999755859375,114.56999969482422,114.8499984741211,2228800,79.551727294921875
2015-11-11,114.80000305175781,114.9000015258789,114.7300033569336,114.83999633789062,910900,79.54483795166016
2015-11-12,114.75,115.19999694824219,114.73999786376953,114.80000305175781,3102000,79.51713562011719
2015-11-13,115.08999633789062,115.19000244140625,114.9800033569336,115.13999938964844,2618900,79.75263214111328
2015-11-16,115.20999908447266,115.30000305175781,115.0199966430664,115.16000366210938,2558400,79.7664566040039
2015-11-17,114.94999694824219,115.5,114.86000061035156,115.27999877929688,3857700,79.84960174560547
2015-11-18,115.19999694824219,115.41000366210938,115.06999969482422,115.30999755859375,1713300,79.87036895751953
2015-11-19,115.47000122070312,115.7699966430664,115.44000244140625,115.6500015258789,2890500,80.10587310791016
2015-11-20,115.62999725341797,115.76000213623047,115.4800033569336,115.62999725341797,2344900,80.0920181274414
2015-11-23,115.54000091552734,115.75,115.47000122070312,115.66999816894531,1948100,80.119720458984375
2015-11-24,115.63999938964844,115.81999969482422,115.58000183105469,115.70999908447266,1659500,80.14739990234375
2015-11-25,115.75,115.91000366210938,115.68000030517578,115.81999969482422,609600,80.22358703613281
2015-11-27,115.91000366210938,116,115.86000061035156,115.86000061035156,409200,80.25133514404297
2015-11-30,115.8499984741211,115.94999694824219,115.80000305175781,115.91000366210938,4925000,80.2859878540039
2015-12-01,115.63999938964844,116.47000122070312,115.55999755859375,116.44999694824219,5961700,80.88960266113281
2015-12-02,116.20999908447266,116.33000183105469,116.05000305175781,116.16999816894531,6138300,80.69510650634766
2015-12-03,115.58000183105469,115.69000244140625,114.55999755859375,114.62999725341797,4515400,79.62535858154297
2015-12-04,114.79000091552734,115.27999877929688,114.79000091552734,115.25,3120500,80.05607604980469
2015-12-07,115.22000122070312,115.83000183105469,115.19000244140625,115.44999694824219,3094600,80.19493865966797
2015-12-08,115.5999984741211,115.61000061035156,115.22000122070312,115.30000305175781,3754100,80.09076690673828
2015-12-09,115.16999816894531,115.41999816894531,114.93000030517578,115.2699966430664,3394600,80.06989288330078
2015-12-10,115.29000091552734,115.47000122070312,115,115,4722600,79.88243103027344
2015-12-11,115.27999877929688,115.41000366210938,114.80999755859375,115.19999694824219,7949600,80.02134704589844
2015-12-14,114.8499984741211,115,114.18000030517578,114.3499984741211,6442800,79.43089294433594
2015-12-15,114.06999969482422,114.62999725341797,113.94000244140625,114.36000061035156,3822600,79.43782806396484
2015-12-16,114.30999755859375,114.62999725341797,113.69999694824219,114.33999633789062,2540900,79.42394256591797
2015-12-17,114.66000366210938,114.73999786376953,114.33999633789062,114.47000122070312,2327500,79.51422119140625
2015-12-18,114.5199966430664,114.76000213623047,114.43000030517578,114.47000122070312,2566200,79.51422119140625
2015-12-21,114.76000213623047,114.9000015258789,114.45999908447266,114.55000305175781,3026000,79.56977844238281
2015-12-22,114.43000030517578,114.58999633789062,114.29000091552734,114.4000015258789,2204900,79.46561431884766
2015-12-23,114.27999877929688,114.5199966430664,114.20999908447266,114.5,1923200,79.53508758544922
2015-12-24,114.33999633789062,114.55000305175781,114.19999694824219,114.55000305175781,920100,79.79418182373047
2015-12-28,114.36000061035156,114.55999755859375,114.20999908447266,114.41000366210938,2422500,79.69669342041016
2015-12-29,114.27999877929688,114.37999725341797,113.80999755859375,113.81999969482422,2965700,79.28564453125
2015-12-30,113.7699966430664,114.05000305175781,113.7300033569336,113.81999969482422,1890600,79.28564453125
2015-12-31,114.16999816894531,114.2699966430664,114,114.01000213623047,1228200,79.41801452636719
2016-01-04,114.1500015258789,114.41000366210938,113.88999938964844,113.94999694824219,8333700,79.37626647949219
2016-01-05,114.08999633789062,114.2300033569336,113.91000366210938,114.01000213623047,4474300,79.41801452636719
2016-01-06,114.4800033569336,114.52999877929688,114.30000305175781,114.45999908447266,4522400,79.731475830078125
2016-01-07,114.56999969482422,114.68000030517578,114.25,114.55000305175781,4820000,79.79418182373047
2016-01-08,114.5199966430664,114.91999816894531,114.44000244140625,114.63999938964844,4363500,79.85688781738281
2016-01-11,114.48999786376953,114.61000061035156,114.2300033569336,114.2699966430664,4161500,79.59917449951172
2016-01-12,114.30000305175781,114.91000366210938,114.30000305175781,114.52999877929688,2616600,79.78023529052734
2016-01-13,114.72000122070312,115,114.54000091552734,114.87999725341797,5649800,80.0240707397461
2016-01-14,114.9000015258789,114.91999816894531,114.26000213623047,114.30999755859375,4735300,79.627044677734375
2016-01-15,114.33999633789062,114.48999786376953,113.9800033569336,114.13999938964844,5977900,79.50859832763672
2016-01-19,114.04000091552734,114.12000274658203,113.61000061035156,113.62999725341797,3374300,79.15335845947266
2016-01-20,113.83999633789062,113.94000244140625,113.51000213623047,113.80000305175781,6175300,79.27176666259766
2016-01-21,113.80999755859375,113.98999786376953,113.36000061035156,113.47000122070312,3928300,79.04187774658203
2016-01-22,113.43000030517578,113.76000213623047,113.3499984741211,113.54000091552734,2932000,79.09065246582031
2016-01-25,113.19000244140625,113.70999908447266,113.19000244140625,113.41999816894531,2485200,79.00704193115234
2016-01-26,113.51000213623047,113.77999877929688,113.44000244140625,113.73999786376953,4002200,79.22996520996094
2016-01-27,113.52999877929688,113.70999908447266,113.20999908447266,113.43000030517578,2535900,79.01402282714844
2016-01-28,113.2699966430664,113.75,113.2699966430664,113.55999755859375,4187100,79.10456848144531
2016-01-29,114.22000122070312,114.22000122070312,113.9000015258789,114.1500015258789,2022700,79.51557159423828
2016-02-01,113.48999786376953,113.58999633789062,113.11000061035156,113.44999694824219,8696800,79.26195526123047
2016-02-02,113.63999938964844,113.73999786376953,113.37000274658203,113.66000366210938,5881200,79.40865325927734
2016-02-03,113.5199966430664,113.94000244140625,113.23999786376953,113.37999725341797,3732100,79.21305084228516
2016-02-04,113.48999786376953,113.68000030517578,113.33000183105469,113.43000030517578,3367500,79.24800109863281
2016-02-05,113.27999877929688,113.5,113.12000274658203,113.41000366210938,4334400,79.23401641845703
2016-02-08,113.6500015258789,114.08000183105469,113.5,114,3265200,79.646240234375
2016-02-09,113.66000366210938,114.08000183105469,113.58999633789062,113.61000061035156,3346900,79.37371826171875
2016-02-10,113.73999786376953,113.93000030517578,113.62000274658203,113.75,3738300,79.47156524658203
2016-02-11,114,114.48999786376953,113.9000015258789,114.12999725341797,5333600,79.7370376586914
2016-02-12,113.66999816894531,113.83000183105469,113.16999816894531,113.48999786376953,4180600,79.2898941040039
2016-02-16,113.52999877929688,113.52999877929688,112.87999725341797,112.94999694824219,4972200,78.91265106201172
2016-02-17,112.9000015258789,113.13999938964844,112.66999816894531,112.91999816894531,5008100,78.89164733886719
2016-02-18,113.19000244140625,113.87999725341797,113.08000183105469,113.83999633789062,3810700,79.53438568115234
2016-02-19,113.80000305175781,113.97000122070312,113.56999969482422,113.76000213623047,3587300,79.47853088378906
2016-02-22,113.87000274658203,114.04000091552734,113.77999877929688,113.98999786376953,4556800,79.6392593383789
2016-02-23,113.75,114.30000305175781,113.55000305175781,114.22000122070312,2832100,79.79993438720703
2016-02-24,114.5,114.81999969482422,114.2699966430664,114.33000183105469,3402200,79.87677764892578
2016-02-25,114.58000183105469,115.11000061035156,114.58000183105469,114.97000122070312,4531800,80.323944091796875
2016-02-26,114.91000366210938,114.95999908447266,114.56999969482422,114.93000030517578,5422500,80.29596710205078
2016-02-29,114.8499984741211,115.06999969482422,114.77999877929688,115.01000213623047,5231900,80.35185241699219
2016-03-01,115.11000061035156,115.11000061035156,113.91999816894531,114.05000305175781,8301800,79.91392517089844
2016-03-02,113.94999694824219,114.30000305175781,113.81999969482422,114.27999877929688,3519600,80.07506561279297
2016-03-03,114.29000091552734,114.9000015258789,114.27999877929688,114.81999969482422,3614600,80.45347595214844
2016-03-04,114.73999786376953,114.81999969482422,114.44999694824219,114.80000305175781,2040600,80.43944549560547
2016-03-07,114.48999786376953,114.95999908447266,114.48999786376953,114.93000030517578,3616900,80.53050231933594
2016-03-08,115.7699966430664,115.86000061035156,115.44999694824219,115.54000091552734,3279800,80.95793914794922
2016-03-09,115.19999694824219,115.54000091552734,115.18000030517578,115.41000366210938,3205800,80.86688232421875
2016-03-10,115.91000366210938,116.08999633789062,115.4000015258789,115.88999938964844,4459000,81.20320129394531
2016-03-11,116.30000305175781,116.37999725341797,115.97000122070312,116.22000122070312,4603500,81.43441009521484
2016-03-14,116.43000030517578,116.5999984741211,116.20999908447266,116.55999755859375,2997400,81.67265319824219
2016-03-15,116.83000183105469,116.83000183105469,116.38999938964844,116.5199966430664,6599400,81.64463806152344
2016-03-16,116.3499984741211,117.12000274658203,116.26000213623047,117.08000183105469,3975400,82.03707122802734
2016-03-17,117.08000183105469,117.69000244140625,117.08000183105469,117.44000244140625,3341900,82.28926849365234
2016-03-18,117.86000061035156,117.91000366210938,117.5,117.70999908447266,3315200,82.47845458984375
2016-03-21,117.51000213623047,117.83999633789062,117.41999816894531,117.56999969482422,2948600,82.38031768798828
2016-03-22,117.80000305175781,117.80000305175781,117.27999877929688,117.3499984741211,3762900,82.22618865966797
2016-03-23,117.58999633789062,117.94000244140625,117.30999755859375,117.94000244140625,5338700,82.63958740234375
2016-03-24,118.26000213623047,118.26000213623047,117.80000305175781,117.88999938964844,2601500,82.6045913696289
2016-03-28,117.94000244140625,118.19000244140625,117.86000061035156,117.95999908447266,3274500,82.65362548828125
2016-03-29,118.27999877929688,118.5999984741211,118.11000061035156,118.48999786376953,3758500,83.02501678466797
2016-03-30,118.48999786376953,118.48999786376953,118.19000244140625,118.3499984741211,3877600,82.92688751220703
2016-03-31,118.37999725341797,118.86000061035156,118.29000091552734,118.81999969482422,7853500,83.2562255859375
2016-04-01,118.6500015258789,118.95999908447266,118.19000244140625,118.87000274658203,6809800,83.52467346191406
2016-04-04,118.9000015258789,118.91999816894531,118.66000366210938,118.87999725341797,4138700,83.53166198730469
2016-04-05,118.69000244140625,119.2699966430664,118.55999755859375,119.26000213623047,6944700,83.79869079589844
2016-04-06,119.06999969482422,119.18000030517578,118.91000366210938,119.16000366210938,4793600,83.72840118408203
2016-04-07,119.44000244140625,119.54000091552734,119.25,119.4800033569336,3591900,83.9532699584961
2016-04-08,119.37999725341797,119.38999938964844,119.13999938964844,119.20999908447266,2060900,83.76351165771484
2016-04-11,119.08999633789062,119.33999633789062,118.9800033569336,119.19999694824219,1998600,83.75652313232422
2016-04-12,118.87999725341797,119.04000091552734,118.61000061035156,118.7300033569336,3553400,83.42625427246094
2016-04-13,118.7699966430664,119.16000366210938,118.69999694824219,119.13999938964844,2502200,83.71436309814453
2016-04-14,119.18000030517578,119.2300033569336,118.91000366210938,119.05999755859375,1864000,83.65809631347656
2016-04-15,119.30000305175781,119.62000274658203,119.13999938964844,119.55999755859375,3789500,84.00947570800781
2016-04-18,119.33999633789062,119.69000244140625,119.33999633789062,119.69000244140625,2827400,84.100830078125
2016-04-19,119.7300033569336,119.91999816894531,119.56999969482422,119.91000366210938,2577100,84.2553939819336
2016-04-20,120.05999755859375,120.38999938964844,119.55000305175781,119.58000183105469,3040900,84.02354431152344
2016-04-21,119.66000366210938,119.69000244140625,119.33000183105469,119.52999877929688,3579500,83.9883804321289
2016-04-22,119.91000366210938,119.91000366210938,119.55000305175781,119.66000366210938,1651800,84.07975006103516
2016-04-25,119.68000030517578,119.69000244140625,119.30000305175781,119.37999725341797,2923600,83.88299560546875
2016-04-26,119.5,119.5,119.12000274658203,119.33000183105469,3286600,83.84784698486328
2016-04-27,119.58999633789062,120.08999633789062,119.41999816894531,120.08999633789062,3091100,84.3818588256836
2016-04-28,119.9000015258789,120.2699966430664,119.81999969482422,120.19999694824219,3503200,84.45917510986328
2016-04-29,120.08000183105469,120.41999816894531,119.8499984741211,120.33000183105469,2924600,84.550506591796875
2016-05-02,119.94999694824219,120.05000305175781,119.7699966430664,119.8499984741211,6771200,84.44129180908203
2016-05-03,120.04000091552734,120.23999786376953,119.9000015258789,120.05999755859375,3732700,84.589263916015625
2016-05-04,120,120.01000213623047,119.72000122070312,119.86000061035156,4228200,84.448333740234375
2016-05-05,119.95999908447266,120.12999725341797,119.62000274658203,120.0999984741211,4466000,84.61743927001953
2016-05-06,120.05000305175781,120.05000305175781,119.69000244140625,119.83999633789062,3045000,84.43426513671875
2016-05-09,119.94999694824219,119.94999694824219,119.61000061035156,119.72000122070312,6202800,84.34971618652344
2016-05-10,119.80999755859375,119.97000122070312,119.66999816894531,119.91999816894531,5469900,84.49066925048828
2016-05-11,119.83999633789062,120.23999786376953,119.75,120.05000305175781,3416600,84.58223724365234
2016-05-12,120.0999984741211,120.0999984741211,119.66999816894531,119.80000305175781,2681900,84.406097412109375
2016-05-13,119.91000366210938,120.05999755859375,119.77999877929688,120.0199966430664,4328100,84.5610580444336
2016-05-16,120.0199966430664,120.0199966430664,119.5999984741211,119.62000274658203,2968400,84.279266357421875
2016-05-17,119.61000061035156,119.80000305175781,119.51000213623047,119.58000183105469,3386000,84.25110626220703
2016-05-18,119.44999694824219,119.44999694824219,118.44000244140625,118.55999755859375,7022100,83.532440185546875
2016-05-19,118.62000274658203,118.91999816894531,118.62000274658203,118.83999633789062,5759900,83.729705810546875
2016-05-20,118.93000030517578,118.98999786376953,118.69000244140625,118.91999816894531,2977700,83.78608703613281
2016-05-23,118.91999816894531,118.9800033569336,118.70999908447266,118.91999816894531,2842000,83.78608703613281
2016-05-24,118.98999786376953,118.98999786376953,118.55999755859375,118.72000122070312,3498100,83.645111083984375
2016-05-25,118.7300033569336,118.95999908447266,118.69999694824219,118.93000030517578,4793800,83.79315185546875
2016-05-26,118.95999908447266,119.44999694824219,118.95999908447266,119.2699966430664,4858600,84.0326919555664
2016-05-27,119.27999877929688,119.41000366210938,119.02999877929688,119.18000030517578,2762800,83.96930694580078
2016-05-31,119,119.5,118.91000366210938,119.38999938964844,3170400,84.11720275878906
2016-06-01,119.27999877929688,119.41999816894531,119.04000091552734,119.13999938964844,5528700,84.17657470703125
2016-06-02,119.27999877929688,119.5999984741211,119.2300033569336,119.37999725341797,2709400,84.34613800048828
2016-06-03,120.05000305175781,120.33999633789062,119.93000030517578,120.33999633789062,2998800,85.0244140625
2016-06-06,120.30999755859375,120.30999755859375,120.0199966430664,120.05000305175781,6401500,84.81951141357422
2016-06-07,120.31999969482422,120.44999694824219,120.18000030517578,120.2300033569336,3663400,84.94673156738281
2016-06-08,120.37999725341797,120.63999938964844,120.33000183105469,120.62999725341797,2478800,85.22928619384766
2016-06-09,120.91000366210938,120.97000122070312,120.7300033569336,120.80000305175781,2885400,85.34942626953125
2016-06-10,120.9000015258789,121.1500015258789,120.87999725341797,120.94000244140625,4209200,85.44835662841797
2016-06-13,121.1500015258789,121.1500015258789,120.68000030517578,120.76000213623047,3979900,85.32115936279297
2016-06-14,120.91999816894531,121.0199966430664,120.44999694824219,120.48999786376953,6301100,85.13038635253906
2016-06-15,120.9000015258789,121.08999633789062,120.6500015258789,120.94000244140625,5589500,85.44835662841797
2016-06-16,120.91999816894531,121.26000213623047,120.86000061035156,121.12000274658203,4550700,85.575531005859375
2016-06-17,121.08000183105469,121.08000183105469,120.69000244140625,120.76000213623047,2673200,85.32115936279297
2016-06-20,120.68000030517578,120.69999694824219,120.4800033569336,120.61000061035156,4549700,85.2151870727539
2016-06-21,120.70999908447266,120.7699966430664,120.41000366210938,120.5,4396400,85.13739013671875
2016-06-22,120.52999877929688,120.7300033569336,120.5,120.72000122070312,4090400,85.29285430908203
2016-06-23,120.6500015258789,120.69999694824219,120.5,120.5999984741211,3942700,85.20809173583984
2016-06-24,120.87999725341797,121.5,120.87999725341797,121.16999816894531,5294900,85.61080169677734
2016-06-27,121.58999633789062,121.98999786376953,121.58999633789062,121.68000030517578,7323900,85.971160888671875
2016-06-28,121.83000183105469,122.38999938964844,121.81999969482422,122.3499984741211,5555700,86.44454193115234
2016-06-29,122.5199966430664,122.69000244140625,122.22000122070312,122.30999755859375,5325800,86.416259765625
2016-06-30,122.44000244140625,122.83999633789062,122.30000305175781,122.73999786376953,5398300,86.720062255859375
2016-07-01,122.98999786376953,123.16999816894531,122.76000213623047,123.05000305175781,4396300,87.17415618896484
2016-07-05,123.45999908447266,123.58000183105469,123.19999694824219,123.47000122070312,4415000,87.471771240234375
2016-07-06,123.63999938964844,123.75,123.4000015258789,123.69000244140625,6770300,87.627593994140625
2016-07-07,123.62999725341797,123.86000061035156,123.45999908447266,123.70999908447266,2597100,87.64178466796875
2016-07-08,124.05000305175781,124.41999816894531,123.86000061035156,124.4000015258789,3835300,88.130615234375
2016-07-11,124.27999877929688,124.4800033569336,124.05999755859375,124.08000183105469,3000200,87.90392303466797
2016-07-12,123.83000183105469,123.83999633789062,123.37000274658203,123.37999725341797,4363000,87.40802764892578
2016-07-13,123.88999938964844,124.05999755859375,123.7300033569336,123.86000061035156,3738500,87.74800872802734
2016-07-14,123.2300033569336,123.68000030517578,123.20999908447266,123.55999755859375,7254900,87.535491943359375
2016-07-15,123.2699966430664,123.5,123,123.08999633789062,4442600,87.20255279541016
2016-07-18,123.41000366210938,123.44999694824219,122.83000183105469,123.08999633789062,4737300,87.20255279541016
2016-07-19,123.41000366210938,123.41000366210938,123.0199966430664,123.30999755859375,7196300,87.3583755493164
2016-07-20,123.19000244140625,123.30999755859375,122.94000244140625,123.2699966430664,3676800,87.33006286621094
2016-07-21,122.87999725341797,123.44999694824219,122.80000305175781,123.41000366210938,3570100,87.42926788330078
2016-07-22,123.16999816894531,123.61000061035156,123.0999984741211,123.33999633789062,3748200,87.3796615600586
2016-07-25,123.5199966430664,123.5199966430664,123.19999694824219,123.2699966430664,3295600,87.33006286621094
2016-07-26,123.55999755859375,123.55999755859375,122.97000122070312,123.1500015258789,4929300,87.24507904052734
2016-07-27,123.38999938964844,123.73999786376953,123.19999694824219,123.66000366210938,5976800,87.60636901855469
2016-07-28,123.38999938964844,123.62000274658203,123.25,123.54000091552734,5276100,87.52130126953125
2016-07-29,123.5,124.04000091552734,123.5,123.98999786376953,4226100,87.84012603759766
2016-08-01,123.31999969482422,123.44000244140625,122.94999694824219,122.97000122070312,4827700,87.3450698852539
2016-08-02,122.43000030517578,122.66999816894531,122.11000061035156,122.27999877929688,4526700,86.85498046875
2016-08-03,122.52999877929688,122.6500015258789,122.18000030517578,122.44000244140625,6037600,86.96857452392578
2016-08-04,122.8499984741211,123.2300033569336,122.7300033569336,122.95999908447266,3413100,87.33793640136719
2016-08-05,122.87000274658203,122.95999908447266,122.41000366210938,122.45999908447266,3888300,86.98283386230469
2016-08-08,122.33999633789062,122.7699966430664,122.2300033569336,122.54000091552734,4161300,87.03961181640625
2016-08-09,122.87999725341797,123.31999969482422,122.75,123.26000213623047,4259100,87.5510482788086
2016-08-10,123.5999984741211,123.72000122070312,123.27999877929688,123.61000061035156,6338800,87.79963684082031
2016-08-11,123.69999694824219,123.76000213623047,123.05999755859375,123.19999694824219,4227600,87.508453369140625
2016-08-12,123.76000213623047,124.05999755859375,123.68000030517578,123.76000213623047,6585200,87.90618896484375
2016-08-15,123.62000274658203,123.63999938964844,123.37999725341797,123.37999725341797,2980700,87.63629913330078
2016-08-16,123.5199966430664,123.52999877929688,123.11000061035156,123.16000366210938,4526300,87.480010986328125
2016-08-17,123.25,123.66000366210938,123.18000030517578,123.5,4566900,87.72149658203125
2016-08-18,123.73999786376953,123.94000244140625,123.5,123.80000305175781,4237900,87.93458557128906
2016-08-19,123.54000091552734,123.69999694824219,123.26000213623047,123.43000030517578,5272100,87.67174530029297
2016-08-22,123.83999633789062,123.97000122070312,123.63999938964844,123.8499984741211,5221000,87.97016143798828
2016-08-23,124.05000305175781,124.2300033569336,123.9000015258789,123.98999786376953,5398800,88.069549560546875
2016-08-24,124.16999816894531,124.25,123.9000015258789,123.91000366210938,3871200,88.01274871826172
2016-08-25,123.91999816894531,124.06999969482422,123.76000213623047,123.79000091552734,3679300,87.92749786376953
2016-08-26,124.05000305175781,124.44999694824219,123.31999969482422,123.4000015258789,3388100,87.65044403076172
2016-08-29,123.80000305175781,124.25,123.70999908447266,124.0999984741211,2668000,88.1476821899414
2016-08-30,124.08000183105469,124.0999984741211,123.80999755859375,123.94000244140625,10626500,88.03404998779297
2016-08-31,124.01000213623047,124.05000305175781,123.7699966430664,123.88999938964844,5300000,87.99853515625
2016-09-01,123.19999694824219,123.62999725341797,123.08000183105469,123.56999969482422,10146300,87.99851989746094
2016-09-02,123.58000183105469,123.58999633789062,123.0999984741211,123.3499984741211,4155700,87.84187316894531
2016-09-06,123.47000122070312,123.9000015258789,123.18000030517578,123.77999877929688,6387400,88.1480941772461
2016-09-07,123.94999694824219,124.04000091552734,123.61000061035156,123.61000061035156,2983400,88.02702331542969
2016-09-08,123.25,123.4000015258789,122.66999816894531,122.73999786376953,4632300,87.40740966796875
2016-09-09,122.11000061035156,122.37999725341797,121.75,121.81999969482422,8136000,86.75226593017578
2016-09-12,121.72000122070312,122.05999755859375,121.55000305175781,121.83000183105469,5164100,86.7594223022461
2016-09-13,121.98999786376953,121.98999786376953,121.05000305175781,121.43000030517578,13637100,86.47454833984375
2016-09-14,121.48999786376953,121.72000122070312,121.3499984741211,121.51000213623047,4444000,86.531524658203125
2016-09-15,121.48999786376953,121.69999694824219,121.19999694824219,121.58999633789062,3441100,86.5884780883789
2016-09-16,121.75,121.81999969482422,121.5,121.7300033569336,6832400,86.68821716308594
2016-09-19,121.80999755859375,121.91000366210938,121.61000061035156,121.69000244140625,5997100,86.65972137451172
2016-09-20,121.9800033569336,122.20999908447266,121.80999755859375,121.8499984741211,5026100,86.7736587524414
2016-09-21,121.87999725341797,122.5,121.62000274658203,122.47000122070312,4651400,87.215179443359375
2016-09-22,122.72000122070312,123.11000061035156,122.69999694824219,122.97000122070312,8544300,87.571258544921875
2016-09-23,122.95999908447266,123.04000091552734,122.83999633789062,122.87999725341797,6284600,87.50713348388672
2016-09-26,122.94999694824219,123.20999908447266,122.9000015258789,123.06999969482422,5027000,87.642486572265625
2016-09-27,123.33999633789062,123.44000244140625,123.06999969482422,123.37000274658203,4571800,87.85608673095703
2016-09-28,123.48999786376953,123.51000213623047,123.25,123.44999694824219,8094600,87.91310119628906
2016-09-29,123.19000244140625,123.44000244140625,123.08000183105469,123.4000015258789,5409100,87.8774642944336
2016-09-30,123.44999694824219,123.44999694824219,122.83999633789062,123.18000030517578,5224600,87.72081756591797
2016-10-03,122.91999816894531,122.94999694824219,122.51000213623047,122.51000213623047,5555900,87.47232818603516
2016-10-04,122.43000030517578,122.56999969482422,121.94000244140625,121.94000244140625,6890100,87.06536102294922
2016-10-05,122.04000091552734,122.1500015258789,121.66999816894531,121.80999755859375,4168600,86.97254943847656
2016-10-06,121.80999755859375,122.12999725341797,121.6500015258789,121.81999969482422,5909300,86.97965240478516
2016-10-07,121.98999786376953,122.19999694824219,121.69000244140625,122.11000061035156,2545900,87.18670654296875
2016-10-10,122.11000061035156,122.12000274658203,121.7699966430664,122.11000061035156,2246100,87.18670654296875
2016-10-11,121.75,122.01000213623047,121.69000244140625,121.7300033569336,3416600,86.9154281616211
2016-10-12,121.80000305175781,121.93000030517578,121.58000183105469,121.88999938964844,2327800,87.02967834472656
2016-10-13,122.0999984741211,122.33000183105469,122.05999755859375,122.19000244140625,4204300,87.24384307861328
2016-10-14,121.86000061035156,122.0999984741211,121.61000061035156,121.62000274658203,2208900,86.83685302734375
2016-10-17,121.80000305175781,122.06999969482422,121.80000305175781,122.0199966430664,2698800,87.12248992919922
2016-10-18,121.91999816894531,122.31999969482422,121.91000366210938,122.31999969482422,2944100,87.33667755126953
2016-10-19,122.23999786376953,122.56999969482422,122.16000366210938,122.4800033569336,5010500,87.450927734375
2016-10-20,122.7699966430664,122.7699966430664,122.41999816894531,122.44000244140625,2646800,87.42237091064453
2016-10-21,122.5199966430664,122.58000183105469,122.30000305175781,122.51000213623047,3502500,87.47232818603516
2016-10-24,122.55000305175781,122.55000305175781,122.0199966430664,122.16000366210938,3816500,87.222442626953125
2016-10-25,122.08999633789062,122.29000091552734,121.9800033569336,122.06999969482422,6611600,87.158203125
2016-10-26,121.87999725341797,121.91999816894531,121.55000305175781,121.55999755859375,10256000,86.79402923583984
2016-10-27,121.31999969482422,121.31999969482422,120.7300033569336,121.01000213623047,11643100,86.4013442993164
2016-10-28,120.94999694824219,121.13999938964844,120.83999633789062,120.87000274658203,5629800,86.3013916015625
2016-10-31,121.16000366210938,121.19999694824219,120.94000244140625,120.9800033569336,5377300,86.37989044189453
2016-11-01,120.43000030517578,120.66999816894531,120.18000030517578,120.51000213623047,9303000,86.27104187011719
2016-11-02,120.5999984741211,120.80999755859375,120.51000213623047,120.69000244140625,4798100,86.39995574951172
2016-11-03,120.51000213623047,120.61000061035156,120.36000061035156,120.44999694824219,6320500,86.2281265258789
2016-11-04,120.62999725341797,120.9000015258789,120.62999725341797,120.80999755859375,4242900,86.48585510253906
2016-11-07,120.68000030517578,120.7699966430664,120.55999755859375,120.7300033569336,4352400,86.42858123779297
2016-11-08,120.69000244140625,120.77999877929688,120.33000183105469,120.45999908447266,3632400,86.23529052734375
2016-11-09,119.47000122070312,119.69000244140625,118.51000213623047,118.69000244140625,9216200,84.96818542480469
2016-11-10,118.51000213623047,119.08000183105469,118.41000366210938,118.58999633789062,9063900,84.89659881591797
2016-11-11,118.54000091552734,118.6500015258789,118.0199966430664,118.08000183105469,6011900,84.531494140625
2016-11-14,117.31999969482422,118.01000213623047,117.18000030517578,117.47000122070312,7148700,84.094818115234375
2016-11-15,117.66000366210938,118.05000305175781,117.56999969482422,117.83000183105469,4840300,84.3525161743164
2016-11-16,117.69000244140625,118.05999755859375,117.6500015258789,118,5417800,84.47418212890625
2016-11-17,117.70999908447266,117.77999877929688,117.12000274658203,117.25,6106200,83.93731689453125
2016-11-18,117.41000366210938,117.44999694824219,116.5199966430664,116.58999633789062,9801400,83.4648208618164
2016-11-21,116.79000091552734,116.94999694824219,116.58999633789062,116.70999908447266,5077200,83.55076599121094
2016-11-22,117.0999984741211,117.11000061035156,116.77999877929688,117.01000213623047,3693100,83.7655029296875
2016-11-23,116.30000305175781,116.76000213623047,116.04000091552734,116.58000183105469,6098300,83.4576644897461
2016-11-25,116.87000274658203,116.87000274658203,116.45999908447266,116.58999633789062,876100,83.4648208618164
2016-11-28,116.97000122070312,117.16999816894531,116.87000274658203,117.12000274658203,3125200,83.84429168701172
2016-11-29,117.04000091552734,117.31999969482422,116.94999694824219,117.27999877929688,3926200,83.95877838134766
2016-11-30,116.55999755859375,116.93000030517578,116.4800033569336,116.83999633789062,11333400,83.643768310546875
2016-12-01,115.9800033569336,116.16000366210938,115.5999984741211,115.87000274658203,11597800,83.17505645751953
2016-12-02,116.16000366210938,116.69000244140625,116.16000366210938,116.4000015258789,7533500,83.55547332763672
2016-12-05,116.27999877929688,116.87000274658203,116.11000061035156,116.6500015258789,4107500,83.73502349853516
2016-12-06,116.69999694824219,116.77999877929688,116.61000061035156,116.63999938964844,9040100,83.72776794433594
2016-12-07,116.91000366210938,117.2699966430664,116.86000061035156,117.12999725341797,8069200,84.07947540283203
2016-12-08,116.81999969482422,116.8499984741211,116.56999969482422,116.6500015258789,5941700,83.73502349853516
2016-12-09,116.54000091552734,116.69999694824219,116.05000305175781,116.19999694824219,8875100,83.41191101074219
2016-12-12,116.05999755859375,116.22000122070312,115.87000274658203,116.08999633789062,7302800,83.33295440673828
2016-12-13,116.56999969482422,116.56999969482422,116.13999938964844,116.3499984741211,6232700,83.51961517333984
2016-12-14,116.87000274658203,116.87000274658203,115.58000183105469,115.61000061035156,6133700,82.98838806152344
2016-12-15,115.83999633789062,116.05000305175781,115.55999755859375,115.69000244140625,9352800,83.0458755493164
2016-12-16,115.87000274658203,116,115.55000305175781,115.5999984741211,7852000,82.98118591308594
2016-12-19,116.19999694824219,116.22000122070312,115.94999694824219,116.16000366210938,5777400,83.38322448730469
2016-12-20,115.93000030517578,116.12999725341797,115.81999969482422,116.08999633789062,3750000,83.33295440673828
2016-12-21,116.12000274658203,116.4800033569336,116.12000274658203,116.45999908447266,4199600,83.59856414794922
2016-12-22,115.98999786376953,116.20999908447266,115.88999938964844,116.1500015258789,3773400,83.60431671142578
2016-12-23,116.23999786376953,116.37999725341797,116.22000122070312,116.33000183105469,1291700,83.73388671875
2016-12-27,116.0999984741211,116.16999816894531,116,116.12000274658203,2542800,83.5827407836914
2016-12-28,116.33000183105469,116.68000030517578,116.12999725341797,116.55000305175781,1731700,83.892242431640625
2016-12-29,116.79000091552734,117.13999938964844,116.66000366210938,117,3309500,84.21619415283203
2016-12-30,117,117.36000061035156,116.94999694824219,117.18000030517578,2388400,84.3457260131836
2017-01-03,116.94999694824219,117.4000015258789,116.5199966430664,117.27999877929688,5822600,84.41773223876953
2017-01-04,117.52999877929688,117.68000030517578,117.33000183105469,117.68000030517578,4999200,84.70558166503906
2017-01-05,117.80000305175781,118.33999633789062,117.70999908447266,118.30999755859375,7071100,85.1590576171875
2017-01-06,117.87000274658203,117.9800033569336,117.62000274658203,117.69000244140625,4496000,84.7127914428711
2017-01-09,118.01000213623047,118.06999969482422,117.87000274658203,117.91999816894531,3561400,84.87837982177734
2017-01-10,117.91999816894531,117.97000122070312,117.7699966430664,117.8499984741211,4259600,84.8279800415039
2017-01-11,117.9000015258789,118.38999938964844,117.69000244140625,118.02999877929688,7133600,84.95752716064453
2017-01-12,118.41999816894531,118.43000030517578,118.01000213623047,118.0199966430664,3922600,84.9503173828125
2017-01-13,117.81999969482422,117.97000122070312,117.38999938964844,117.77999877929688,4045300,84.77760314941406
2017-01-17,118.43000030517578,118.54000091552734,118.0999984741211,118.29000091552734,8443000,85.14469146728516
2017-01-18,117.94999694824219,118.01000213623047,117.41999816894531,117.51000213623047,6026200,84.5832290649414
2017-01-19,117.30000305175781,117.3499984741211,116.91999816894531,117.11000061035156,3371300,84.29533386230469
2017-01-20,117.12999725341797,117.36000061035156,116.9000015258789,117.31999969482422,4570600,84.44647979736328
2017-01-23,117.54000091552734,118.05000305175781,117.31999969482422,117.86000061035156,8747800,84.8351821899414
2017-01-24,117.66999816894531,117.76000213623047,117.33999633789062,117.51000213623047,5129700,84.5832290649414
2017-01-25,117.16999816894531,117.25,116.86000061035156,117.05999755859375,5886400,84.259368896484375
2017-01-26,117.05999755859375,117.25,116.81999969482422,117.19999694824219,4033200,84.360137939453125
2017-01-27,117.3499984741211,117.41999816894531,117.22000122070312,117.33999633789062,3816700,84.46086883544922
2017-01-30,117.29000091552734,117.33999633789062,117.0999984741211,117.13999938964844,3651000,84.31690979003906
2017-01-31,117.18000030517578,117.55999755859375,117.08000183105469,117.3499984741211,4982500,84.46812438964844
2017-02-01,116.77999877929688,117.05000305175781,116.52999877929688,116.88999938964844,3626900,84.36414337158203
2017-02-02,117.13999938964844,117.29000091552734,116.87999725341797,116.91999816894531,7145600,84.38580322265625
2017-02-03,117.26000213623047,117.43000030517578,116.80000305175781,117.05000305175781,5243200,84.47960662841797
2017-02-06,117.43000030517578,117.52999877929688,117.16999816894531,117.41999816894531,4494500,84.74666595458984
2017-02-07,117.41999816894531,117.83000183105469,117.29000091552734,117.62000274658203,3228900,84.89107513427734
2017-02-08,118.01000213623047,118.13999938964844,117.83999633789062,118.02999877929688,6287200,85.18692779541016
2017-02-09,118.02999877929688,118.02999877929688,117.4800033569336,117.55999755859375,4692700,84.84772491455078
2017-02-10,117.3499984741211,117.62000274658203,117.26000213623047,117.52999877929688,4881600,84.8260726928711
2017-02-13,117.41000366210938,117.4800033569336,117.26000213623047,117.4800033569336,3723500,84.78997039794922
2017-02-14,117.5199966430664,117.5199966430664,116.80999755859375,117.19999694824219,4404100,84.58794403076172
2017-02-15,116.94999694824219,117.11000061035156,116.87000274658203,117.11000061035156,3632700,84.52294158935547
2017-02-16,117.31999969482422,117.56999969482422,117.20999908447266,117.44000244140625,4037700,84.7611312866211
2017-02-17,117.86000061035156,117.87000274658203,117.62999725341797,117.73999786376953,3104800,84.97760772705078
2017-02-21,117.56999969482422,117.91999816894531,117.5,117.79000091552734,3656200,85.013702392578125
2017-02-22,118.05000305175781,118.16999816894531,117.54000091552734,117.87999725341797,4259100,85.07867431640625
2017-02-23,118.16000366210938,118.20999908447266,118.05000305175781,118.18000030517578,4247900,85.2951889038086
2017-02-24,118.62000274658203,118.87000274658203,118.44000244140625,118.77999877929688,5388800,85.72823333740234
2017-02-27,118.76000213623047,118.76000213623047,118.45999908447266,118.5,5083400,85.52613830566406
2017-02-28,118.62000274658203,118.77999877929688,118.5,118.58000183105469,4290600,85.58392333984375
2017-03-01,117.61000061035156,117.62000274658203,117.38999938964844,117.55999755859375,6524600,85.07804870605469
2017-03-02,117.44999694824219,117.4800033569336,117.25,117.37999725341797,4687900,84.94775390625
2017-03-03,117.5199966430664,117.52999877929688,117.12999725341797,117.5,4926300,85.03461456298828
2017-03-06,117.4800033569336,117.5,117.20999908447266,117.29000091552734,3464400,84.88261413574219
2017-03-07,117.01000213623047,117.12999725341797,116.5999984741211,116.70999908447266,5999600,84.4629135131836
2017-03-08,116.4800033569336,116.4800033569336,116.16000366210938,116.3499984741211,7933300,84.20235443115234
2017-03-09,115.98999786376953,116.0199966430664,115.66000366210938,115.72000122070312,5497200,83.74641418457031
2017-03-10,116.06999969482422,116.06999969482422,115.76000213623047,116.01000213623047,4789100,83.9563217163086
2017-03-13,115.9000015258789,116,115.62000274658203,115.62000274658203,3171600,83.6740493774414
2017-03-14,115.70999908447266,115.80000305175781,115.62999725341797,115.72000122070312,3598500,83.74641418457031
2017-03-15,116.04000091552734,116.80999755859375,115.91000366210938,116.72000122070312,7841600,84.47013092041016
2017-03-16,116.7300033569336,116.73999786376953,116.5,116.55000305175781,3116900,84.34709930419922
2017-03-17,116.75,116.91999816894531,116.68000030517578,116.81999969482422,4440500,84.5425033569336
2017-03-20,116.86000061035156,117.12999725341797,116.81999969482422,117.08999633789062,2939600,84.73787689208984
2017-03-21,117.0999984741211,117.47000122070312,117.02999877929688,117.37999725341797,5032300,84.94775390625
2017-03-22,117.70999908447266,117.80000305175781,117.47000122070312,117.68000030517578,3905800,85.16486358642578
2017-03-23,117.76000213623047,117.77999877929688,117.44999694824219,117.5999984741211,4504900,85.106964111328125
2017-03-24,117.5199966430664,117.81999969482422,117.5199966430664,117.72000122070312,3158300,85.19384002685547
2017-03-27,118.08999633789062,118.08999633789062,117.80000305175781,117.97000122070312,3492100,85.3747329711914
2017-03-28,117.93000030517578,118.08999633789062,117.69000244140625,117.72000122070312,4834900,85.19384002685547
2017-03-29,117.91999816894531,118.0999984741211,117.81999969482422,118.0999984741211,3457100,85.46875762939453
2017-03-30,117.93000030517578,118.04000091552734,117.73999786376953,117.79000091552734,2667700,85.244476318359375
2017-03-31,117.87000274658203,117.94000244140625,117.79000091552734,117.91000366210938,5772300,85.3313217163086
2017-04-03,117.63999938964844,118.12000274658203,117.61000061035156,118.12000274658203,3713700,85.7144775390625
2017-04-04,117.98999786376953,118.02999877929688,117.80999755859375,117.80999755859375,3016200,85.4894790649414
2017-04-05,117.87999725341797,118.06999969482422,117.69999694824219,117.95999908447266,6753900,85.59835052490234
2017-04-06,118.08000183105469,118.12000274658203,117.80999755859375,118.06999969482422,2012600,85.67818450927734
2017-04-07,118.33999633789062,118.44000244140625,117.75,117.77999877929688,2121700,85.46776580810547
2017-04-10,117.98999786376953,118.1500015258789,117.91000366210938,118,2766200,85.62738037109375
2017-04-11,118.26000213623047,118.62000274658203,118.26000213623047,118.55000305175781,3534200,86.0265121459961
2017-04-12,118.80999755859375,118.94000244140625,118.51000213623047,118.94000244140625,2886300,86.30951690673828
2017-04-13,119.05999755859375,119.20999908447266,118.88999938964844,119.13999938964844,3286700,86.45462799072266
2017-04-17,119.19000244140625,119.20999908447266,118.8499984741211,118.91000366210938,2933700,86.28773498535156
2017-04-18,119.27999877929688,119.66000366210938,119.1500015258789,119.61000061035156,3616800,86.795684814453125
2017-04-19,119.37000274658203,119.43000030517578,119.16000366210938,119.25,1839400,86.53450775146484
2017-04-20,119.0999984741211,119.19000244140625,118.9000015258789,119.08000183105469,3264000,86.41108703613281
2017-04-21,119.27999877929688,119.29000091552734,119.06999969482422,119.08000183105469,3892400,86.41108703613281
2017-04-24,118.93000030517578,119.02999877929688,118.73999786376953,118.91999816894531,3193400,86.29499816894531
2017-04-25,118.75,118.80999755859375,118.41000366210938,118.44999694824219,3541100,85.95396423339844
2017-04-26,118.47000122070312,118.77999877929688,118.44000244140625,118.73999786376953,3320400,86.16437530517578
2017-04-27,118.73999786376953,118.94000244140625,118.61000061035156,118.8499984741211,4391000,86.24422454833984
2017-04-28,118.70999908447266,119.01000213623047,118.5999984741211,118.98999786376953,4478000,86.34580993652344
2017-05-01,118.56999969482422,118.70999908447266,118.18000030517578,118.30000305175781,3479800,86.07804107666016
2017-05-02,118.36000061035156,118.68000030517578,118.29000091552734,118.6500015258789,2858200,86.33270263671875
2017-05-03,118.87000274658203,118.9000015258789,118.5,118.58999633789062,2854900,86.28904724121094
2017-05-04,118.25,118.36000061035156,118.16999816894531,118.36000061035156,1540100,86.12166595458984
2017-05-05,118.37999725341797,118.4000015258789,118.12999725341797,118.4000015258789,2887300,86.1507797241211
2017-05-08,118.37000274658203,118.37000274658203,118.0999984741211,118.19000244140625,3886500,85.99800109863281
2017-05-09,118.12000274658203,118.20999908447266,118.05000305175781,118.20999908447266,3012400,86.01253509521484
2017-05-10,118.52999877929688,118.52999877929688,118.2300033569336,118.37000274658203,4282600,86.12895965576172
2017-05-11,118.19999694824219,118.47000122070312,118.1500015258789,118.43000030517578,2263500,86.17261505126953
2017-05-12,118.80000305175781,119.05999755859375,118.77999877929688,119.02999877929688,3165000,86.60917663574219
2017-05-15,118.95999908447266,119.08000183105469,118.87999725341797,119.0199966430664,3752700,86.60194396972656
2017-05-16,119.08999633789062,119.36000061035156,119.05000305175781,119.19000244140625,3996400,86.72563934326172
2017-05-17,119.58999633789062,119.9800033569336,119.58999633789062,119.91999816894531,7304300,87.2568130493164
2017-05-18,119.91000366210938,119.94999694824219,119.69999694824219,119.9000015258789,4825400,87.24219512939453
2017-05-19,119.83000183105469,119.97000122070312,119.69999694824219,119.97000122070312,2907800,87.29317474365234
2017-05-22,119.87999725341797,119.93000030517578,119.80000305175781,119.87000274658203,2852900,87.2203598022461
2017-05-23,120.01000213623047,120.01000213623047,119.45999908447266,119.5,5154200,86.95113372802734
2017-05-24,119.56999969482422,119.76000213623047,119.37999725341797,119.69000244140625,5274800,87.08940124511719
2017-05-25,119.7699966430664,119.7699966430664,119.55000305175781,119.73999786376953,2806200,87.12580108642578
2017-05-26,119.81999969482422,119.91000366210938,119.72000122070312,119.83000183105469,2054800,87.1912612915039
2017-05-30,120,120.12000274658203,119.95999908447266,120.11000061035156,3898300,87.39501953125
2017-05-31,120.11000061035156,120.26000213623047,120.0199966430664,120.25,4428500,87.49686431884766
2017-06-01,119.69000244140625,119.97000122070312,119.66999816894531,119.95999908447266,9430000,87.51582336425781
2017-06-02,120.45999908447266,120.58000183105469,120.30000305175781,120.5199966430664,5130100,87.92436981201172
2017-06-05,120.26000213623047,120.37000274658203,120.16999816894531,120.18000030517578,3198500,87.676361083984375
2017-06-06,120.66000366210938,120.66000366210938,120.44999694824219,120.52999877929688,1806700,87.93170928955078
2017-06-07,120.47000122070312,120.5999984741211,120.31999969482422,120.37999725341797,5702400,87.82227325439453
2017-06-08,120.38999938964844,120.38999938964844,120,120.16999816894531,3895200,87.6690902709961
2017-06-09,119.94999694824219,120.13999938964844,119.8499984741211,120.05000305175781,6884700,87.58150482177734
2017-06-12,119.95999908447266,120.27999877929688,119.91999816894531,120.08000183105469,4075100,87.6034164428711
2017-06-13,119.95999908447266,120.20999908447266,119.95999908447266,120.20999908447266,4822000,87.69822692871094
2017-06-14,120.98999786376953,121.30999755859375,120.79000091552734,121.02999877929688,6852800,88.29647064208984
2017-06-15,120.87000274658203,120.87000274658203,120.58999633789062,120.73999786376953,6624700,88.084930419921875
2017-06-16,120.83999633789062,120.91000366210938,120.76000213623047,120.83999633789062,4314800,88.15788269042969
2017-06-19,120.8499984741211,120.8499984741211,120.62999725341797,120.69000244140625,7827700,88.04840850830078
2017-06-20,120.86000061035156,121.08000183105469,120.73999786376953,120.95999908447266,6906500,88.2453842163086
2017-06-21,120.94999694824219,121.08000183105469,120.83000183105469,121.0199966430664,5462700,88.28916931152344
2017-06-22,121.19000244140625,121.2300033569336,120.9800033569336,121.12000274658203,3520800,88.36209869384766
2017-06-23,121.11000061035156,121.19000244140625,121.05000305175781,121.18000030517578,5495700,88.40592193603516
2017-06-26,121.44999694824219,121.55999755859375,121.37000274658203,121.4000015258789,3808600,88.56640625
2017-06-27,121.12999725341797,121.1500015258789,120.81999969482422,120.8499984741211,4736500,88.16515350341797
2017-06-28,120.91000366210938,120.9800033569336,120.62999725341797,120.9800033569336,3933900,88.25999450683594
2017-06-29,120.37000274658203,120.70999908447266,120.33999633789062,120.61000061035156,6954200,87.99005889892578
2017-06-30,120.66000366210938,120.69000244140625,120.47000122070312,120.51000213623047,4567700,87.917083740234375
2017-07-03,120.33999633789062,120.33999633789062,119.93000030517578,119.93000030517578,5759500,87.72694396972656
2017-07-05,120.02999877929688,120.1500015258789,119.9000015258789,120.12999725341797,5406900,87.87322235107422
2017-07-06,119.77999877929688,119.88999938964844,119.5,119.81999969482422,11548000,87.6464614868164
2017-07-07,119.69999694824219,119.7699966430664,119.5999984741211,119.72000122070312,9803900,87.57331085205078
2017-07-10,119.88999938964844,119.94999694824219,119.73999786376953,119.91999816894531,2234500,87.71964263916016
2017-07-11,119.9000015258789,119.98999786376953,119.7300033569336,119.97000122070312,4340900,87.756195068359375
2017-07-12,120.5,120.62000274658203,120.37999725341797,120.5,6779600,88.1439208984375
2017-07-13,120.37999725341797,120.43000030517578,120.12000274658203,120.29000091552734,3977400,87.9902572631836
2017-07-14,120.72000122070312,120.80000305175781,120.37999725341797,120.56999969482422,5302000,88.195068359375
2017-07-17,120.56999969482422,120.75,120.44999694824219,120.68000030517578,5899000,88.27552795410156
2017-07-18,121.05000305175781,121.19999694824219,120.91999816894531,121.19999694824219,4775300,88.65589904785156
2017-07-19,121.19000244140625,121.30000305175781,121.08999633789062,121.16000366210938,4144200,88.62664031982422
2017-07-20,121.41999816894531,121.47000122070312,121.19000244140625,121.2699966430664,1925200,88.7071304321289
2017-07-21,121.44000244140625,121.61000061035156,121.43000030517578,121.55000305175781,3634000,88.91192626953125
2017-07-24,121.47000122070312,121.5,121.30999755859375,121.41000366210938,2647900,88.80949401855469
2017-07-25,120.94000244140625,120.9800033569336,120.66000366210938,120.69000244140625,7043100,88.28284454345703
2017-07-26,120.68000030517578,121.19000244140625,120.63999938964844,121.08999633789062,9355500,88.575439453125
2017-07-27,120.83999633789062,120.93000030517578,120.69999694824219,120.79000091552734,2769100,88.35604095458984
2017-07-28,120.83999633789062,121.11000061035156,120.79000091552734,121.11000061035156,2312200,88.5900650024414
2017-07-31,120.91000366210938,121.12000274658203,120.91000366210938,121.11000061035156,3689900,88.5900650024414
2017-08-01,120.62999725341797,121.2300033569336,120.56999969482422,121.2300033569336,7390500,88.911285400390625
2017-08-02,121.16999816894531,121.29000091552734,121,121.04000091552734,6728600,88.77193450927734
2017-08-03,121.11000061035156,121.2699966430664,121.08999633789062,121.20999908447266,6520500,88.896636962890625
2017-08-04,120.9000015258789,120.91999816894531,120.58000183105469,120.73999786376953,5095700,88.55192565917969
2017-08-07,120.75,120.83000183105469,120.58999633789062,120.7699966430664,10816400,88.573944091796875
2017-08-08,120.6500015258789,120.66999816894531,120.16999816894531,120.19000244140625,9992700,88.14857482910156
2017-08-09,120.56999969482422,120.62000274658203,120.30000305175781,120.30999755859375,7465800,88.23658752441406
2017-08-10,120.33999633789062,120.44000244140625,120.05999755859375,120.2699966430664,8053400,88.20726776123047
2017-08-11,120.30000305175781,120.51000213623047,120.08999633789062,120.48999786376953,10910500,88.3686294555664
2017-08-14,120.41999816894531,120.6500015258789,120.36000061035156,120.41000366210938,3051500,88.3099365234375
2017-08-15,120.16999816894531,120.3499984741211,120.11000061035156,120.2699966430664,4710000,88.20726776123047
2017-08-16,120.30000305175781,120.80000305175781,120.29000091552734,120.61000061035156,5190200,88.45659637451172
2017-08-17,120.5999984741211,120.83999633789062,120.4800033569336,120.7300033569336,8973800,88.54459381103516
2017-08-18,121.02999877929688,121.04000091552734,120.61000061035156,120.6500015258789,4350900,88.48594665527344
2017-08-21,120.83999633789062,120.87000274658203,120.72000122070312,120.81999969482422,3666200,88.6105728149414
2017-08-22,120.77999877929688,120.79000091552734,120.63999938964844,120.69999694824219,2390100,88.5225830078125
2017-08-23,120.94999694824219,121.16999816894531,120.87000274658203,121.16000366210938,4590000,88.859954833984375
2017-08-24,121,121.12999725341797,120.88999938964844,120.93000030517578,2929800,88.6912841796875
2017-08-25,121.01000213623047,121.29000091552734,120.94999694824219,121.20999908447266,5488000,88.896636962890625
2017-08-28,121.18000030517578,121.26000213623047,121,121.20999908447266,5200500,88.896636962890625
2017-08-29,121.6500015258789,121.69999694824219,121.2300033569336,121.30000305175781,3499700,88.96263885498047
2017-08-30,121.29000091552734,121.4000015258789,121.23999786376953,121.4000015258789,2573700,89.03602600097656
2017-08-31,121.45999908447266,121.66000366210938,121.44999694824219,121.61000061035156,4549400,89.18999481201172
2017-09-01,121.19000244140625,121.22000122070312,120.80000305175781,120.80999755859375,7946000,88.83707427978516
2017-09-05,121.22000122070312,121.66000366210938,121.16999816894531,121.55999755859375,7357000,89.3885498046875
2017-09-06,121.54000091552734,121.5999984741211,121.08000183105469,121.12999725341797,8863700,89.07237243652344
2017-09-07,121.37000274658203,121.80999755859375,121.3499984741211,121.5999984741211,7698800,89.4179458618164
2017-09-08,121.5199966430664,121.5199966430664,121.2300033569336,121.23999786376953,6776600,89.1531982421875
2017-09-11,120.98999786376953,121.19000244140625,120.8499984741211,120.87000274658203,4220300,88.8812026977539
2017-09-12,120.81999969482422,120.81999969482422,120.55000305175781,120.73999786376953,4615800,88.7855453491211
2017-09-13,120.81999969482422,120.83999633789062,120.5999984741211,120.62000274658203,5671300,88.6972885131836
2017-09-14,120.55999755859375,120.91999816894531,120.55999755859375,120.91999816894531,4333500,88.91788482666016
2017-09-15,120.98999786376953,121.05000305175781,120.79000091552734,121.0199966430664,4631300,88.991485595703125
2017-09-18,120.95999908447266,120.9800033569336,120.76000213623047,120.9000015258789,4971700,88.903228759765625
2017-09-19,120.94999694824219,121.05999755859375,120.83999633789062,120.97000122070312,5296800,88.95469665527344
2017-09-20,121.06999969482422,121.08999633789062,120.54000091552734,120.81999969482422,6603300,88.844390869140625
2017-09-21,120.8499984741211,121.06999969482422,120.80999755859375,120.81999969482422,3410000,88.844390869140625
2017-09-22,121.05999755859375,121.12000274658203,120.9000015258789,120.9800033569336,2099200,88.9620590209961
2017-09-25,121.12000274658203,121.45999908447266,121.06999969482422,121.43000030517578,3489900,89.29296875
2017-09-26,121.30000305175781,121.45999908447266,121.20999908447266,121.41000366210938,10290700,89.278228759765625
2017-09-27,120.8499984741211,121.01000213623047,120.63999938964844,120.94000244140625,6695500,88.9326400756836
2017-09-28,120.79000091552734,121.13999938964844,120.75,121.12000274658203,6350800,89.06501007080078
2017-09-29,121.19999694824219,121.30000305175781,120.94999694824219,121.2300033569336,7627300,89.145904541015625
2017-10-02,120.95999908447266,121.11000061035156,120.7699966430664,121.0199966430664,7218100,89.229217529296875
2017-10-03,120.9800033569336,121.29000091552734,120.91999816894531,121.29000091552734,7569400,89.42826080322266
2017-10-04,121.30000305175781,121.30000305175781,120.9800033569336,121.22000122070312,5376300,89.37667083740234
2017-10-05,121.1500015258789,121.1500015258789,120.91999816894531,121.05000305175781,3932800,89.25133514404297
2017-10-06,120.68000030517578,120.98999786376953,120.56999969482422,120.94999694824219,5901300,89.17759704589844
2017-10-09,121.0199966430664,121.06999969482422,120.87000274658203,121.05000305175781,1312200,89.25133514404297
2017-10-10,121.08999633789062,121.4000015258789,121.05000305175781,121.12999725341797,3873400,89.310302734375
2017-10-11,121.30999755859375,121.30999755859375,121,121.06999969482422,7170900,89.266082763671875
2017-10-12,121.11000061035156,121.19000244140625,120.94999694824219,121.0999984741211,10302500,89.288177490234375
2017-10-13,121.56999969482422,121.6500015258789,121.4000015258789,121.58000183105469,5755800,89.64208984375
2017-10-16,121.54000091552734,121.55999755859375,121.29000091552734,121.41000366210938,4886100,89.51671600341797
2017-10-17,121.2699966430664,121.48999786376953,121.26000213623047,121.38999938964844,4476900,89.50199127197266
2017-10-18,121.0999984741211,121.29000091552734,121.04000091552734,121.20999908447266,3272500,89.369293212890625
2017-10-19,121.55000305175781,121.55000305175781,121.30000305175781,121.38999938964844,4143300,89.50199127197266
2017-10-20,120.9800033569336,121.16000366210938,120.9000015258789,121.05999755859375,7280400,89.25867462158203
2017-10-23,121.23999786376953,121.30999755859375,121.13999938964844,121.18000030517578,2675800,89.34717559814453
2017-10-24,120.87999725341797,121.05999755859375,120.8499984741211,120.87999725341797,4686200,89.12598419189453
2017-10-25,120.58000183105469,120.63999938964844,120.4000015258789,120.55999755859375,8866600,88.89005279541016
2017-10-26,120.80000305175781,120.80000305175781,120.54000091552734,120.55000305175781,9420100,88.88268280029297
2017-10-27,120.70999908447266,120.94999694824219,120.68000030517578,120.91000366210938,6915900,89.14811706542969
2017-10-30,120.70999908447266,121.3499984741211,120.70999908447266,121.30999755859375,5236600,89.4430160522461
2017-10-31,121.36000061035156,121.36000061035156,121.12000274658203,121.13999938964844,5932800,89.31767272949219
2017-11-01,121.05000305175781,121.1500015258789,120.8499984741211,121.01000213623047,5967400,89.45886993408203
2017-11-02,121.1500015258789,121.1500015258789,120.9000015258789,120.98999786376953,13253900,89.44408416748047
2017-11-03,121.0999984741211,121.19000244140625,120.91000366210938,121.12999725341797,5307500,89.547576904296875
2017-11-06,121.19000244140625,121.25,121.05000305175781,121.16000366210938,9576900,89.56977081298828
2017-11-07,121.0199966430664,121.11000061035156,120.95999908447266,121.05999755859375,7643200,89.49581146240234
2017-11-08,121.08000183105469,121.11000061035156,120.87999725341797,120.9000015258789,7185500,89.37757110595703
2017-11-09,120.61000061035156,120.75,120.51000213623047,120.58000183105469,7232300,89.141021728515625
2017-11-10,120.08999633789062,120.1500015258789,119.77999877929688,119.88999938964844,5816600,88.63087463378906
2017-11-13,120.0999984741211,120.12000274658203,119.91000366210938,119.91000366210938,3646400,88.645660400390625
2017-11-14,119.9800033569336,120.0999984741211,119.87999725341797,119.94000244140625,6112500,88.6678466796875
2017-11-15,120.06999969482422,120.4800033569336,119.8499984741211,120.44999694824219,7141900,89.04487609863281
2017-11-16,120.36000061035156,120.5199966430664,120.2699966430664,120.30999755859375,5051200,88.94139099121094
2017-11-17,120.51000213623047,120.58000183105469,120.37999725341797,120.45999908447266,5521500,89.05228424072266
2017-11-20,120.41999816894531,120.5999984741211,120.37999725341797,120.45999908447266,3190600,89.05228424072266
2017-11-21,120.9000015258789,120.94000244140625,120.66999816894531,120.86000061035156,4372100,89.347991943359375
2017-11-22,121.05000305175781,121.37000274658203,120.9800033569336,121.33000183105469,4111500,89.6954574584961
2017-11-24,121.25,121.37000274658203,121.16999816894531,121.19000244140625,1359700,89.59195709228516
2017-11-27,121.16000366210938,121.26000213623047,121.04000091552734,121.12000274658203,6049200,89.54022979736328
2017-11-28,121.23999786376953,121.38999938964844,121.16999816894531,121.29000091552734,5176400,89.66587829589844
2017-11-29,120.80999755859375,120.87000274658203,120.62000274658203,120.80999755859375,7606300,89.311065673828125
2017-11-30,120.93000030517578,120.94000244140625,120.47000122070312,120.66999816894531,6119600,89.20753479003906
2017-12-01,120.80999755859375,121.37999725341797,120.4000015258789,120.72000122070312,13958300,89.4832534790039
2017-12-04,120.77999877929688,120.91999816894531,120.58000183105469,120.91000366210938,5766700,89.62413787841797
2017-12-05,121,121.16999816894531,120.83000183105469,121.13999938964844,4541900,89.79463958740234
2017-12-06,121.4800033569336,121.54000091552734,121.33999633789062,121.37000274658203,4801500,89.96507263183594
2017-12-07,121.48999786376953,121.56999969482422,120.94000244140625,121.12999725341797,8295200,89.78717041015625
2017-12-08,121.0199966430664,121.11000061035156,120.91000366210938,120.9800033569336,5135100,89.6760025024414
2017-12-11,121.08999633789062,121.22000122070312,121.02999877929688,121.06999969482422,4521500,89.74271392822266
2017-12-12,120.94999694824219,120.98999786376953,120.77999877929688,120.9800033569336,10153000,89.6760025024414
2017-12-13,121.18000030517578,121.54000091552734,121.08999633789062,121.4000015258789,7205800,89.987335205078125
2017-12-14,121.29000091552734,121.66000366210938,121.22000122070312,121.62000274658203,8022200,90.15034484863281
2017-12-15,121.69999694824219,121.8499984741211,121.48999786376953,121.79000091552734,5846000,90.27643585205078
2017-12-18,121.72000122070312,121.7699966430664,121.41000366210938,121.43000030517578,6371100,90.009552001953125
2017-12-19,121.16999816894531,121.19000244140625,120.6500015258789,120.80999755859375,6029200,89.55001068115234
2017-12-20,120.55000305175781,120.69999694824219,120.4000015258789,120.48999786376953,9805700,89.31275939941406
2017-12-21,120.29000091552734,120.58999633789062,120.2699966430664,120.55999755859375,6210400,89.55345153808594
2017-12-22,120.56999969482422,120.66999816894531,120.48999786376953,120.6500015258789,2934900,89.62032318115234
2017-12-26,120.68000030517578,120.86000061035156,120.5999984741211,120.80999755859375,1873000,89.73918151855469
2017-12-27,121.08000183105469,121.48999786376953,120.94999694824219,121.4800033569336,3179300,90.23682403564453
2017-12-28,121.47000122070312,121.4800033569336,121.22000122070312,121.4000015258789,2493200,90.17743682861328
2017-12-29,121.26000213623047,121.62999725341797,121.26000213623047,121.55999755859375,3003300,90.29625701904297
2018-01-02,121.31999969482422,121.45999908447266,120.5,120.75,8480600,89.6946029663086
2018-01-03,120.94000244140625,121.05000305175781,120.69999694824219,120.97000122070312,5087600,89.858001708984375
2018-01-04,120.77999877929688,121.01000213623047,120.7300033569336,120.93000030517578,7710100,89.82829284667969
2018-01-05,121.08999633789062,121.08999633789062,120.76000213623047,120.88999938964844,5796500,89.79859924316406
2018-01-08,121.0199966430664,121.02999877929688,120.7699966430664,120.87999725341797,3897200,89.7911376953125
2018-01-09,120.7300033569336,120.7699966430664,120.41999816894531,120.44000244140625,7621600,89.46434783935547
2018-01-10,120.05000305175781,120.6500015258789,119.91000366210938,120.5199966430664,6050500,89.52371978759766
2018-01-11,120.48999786376953,120.94999694824219,120.48999786376953,120.80999755859375,5192600,89.73918151855469
2018-01-12,120.5999984741211,120.91000366210938,120.55000305175781,120.83000183105469,4463000,89.753997802734375
2018-01-16,121.18000030517578,121.18000030517578,120.81999969482422,120.94000244140625,7410200,89.83570861816406
2018-01-17,120.95999908447266,121.0199966430664,120.48999786376953,120.61000061035156,11240700,89.5905990600586
2018-01-18,120.16999816894531,120.41000366210938,120.01000213623047,120.13999938964844,6399400,89.2414779663086
2018-01-19,119.98999786376953,120.11000061035156,119.72000122070312,119.7699966430664,6797800,88.96662902832031
2018-01-22,119.7699966430664,120,119.62999725341797,119.66000366210938,5096700,88.8848876953125
2018-01-23,119.97000122070312,120.19000244140625,119.91000366210938,120.18000030517578,6144000,89.27117156982422
2018-01-24,119.94000244140625,120.12000274658203,119.83000183105469,120.0999984741211,5679000,89.21175384521484
2018-01-25,120.0199966430664,120.70999908447266,120,120.70999908447266,7042100,89.66486358642578
2018-01-26,120.62000274658203,120.62000274658203,120.33999633789062,120.55000305175781,6391300,89.54602813720703
2018-01-29,120.19999694824219,120.37999725341797,120,120.2300033569336,5732400,89.308319091796875
2018-01-30,120,120.08000183105469,119.69999694824219,119.81999969482422,6662600,89.00379180908203
2018-01-31,120.16999816894531,120.22000122070312,119.70999908447266,120.06999969482422,6751200,89.1894760131836
2018-02-01,119.91000366210938,119.95999908447266,119.13999938964844,119.22000122070312,12272400,88.79546356201172
2018-02-02,119,119,118.47000122070312,118.61000061035156,8681500,88.34112548828125
2018-02-05,118.23999786376953,119.33000183105469,118.22000122070312,118.68000030517578,14486000,88.39329528808594
2018-02-06,118.58999633789062,118.81999969482422,118.38999938964844,118.44000244140625,10467500,88.214569091796875
2018-02-07,118.80000305175781,118.8499984741211,118.08000183105469,118.11000061035156,8862300,87.96871185302734
2018-02-08,117.94000244140625,118.0999984741211,117.55999755859375,117.5999984741211,10957000,87.58888244628906
2018-02-09,117.44999694824219,117.47000122070312,117.19999694824219,117.22000122070312,8719000,87.30583953857422
2018-02-12,117.29000091552734,117.62000274658203,117.19999694824219,117.22000122070312,7814800,87.30583953857422
2018-02-13,117.08999633789062,117.20999908447266,116.79000091552734,117.18000030517578,8730500,87.276092529296875
2018-02-14,116.80999755859375,117,116.66000366210938,116.75,11013300,86.9558334350586
2018-02-15,117.18000030517578,117.45999908447266,117.05999755859375,117.30000305175781,4953400,87.36548614501953
2018-02-16,117.58000183105469,117.76000213623047,117.45999908447266,117.6500015258789,6319800,87.6261215209961
2018-02-20,117.3499984741211,117.41000366210938,117.12999725341797,117.1500015258789,8786200,87.25370788574219
2018-02-21,117.19999694824219,117.30999755859375,116.44000244140625,116.51000213623047,6387200,86.77704620361328
2018-02-22,116.83999633789062,117.06999969482422,116.63999938964844,116.66999816894531,7227100,86.8962173461914
2018-02-23,117.05000305175781,117.23999786376953,116.87999725341797,117.20999908447266,8005600,87.2984390258789
2018-02-26,117.58999633789062,117.75,117.33000183105469,117.36000061035156,5072000,87.4101333618164
2018-02-27,117.51000213623047,117.5199966430664,116.69999694824219,116.8499984741211,7279500,87.030242919921875
2018-02-28,117.01000213623047,117.16000366210938,116.94999694824219,117.06999969482422,7963400,87.194122314453125
2018-03-01,116.55999755859375,116.80999755859375,116.37000274658203,116.62000274658203,11679100,87.10450744628906
2018-03-02,116.36000061035156,116.48999786376953,116.19000244140625,116.25,5335000,86.82818603515625
2018-03-05,116.51000213623047,116.58000183105469,116.0999984741211,116.20999908447266,10168400,86.79828643798828
2018-03-06,116.63999938964844,116.68000030517578,116.29000091552734,116.30999755859375,8363400,86.87296295166016
2018-03-07,116.5,116.52999877929688,116.2300033569336,116.2699966430664,4070400,86.84307861328125
2018-03-08,116.48999786376953,116.69999694824219,116.33999633789062,116.5,6410000,87.0148696899414
2018-03-09,116.31999969482422,116.37000274658203,116.04000091552734,116.08999633789062,7773800,86.70862579345703
2018-03-12,116.19000244140625,116.27999877929688,116.0999984741211,116.23999786376953,8555600,86.82068634033203
2018-03-13,116.3499984741211,116.4000015258789,116.11000061035156,116.25,8625900,86.82818603515625
2018-03-14,116.2699966430664,116.69999694824219,116.26000213623047,116.51000213623047,5765700,87.0223388671875
2018-03-15,116.4800033569336,116.70999908447266,116.44000244140625,116.62999725341797,5268200,87.11199188232422
2018-03-16,116.41000366210938,116.83000183105469,116.36000061035156,116.76000213623047,10754700,87.20906066894531
2018-03-19,116.5,116.5999984741211,116.36000061035156,116.37000274658203,8095300,86.91778564453125
2018-03-20,116.02999877929688,116.19000244140625,115.91999816894531,115.95999908447266,6445000,86.61151123046875
2018-03-21,115.76000213623047,116.2300033569336,115.5199966430664,115.88999938964844,7312600,86.55926513671875
2018-03-22,116.19000244140625,116.29000091552734,115.98999786376953,116.08999633789062,10966600,86.70862579345703
2018-03-23,115.97000122070312,116.02999877929688,115.70999908447266,115.72000122070312,6120800,86.43228912353516
2018-03-26,116.05999755859375,116.19999694824219,116,116.12999725341797,5834800,86.7385025024414
2018-03-27,116.05999755859375,116.62000274658203,116.05999755859375,116.55000305175781,5000200,87.0522232055664
2018-03-28,116.77999877929688,116.9800033569336,116.66000366210938,116.86000061035156,4771600,87.28377532958984
2018-03-29,117.11000061035156,117.47000122070312,116.94999694824219,117.38999938964844,5930800,87.67957305908203
2018-04-02,116.9000015258789,117.06999969482422,116.72000122070312,116.98999786376953,4393500,87.63246154785156
2018-04-03,116.94000244140625,116.94000244140625,116.62999725341797,116.68000030517578,3773500,87.4002685546875
2018-04-04,116.7300033569336,116.86000061035156,116.63999938964844,116.68000030517578,5259600,87.4002685546875
2018-04-05,116.61000061035156,116.75,116.5,116.72000122070312,5171000,87.4301986694336
2018-04-06,116.93000030517578,117.06999969482422,116.80999755859375,117.06999969482422,4772500,87.69233703613281
2018-04-09,116.8499984741211,117.18000030517578,116.8499984741211,117.12999725341797,3611300,87.7373046875
2018-04-10,117.20999908447266,117.44000244140625,117.01000213623047,117.16000366210938,5201300,87.75975036621094
2018-04-11,117.36000061035156,117.4000015258789,117.11000061035156,117.23999786376953,2483800,87.81974029541016
2018-04-12,117.12000274658203,117.19999694824219,116.9000015258789,116.91999816894531,2588100,87.58000946044922
2018-04-13,116.83999633789062,117.05999755859375,116.83999633789062,116.95999908447266,4427800,87.60999298095703
2018-04-16,116.75,116.98999786376953,116.70999908447266,116.97000122070312,2323600,87.617462158203125
2018-04-17,116.9800033569336,117.1500015258789,116.91000366210938,116.9800033569336,6702900,87.62495422363281
2018-04-18,116.94000244140625,116.94999694824219,116.36000061035156,116.37999725341797,6888000,87.17552947998047
2018-04-19,116.04000091552734,116.06999969482422,115.76000213623047,115.94000244140625,4058600,86.84596252441406
2018-04-20,115.79000091552734,115.83000183105469,115.45999908447266,115.47000122070312,4679700,86.4938735961914
2018-04-23,115.44000244140625,115.47000122070312,115.25,115.41999816894531,4380000,86.45643615722656
2018-04-24,115.30999755859375,115.44000244140625,114.98999786376953,115.08000183105469,5984700,86.20177459716797
2018-04-25,114.81999969482422,114.83999633789062,114.55000305175781,114.72000122070312,3756100,85.93207550048828
2018-04-26,115.0199966430664,115.18000030517578,114.91999816894531,115.05999755859375,6027200,86.18677520751953
2018-04-27,115.25,115.37000274658203,115.22000122070312,115.31999969482422,3369800,86.38150787353516
2018-04-30,115.37000274658203,115.45999908447266,115.16999816894531,115.22000122070312,6388500,86.30657958984375
2018-05-01,114.83000183105469,114.87000274658203,114.48999786376953,114.58000183105469,6051500,86.0729751586914
2018-05-02,114.7300033569336,114.75,114.48999786376953,114.48999786376953,3608100,86.00538635253906
2018-05-03,114.7699966430664,114.81999969482422,114.47000122070312,114.51000213623047,4122600,86.020416259765625
2018-05-04,114.86000061035156,114.86000061035156,114.47000122070312,114.66999816894531,3733800,86.14057922363281
2018-05-07,114.70999908447266,114.75,114.5,114.54000091552734,3870900,86.04292297363281
2018-05-08,114.43000030517578,114.54000091552734,114.26000213623047,114.5,5069300,86.012939453125
2018-05-09,114.31999969482422,114.62999725341797,114.27999877929688,114.4800033569336,3906600,85.99787139892578
2018-05-10,114.83999633789062,115.06999969482422,114.72000122070312,115.05999755859375,5103000,86.43355560302734
2018-05-11,115.2300033569336,115.27999877929688,115.08000183105469,115.26000213623047,4254000,86.58380889892578
2018-05-14,115.12999725341797,115.2699966430664,115.05000305175781,115.05000305175781,4808300,86.42603302001953
2018-05-15,114.51000213623047,114.76000213623047,114,114.18000030517578,5970000,85.77252197265625
2018-05-16,114.23999786376953,114.3499984741211,113.98999786376953,114.02999877929688,4210800,85.659820556640625
2018-05-17,114,114.05999755859375,113.72000122070312,113.80999755859375,3272300,85.49457550048828
2018-05-18,113.98999786376953,114.33000183105469,113.95999908447266,114.27999877929688,4154700,85.8476333618164
2018-05-21,114.1500015258789,114.3499984741211,114.0999984741211,114.3499984741211,2593300,85.90018463134766
2018-05-22,114.26000213623047,114.38999938964844,114.12999725341797,114.2300033569336,3230000,85.81006622314453
2018-05-23,114.41000366210938,114.80000305175781,114.33000183105469,114.72000122070312,5771100,86.17815399169922
2018-05-24,114.9800033569336,115.08000183105469,114.88999938964844,115.04000091552734,4436900,86.4185562133789
2018-05-25,115.37999725341797,115.41999816894531,115.2300033569336,115.37999725341797,3997600,86.67393493652344
2018-05-29,115.43000030517578,116.20999908447266,115.26000213623047,115.98999786376953,6831700,87.13216400146484
2018-05-30,115.61000061035156,115.81999969482422,115.2699966430664,115.54000091552734,5083900,86.79413604736328
2018-05-31,115.66000366210938,115.7699966430664,115.36000061035156,115.48999786376953,6303300,86.75657653808594
2018-06-01,114.87000274658203,115.13999938964844,114.80999755859375,114.91000366210938,4479700,86.59004211425781
2018-06-04,114.9000015258789,114.97000122070312,114.6500015258789,114.6500015258789,3714900,86.39411163330078
2018-06-05,114.93000030517578,114.94999694824219,114.69000244140625,114.7300033569336,3901500,86.45442962646484
2018-06-06,114.41000366210938,114.47000122070312,114.16000366210938,114.30999755859375,4754900,86.137908935546875
2018-06-07,114.25,115.05999755859375,114.25,114.69000244140625,7185200,86.42426300048828
2018-06-08,114.5999984741211,114.6500015258789,114.43000030517578,114.5,2935600,86.28113555908203
2018-06-11,114.30000305175781,114.4000015258789,114.2300033569336,114.38999938964844,2905100,86.1982192993164
2018-06-12,114.25,114.5,114.22000122070312,114.4000015258789,3396500,86.20576477050781
2018-06-13,114.44000244140625,114.58000183105469,113.9800033569336,114.29000091552734,4906500,86.12286376953125
2018-06-14,114.68000030517578,114.81999969482422,114.48999786376953,114.80999755859375,4915800,86.514678955078125
2018-06-15,114.9800033569336,115.05999755859375,114.58999633789062,114.6500015258789,5887100,86.39411163330078
2018-06-18,114.63999938964844,114.66000366210938,114.41999816894531,114.52999877929688,4723200,86.30371856689453
2018-06-19,114.55999755859375,114.66000366210938,114.47000122070312,114.58999633789062,4278700,86.34889221191406
2018-06-20,114.61000061035156,114.61000061035156,113.9000015258789,113.94999694824219,7731500,85.86663055419922
2018-06-21,113.9000015258789,114.08999633789062,113.86000061035156,113.86000061035156,15921600,85.79884338378906
2018-06-22,113.80000305175781,114.08999633789062,113.75,114,6728500,85.904296875
2018-06-25,114.04000091552734,114.11000061035156,113.87000274658203,113.88999938964844,3243900,85.82142639160156
2018-06-26,113.9800033569336,114.29000091552734,113.88999938964844,114.2699966430664,10345300,86.1077651977539
2018-06-27,114.58999633789062,114.66000366210938,114.4800033569336,114.66000366210938,9776300,86.40168762207031
2018-06-28,114.56999969482422,114.56999969482422,114.2699966430664,114.51000213623047,6241300,86.288665771484375
2018-06-29,114.63999938964844,114.83999633789062,114.51000213623047,114.56999969482422,7855600,86.33386993408203
2018-07-02,114.41000366210938,114.41000366210938,114.16000366210938,114.23999786376953,4806200,86.345184326171875
2018-07-03,114.30999755859375,114.7300033569336,114.30999755859375,114.66000366210938,2518100,86.66263580322266
2018-07-05,114.7699966430664,115.02999877929688,114.75,115.0199966430664,4730600,86.93474578857422
2018-07-06,115.23999786376953,115.27999877929688,115.08999633789062,115.18000030517578,2465600,87.05561065673828
2018-07-09,115.08999633789062,115.30000305175781,115.02999877929688,115.26000213623047,5161600,87.11615753173828
2018-07-10,115.23999786376953,115.37000274658203,115.11000061035156,115.12999725341797,6624000,87.01788330078125
2018-07-11,115.2699966430664,115.38999938964844,115.12000274658203,115.36000061035156,4071400,87.19169616699219
2018-07-12,115.4000015258789,115.61000061035156,115.31999969482422,115.61000061035156,3324800,87.38068389892578
2018-07-13,115.70999908447266,115.80999755859375,115.62999725341797,115.69999694824219,4273800,87.4487075805664
2018-07-16,115.5,115.62999725341797,115.29000091552734,115.51000213623047,2653700,87.30510711669922
2018-07-17,115.5199966430664,115.58000183105469,115.37999725341797,115.43000030517578,6157000,87.24459075927734
2018-07-18,115.54000091552734,115.54000091552734,115.3499984741211,115.41000366210938,3527600,87.22949981689453
2018-07-19,115.4000015258789,115.73999786376953,115.37000274658203,115.58999633789062,5098600,87.36553955078125
2018-07-20,115.33999633789062,115.38999938964844,115.12000274658203,115.25,5139900,87.1085433959961
2018-07-23,115.05000305175781,115.12000274658203,114.72000122070312,114.79000091552734,4716300,86.7608871459961
2018-07-24,114.80999755859375,115.16999816894531,114.80999755859375,115.1500015258789,4446700,87.03296661376953
2018-07-25,115.4000015258789,115.4000015258789,115.19999694824219,115.30000305175781,7376300,87.1463623046875
2018-07-26,115.41999816894531,115.55000305175781,115.27999877929688,115.41000366210938,5860900,87.22949981689453
2018-07-27,115.75,115.75,115.45999908447266,115.55999755859375,5497600,87.3428726196289
2018-07-30,115.31999969482422,115.48999786376953,115.30999755859375,115.4000015258789,6467600,87.22193145751953
2018-07-31,115.70999908447266,115.86000061035156,115.63999938964844,115.76000213623047,6081600,87.4940414428711
2018-08-01,114.9000015258789,115.1500015258789,114.8499984741211,115.01000213623047,7255900,87.18550872802734
2018-08-02,115.05000305175781,115.16999816894531,114.87999725341797,115.1500015258789,6751500,87.29161071777344
2018-08-03,115.29000091552734,115.55000305175781,115.16000366210938,115.51000213623047,2711200,87.56452178955078
2018-08-06,115.58999633789062,115.76000213623047,115.58999633789062,115.62000274658203,3059800,87.6479263305664
2018-08-07,115.58999633789062,115.58999633789062,115.19999694824219,115.26000213623047,5397700,87.37504577636719
2018-08-08,115.16999816894531,115.2300033569336,115.08000183105469,115.08000183105469,7433200,87.23857116699219
2018-08-09,115.25,115.36000061035156,115.08999633789062,115.16999816894531,7273500,87.30680084228516
2018-08-10,115.0999984741211,115.5,115.02999877929688,115.36000061035156,4765900,87.45082092285156
2018-08-13,115.26000213623047,115.37999725341797,115.22000122070312,115.33000183105469,3145700,87.42806243896484
2018-08-14,115.48999786376953,115.52999877929688,115.41000366210938,115.4800033569336,7052500,87.54178619384766
2018-08-15,115.6500015258789,115.76000213623047,115.55000305175781,115.72000122070312,5208100,87.72371673583984
2018-08-16,115.81999969482422,115.88999938964844,115.69999694824219,115.87000274658203,5997900,87.83745574951172
2018-08-17,115.95999908447266,116.06999969482422,115.88999938964844,115.97000122070312,3871900,87.91325378417969
2018-08-20,116.25,116.37000274658203,116.18000030517578,116.2699966430664,2686800,88.140655517578125
2018-08-21,116.22000122070312,116.22000122070312,115.95999908447266,115.9800033569336,5480400,87.92083740234375
2018-08-22,116.22000122070312,116.23999786376953,115.94999694824219,115.97000122070312,6877700,87.91325378417969
2018-08-23,116.13999938964844,116.18000030517578,115.94000244140625,116.01000213623047,5693800,87.943572998046875
2018-08-24,115.88999938964844,116.29000091552734,115.8499984741211,116.23999786376953,5152500,88.117919921875
2018-08-27,116.0199966430664,116.16000366210938,116.01000213623047,116.05999755859375,3762200,87.98145294189453
2018-08-28,115.87000274658203,115.9800033569336,115.5999984741211,115.62000274658203,4026900,87.6479263305664
2018-08-29,115.7300033569336,115.75,115.41000366210938,115.5,10473500,87.55694580078125
2018-08-30,115.73999786376953,115.80999755859375,115.5199966430664,115.61000061035156,5682300,87.640350341796875
2018-08-31,115.80999755859375,115.83999633789062,115.43000030517578,115.44000244140625,4425800,87.51148986816406
2018-09-04,114.86000061035156,114.98999786376953,114.68000030517578,114.87999725341797,6468700,87.35028076171875
2018-09-05,114.83999633789062,114.87999725341797,114.77999877929688,114.80999755859375,6103200,87.29705047607422
2018-09-06,114.98999786376953,115.20999908447266,114.94999694824219,115.12999725341797,6918100,87.540374755859375
2018-09-07,114.76000213623047,114.76000213623047,114.62999725341797,114.6500015258789,4529100,87.1753921508789
2018-09-10,114.73999786376953,115.02999877929688,114.73999786376953,115.02999877929688,5512700,87.46437072753906
2018-09-11,114.80000305175781,114.88999938964844,114.72000122070312,114.7699966430664,5976900,87.2666015625
2018-09-12,114.97000122070312,115.12000274658203,114.95999908447266,115,5543100,87.44151306152344
2018-09-13,115.25,115.33000183105469,115.12999725341797,115.23999786376953,5584100,87.62398529052734
2018-09-14,115.01000213623047,115.16000366210938,114.94999694824219,115.0999984741211,7003500,87.51753997802734
2018-09-17,114.91000366210938,115.11000061035156,114.88999938964844,115.02999877929688,2667100,87.46437072753906
2018-09-18,114.80999755859375,114.80999755859375,114.5199966430664,114.55999755859375,5160900,87.10697174072266
2018-09-19,114.52999877929688,114.54000091552734,114.2300033569336,114.38999938964844,5220700,86.97771453857422
2018-09-20,114.41000366210938,114.80999755859375,114.38999938964844,114.69000244140625,6152400,87.2057876586914
2018-09-21,114.5999984741211,114.79000091552734,114.5999984741211,114.70999908447266,9404300,87.22102355957031
2018-09-24,114.4800033569336,114.5999984741211,114.37000274658203,114.44999694824219,10749400,87.0233383178711
2018-09-25,114.33000183105469,114.47000122070312,114.2300033569336,114.44999694824219,4087100,87.0233383178711
2018-09-26,114.6500015258789,114.93000030517578,114.52999877929688,114.86000061035156,7433600,87.3350601196289
2018-09-27,114.8499984741211,115.04000091552734,114.7699966430664,115.01000213623047,6323400,87.449127197265625
2018-09-28,115.13999938964844,115.13999938964844,114.9000015258789,114.93000030517578,12578500,87.3883056640625
2018-10-01,114.5,114.63999938964844,114.41999816894531,114.41999816894531,7550600,87.26778411865234
2018-10-02,114.55999755859375,114.75,114.5199966430664,114.5199966430664,11207800,87.344024658203125
2018-10-03,114.41000366210938,114.52999877929688,113.66000366210938,113.8499984741211,8400500,86.833038330078125
2018-10-04,113.55999755859375,113.66000366210938,113.2300033569336,113.37999725341797,9843800,86.47457122802734
2018-10-05,113.1500015258789,113.26000213623047,112.76000213623047,112.94000244140625,8785800,86.1389389038086
2018-10-08,113,113.01000213623047,112.80000305175781,112.81999969482422,1355200,86.047454833984375
2018-10-09,113,113.16999816894531,112.91000366210938,113.13999938964844,8416200,86.29151916503906
2018-10-10,112.86000061035156,113.01000213623047,112.58999633789062,112.83000183105469,12316400,86.0550765991211
2018-10-11,113.08000183105469,113.48999786376953,113.05000305175781,113.30000305175781,18587600,86.41352844238281
2018-10-12,113.33999633789062,113.52999877929688,113.16000366210938,113.31999969482422,8956700,86.4288101196289
2018-10-15,113.26000213623047,113.36000061035156,113.0999984741211,113.11000061035156,6636500,86.2686767578125
2018-10-16,113.16000366210938,113.4800033569336,113.05999755859375,113.4000015258789,9017800,86.48983001708984
2018-10-17,113.30999755859375,113.4000015258789,112.83999633789062,112.83999633789062,6880600,86.06270599365234
2018-10-18,112.7300033569336,112.9800033569336,112.5999984741211,112.83999633789062,10418000,86.06270599365234
2018-10-19,112.75,112.86000061035156,112.5999984741211,112.69999694824219,6355700,85.9559555053711
2018-10-22,112.83000183105469,112.8499984741211,112.52999877929688,112.55999755859375,7282900,85.84918975830078
2018-10-23,112.80999755859375,112.95999908447266,112.66000366210938,112.72000122070312,10277900,85.97119903564453
2018-10-24,112.94999694824219,113.05000305175781,112.81999969482422,112.87999725341797,7262000,86.09320068359375
2018-10-25,112.7300033569336,112.8499984741211,112.72000122070312,112.73999786376953,5653100,85.98645782470703
2018-10-26,112.97000122070312,113.08000183105469,112.91999816894531,112.93000030517578,4955300,86.13135528564453
2018-10-29,112.86000061035156,112.91999816894531,112.72000122070312,112.80000305175781,6573300,86.03223419189453
2018-10-30,112.58999633789062,112.66999816894531,112.44000244140625,112.55000305175781,7669600,85.8415298461914
2018-10-31,112.38999938964844,112.61000061035156,112.2300033569336,112.2300033569336,13156300,85.59748840332031
2018-11-01,111.70999908447266,112.20999908447266,111.66999816894531,112.19999694824219,14262000,85.8569107055664
2018-11-02,112.06999969482422,112.18000030517578,111.7300033569336,111.75,7738400,85.51250457763672
2018-11-05,111.8499984741211,112.04000091552734,111.8499984741211,111.94999694824219,5064000,85.665557861328125
2018-11-06,112.02999877929688,112.18000030517578,112.01000213623047,112.13999938964844,5787100,85.81095886230469
2018-11-07,112.62999725341797,112.70999908447266,112.37999725341797,112.43000030517578,13257500,86.03289794921875
2018-11-08,112.41000366210938,112.45999908447266,112.0999984741211,112.0999984741211,10934400,85.78038787841797
2018-11-09,112.18000030517578,112.33000183105469,112.08999633789062,112.18000030517578,8836800,85.84154510498047
2018-11-12,112.41000366210938,112.41000366210938,112.08000183105469,112.16999816894531,2876500,85.83393096923828
2018-11-13,112.05999755859375,112.12000274658203,111.95999908447266,112.0199966430664,7778400,85.719207763671875
2018-11-14,111.7300033569336,111.94000244140625,111.68000030517578,111.72000122070312,11595100,85.4896011352539
2018-11-15,111.58999633789062,111.66999816894531,111.31999969482422,111.51000213623047,15158300,85.32889556884766
2018-11-16,111.47000122070312,111.76000213623047,111.41000366210938,111.7300033569336,13503700,85.49726104736328
2018-11-19,111.47000122070312,111.6500015258789,111.41999816894531,111.62000274658203,9773700,85.41302490234375
2018-11-20,111.37999725341797,111.5999984741211,111.33000183105469,111.3499984741211,16168200,85.20646667480469
2018-11-21,111.62000274658203,111.72000122070312,111.44999694824219,111.58999633789062,10704600,85.3901138305664
2018-11-23,111.94000244140625,111.9800033569336,111.62999725341797,111.63999938964844,2924700,85.4283676147461
2018-11-26,111.7699966430664,111.81999969482422,111.63999938964844,111.69000244140625,5938900,85.46662139892578
2018-11-27,111.61000061035156,111.66000366210938,111.5199966430664,111.55000305175781,8581300,85.35948944091797
2018-11-28,111.51000213623047,111.94999694824219,111.29000091552734,111.8499984741211,13861300,85.58907318115234
2018-11-29,111.75,111.87000274658203,111.41999816894531,111.52999877929688,10939100,85.34420013427734
2018-11-30,111.55000305175781,111.58000183105469,111.25,111.45999908447266,14854800,85.2906723022461
2018-12-03,111.30999755859375,111.5999984741211,111.25,111.5199966430664,12740500,85.60765838623047
2018-12-04,111.72000122070312,111.9800033569336,111.52999877929688,111.54000091552734,13521500,85.6230239868164
2018-12-06,111.61000061035156,111.98999786376953,111.5999984741211,111.87999725341797,12752200,85.88399505615234
2018-12-07,112,112.05999755859375,111.73999786376953,111.88999938964844,11791900,85.8917007446289
2018-12-10,112.19999694824219,112.23999786376953,111.91000366210938,112.2300033569336,6886500,86.152679443359375
2018-12-11,112.37999725341797,112.55999755859375,112.26000213623047,112.43000030517578,10241100,86.30622863769531
2018-12-12,112.44999694824219,112.68000030517578,111.58999633789062,112.55000305175781,10001600,86.39837646484375
2018-12-13,112.73999786376953,112.91000366210938,112.7300033569336,112.8499984741211,6911200,86.62862396240234
2018-12-14,112.91000366210938,113.01000213623047,112.70999908447266,112.7300033569336,6037900,86.53651428222656
2018-12-17,112.7699966430664,112.98999786376953,112.7699966430664,112.8499984741211,6480500,86.62862396240234
2018-12-18,112.69999694824219,112.94000244140625,112.61000061035156,112.9000015258789,5923200,86.93822479248047
2018-12-19,113.05000305175781,113.30999755859375,112.80999755859375,112.80999755859375,10049200,86.86888122558594
2018-12-20,113.08000183105469,113.1500015258789,112.2699966430664,112.44000244140625,20942200,86.58399200439453
2018-12-21,112.58000183105469,112.68000030517578,112.13999938964844,112.33000183105469,11850700,86.49925994873047
2018-12-24,112.31999969482422,112.41000366210938,111.98999786376953,112.06999969482422,4384800,86.299041748046875
2018-12-26,112.08000183105469,112.20999908447266,111.79000091552734,111.9800033569336,7659300,86.229705810546875
2018-12-27,112.16000366210938,112.29000091552734,111.9800033569336,111.9800033569336,7797300,86.229705810546875
2018-12-28,112.0999984741211,112.52999877929688,112.0999984741211,112.51000213623047,4334500,86.63787841796875
2018-12-31,112.5199966430664,112.91999816894531,112.43000030517578,112.81999969482422,7008400,86.876617431640625
2019-01-02,112.81999969482422,113.19000244140625,112.77999877929688,113.16999816894531,9506500,87.1460952758789
2019-01-03,113,113.30000305175781,112.94999694824219,113.22000122070312,11199100,87.18458557128906
2019-01-04,112.87999725341797,113.19999694824219,112.80999755859375,113.1500015258789,12080700,87.13068389892578
2019-01-07,113.38999938964844,113.45999908447266,113.1500015258789,113.16000366210938,16150100,87.13841247558594
2019-01-08,113.20999908447266,113.44000244140625,113.20999908447266,113.41000366210938,7961400,87.33091735839844
2019-01-09,113.5,113.88999938964844,113.5,113.83999633789062,10534900,87.66202545166016
2019-01-10,113.7300033569336,113.7699966430664,113.43000030517578,113.54000091552734,10337000,87.43102264404297
2019-01-11,113.79000091552734,113.79000091552734,113.58999633789062,113.75,6890800,87.59273529052734
2019-01-14,113.62000274658203,113.79000091552734,113.41999816894531,113.44999694824219,4511400,87.3616943359375
2019-01-15,113.54000091552734,113.68000030517578,113.44999694824219,113.5199966430664,10536500,87.41559600830078
2019-01-16,113.5199966430664,113.9000015258789,113.45999908447266,113.73999786376953,17911800,87.58501434326172
2019-01-17,113.66000366210938,113.9800033569336,113.66000366210938,113.97000122070312,8756200,87.76214599609375
2019-01-18,113.95999908447266,114.27999877929688,113.95999908447266,114.16999816894531,12589700,87.91614532470703
2019-01-22,114.31999969482422,114.58000183105469,114.31999969482422,114.36000061035156,9101600,88.06246185302734
2019-01-23,114.45999908447266,114.73999786376953,114.38999938964844,114.6500015258789,11707200,88.28575897216797
2019-01-24,115.05000305175781,115.11000061035156,114.86000061035156,114.94999694824219,8874700,88.516815185546875
2019-01-25,114.9000015258789,115.05000305175781,114.87999725341797,115.05000305175781,8529200,88.59376525878906
2019-01-28,114.94999694824219,115.12000274658203,114.88999938964844,115.02999877929688,7830600,88.57841491699219
2019-01-29,115.16999816894531,115.27999877929688,115.06999969482422,115.27999877929688,9111300,88.77091217041016
2019-01-30,115.31999969482422,115.80999755859375,115.16999816894531,115.80999755859375,17275500,89.17902374267578
2019-01-31,116.20999908447266,116.69999694824219,116.19000244140625,116.62000274658203,12004200,89.80274200439453
2019-02-01,116.12000274658203,116.30999755859375,115.91999816894531,115.98999786376953,15158400,89.58882141113281
2019-02-04,115.87000274658203,115.88999938964844,115.61000061035156,115.83000183105469,7375500,89.46522521972656
2019-02-05,116.0999984741211,116.4800033569336,116.08999633789062,116.30000305175781,9298100,89.82829284667969
2019-02-06,116.37999725341797,116.4000015258789,116.04000091552734,116.08000183105469,7083600,89.65834045410156
2019-02-07,116,116.08000183105469,115.77999877929688,116.05999755859375,12973200,89.64283752441406
2019-02-08,116.1500015258789,116.37999725341797,116.11000061035156,116.3499984741211,5502500,89.86686706542969
2019-02-11,116.27999877929688,116.27999877929688,116,116.08999633789062,5353800,89.666046142578125
2019-02-12,116.08000183105469,116.25,116.02999877929688,116.25,10689100,89.78961944580078
2019-02-13,116.01000213623047,116.0999984741211,115.88999938964844,115.94999694824219,9595200,89.55790710449219
2019-02-14,116.23999786376953,116.23999786376953,115.94000244140625,116.08000183105469,14906100,89.65834045410156
2019-02-15,116.02999877929688,116.26000213623047,116.02999877929688,116.22000122070312,8298000,89.7664566040039
2019-02-19,116.44000244140625,116.44000244140625,116.16999816894531,116.29000091552734,6920300,89.82048034667969
2019-02-20,116.19000244140625,116.2300033569336,115.98999786376953,116.19000244140625,8577400,89.74327850341797
2019-02-21,115.76000213623047,115.9800033569336,115.73999786376953,115.86000061035156,6311000,89.488372802734375
2019-02-22,115.97000122070312,116.4800033569336,115.97000122070312,116.37999725341797,4110600,89.890045166015625
2019-02-25,116.26000213623047,116.44999694824219,116.25,116.33999633789062,6026200,89.859130859375
2019-02-26,116.51000213623047,116.58999633789062,116.41000366210938,116.5199966430664,6360600,89.9981918334961
2019-02-27,116.37000274658203,116.37000274658203,116.11000061035156,116.19000244140625,7008500,89.74327850341797
2019-02-28,116.25,116.37000274658203,115.95999908447266,116.02999877929688,12468400,89.619720458984375
2019-03-01,115.73999786376953,115.87999725341797,115.41999816894531,115.47000122070312,12714100,89.46320343017578
2019-03-04,115.80999755859375,115.86000061035156,115.68000030517578,115.7300033569336,9453600,89.66465759277344
2019-03-05,115.69000244140625,115.79000091552734,115.56999969482422,115.7699966430664,9090400,89.69560241699219
2019-03-06,115.80999755859375,115.95999908447266,115.73999786376953,115.87999725341797,6278700,89.78084564208984
2019-03-07,116.0999984741211,116.30000305175781,116.02999877929688,116.26000213623047,7355500,90.07527923583984
2019-03-08,116.11000061035156,116.43000030517578,115.91000366210938,116.41000366210938,7386600,90.19149017333984
2019-03-11,116.38999938964844,116.54000091552734,116.30999755859375,116.54000091552734,7813600,90.29219055175781
2019-03-12,116.56999969482422,116.94000244140625,116.55999755859375,116.86000061035156,7994600,90.54014587402344
2019-03-13,116.54000091552734,116.70999908447266,116.54000091552734,116.66999816894531,5834000,90.3929443359375
2019-03-14,116.62999725341797,116.63999938964844,116.33999633789062,116.44000244140625,5395300,90.21473693847656
2019-03-15,116.76000213623047,117.0199966430664,116.69999694824219,116.86000061035156,8537000,90.54014587402344
2019-03-18,116.77999877929688,116.88999938964844,116.75,116.80000305175781,4308300,90.49365234375
2019-03-19,116.62999725341797,116.93000030517578,116.62999725341797,116.81999969482422,8074700,90.50914764404297
2019-03-20,116.88999938964844,117.66000366210938,116.77999877929688,117.61000061035156,16202600,91.1212387084961
2019-03-21,117.5199966430664,117.91000366210938,117.5199966430664,117.83000183105469,14163200,91.29170227050781
2019-03-22,118.20999908447266,118.63999938964844,118.20999908447266,118.55000305175781,10576900,91.84950256347656
2019-03-25,118.56999969482422,119,118.37000274658203,118.79000091552734,7096100,92.03546905517578
2019-03-26,118.73999786376953,118.93000030517578,118.58999633789062,118.83999633789062,7766500,92.07421875
2019-03-27,119,119.22000122070312,118.91999816894531,119,7484100,92.19818878173828
2019-03-28,119.02999877929688,119.1500015258789,118.91000366210938,119.1500015258789,4621200,92.314361572265625
2019-03-29,118.83000183105469,119.1500015258789,118.79000091552734,119.05999755859375,8415100,92.24461364746094
2019-04-01,118.44999694824219,118.62000274658203,118.19999694824219,118.26000213623047,9567400,91.9011459350586
2019-04-02,118.27999877929688,118.44999694824219,118.19000244140625,118.41999816894531,7733300,92.02546691894531
2019-04-03,118.1500015258789,118.29000091552734,118.11000061035156,118.16999816894531,6048400,91.83122253417969
2019-04-04,118.19999694824219,118.36000061035156,118.11000061035156,118.36000061035156,7510600,91.9788589477539
2019-04-05,118.33999633789062,118.69000244140625,118.26000213623047,118.55000305175781,9326200,92.12654113769531
2019-04-08,118.5199966430664,118.56999969482422,118.3499984741211,118.37999725341797,8564800,91.99439239501953
2019-04-09,118.69000244140625,118.83000183105469,118.58000183105469,118.62999725341797,7749000,92.18866729736328
2019-04-10,118.87000274658203,119.2699966430664,118.86000061035156,119.20999908447266,5765300,92.63939666748047
2019-04-11,119.05999755859375,119.20999908447266,119.01000213623047,119.08999633789062,7769500,92.54615783691406
2019-04-12,118.98999786376953,119.12000274658203,118.88999938964844,119.0199966430664,11083800,92.49176025390625
2019-04-15,119.01000213623047,119.08000183105469,118.83000183105469,118.83000183105469,12427300,92.3441162109375
2019-04-16,118.79000091552734,118.79000091552734,118.48999786376953,118.5,10302700,92.08766174316406
2019-04-17,118.62000274658203,118.72000122070312,118.47000122070312,118.4800033569336,6062300,92.07213592529297
2019-04-18,118.75,118.80000305175781,118.55000305175781,118.58000183105469,8060000,92.14984893798828
2019-04-22,118.45999908447266,118.52999877929688,118.33999633789062,118.38999938964844,6581900,92.00220489501953
2019-04-23,118.55999755859375,118.87999725341797,118.54000091552734,118.87999725341797,7389700,92.382965087890625
2019-04-24,119.16000366210938,119.4000015258789,119.12999725341797,119.27999877929688,6463200,92.69384002685547
2019-04-25,119.16999816894531,119.2699966430664,119.02999877929688,119.22000122070312,4404000,92.64717102050781
2019-04-26,119.62000274658203,119.70999908447266,119.5,119.63999938964844,3406100,92.97359466552734
2019-04-29,119.37999725341797,119.43000030517578,119.11000061035156,119.16999816894531,5847500,92.60832977294922
2019-04-30,119.1500015258789,119.3499984741211,119.0999984741211,119.22000122070312,9753300,92.64717102050781
2019-05-01,119,119.56999969482422,118.83000183105469,118.83000183105469,12804300,92.61756896972656
2019-05-02,118.69999694824219,118.73999786376953,118.29000091552734,118.4000015258789,11748200,92.282440185546875
2019-05-03,118.6500015258789,118.97000122070312,118.6500015258789,118.93000030517578,7481000,92.69551086425781
2019-05-06,119.02999877929688,119.2300033569336,118.87999725341797,119.08999633789062,8077400,92.8202133178711
2019-05-07,119.27999877929688,119.29000091552734,119,119.08000183105469,11575500,92.81244659423828
2019-05-08,119.1500015258789,119.19999694824219,118.63999938964844,118.68000030517578,11843100,92.500640869140625
2019-05-09,118.93000030517578,118.94999694824219,118.61000061035156,118.79000091552734,11586200,92.58638763427734
2019-05-10,118.75,118.91999816894531,118.70999908447266,118.86000061035156,8155600,92.6409683227539
2019-05-13,118.86000061035156,119.12999725341797,118.77999877929688,118.93000030517578,16744900,92.69551086425781
2019-05-14,119,119.12000274658203,118.91999816894531,119.0999984741211,7993500,92.828033447265625
2019-05-15,119.41000366210938,119.44999694824219,119.18000030517578,119.43000030517578,10804400,93.0852279663086
2019-05-16,119.33999633789062,119.33999633789062,119.20999908447266,119.23999786376953,11716300,92.93712615966797
2019-05-17,119.37999725341797,119.44000244140625,119.2300033569336,119.25,7746100,92.94490051269531
2019-05-20,119.22000122070312,119.30999755859375,118.95999908447266,118.97000122070312,2890900,92.72669982910156
2019-05-21,119.08999633789062,119.11000061035156,118.93000030517578,119.06999969482422,3610100,92.80463409423828
2019-05-22,119.13999938964844,119.30999755859375,119.04000091552734,119.22000122070312,9526200,92.9215087890625
2019-05-23,119.2699966430664,119.61000061035156,119.19000244140625,119.4800033569336,9983400,93.12418365478516
2019-05-24,119.63999938964844,119.75,119.5199966430664,119.7300033569336,5981700,93.3190689086914
2019-05-28,119.93000030517578,120,119.7699966430664,119.80999755859375,9039100,93.381378173828125
2019-05-29,119.87999725341797,120.02999877929688,119.81999969482422,119.86000061035156,8778000,93.42033386230469
2019-05-30,120.0999984741211,120.58999633789062,120.01000213623047,120.55000305175781,11946400,93.958160400390625
2019-05-31,120.62000274658203,120.83999633789062,120.38999938964844,120.83000183105469,11611700,94.17639923095703
2019-06-03,120.75,120.91000366210938,120.41000366210938,120.83000183105469,12525200,94.4664535522461
2019-06-04,120.52999877929688,120.93000030517578,120.52999877929688,120.87000274658203,20566100,94.49772644042969
2019-06-05,120.97000122070312,121.18000030517578,120.68000030517578,120.79000091552734,10423100,94.4351577758789
2019-06-06,120.95999908447266,121.12000274658203,120.81999969482422,121.0199966430664,14133600,94.61498260498047
2019-06-07,121.5,121.8499984741211,121.43000030517578,121.55999755859375,11912900,95.03716278076172
2019-06-10,121.33999633789062,121.47000122070312,121.11000061035156,121.12000274658203,13072400,94.6931381225586
2019-06-11,121.19999694824219,121.31999969482422,121.02999877929688,121.2300033569336,17076700,94.77918243408203
2019-06-12,121.23999786376953,121.43000030517578,121.1500015258789,121.41000366210938,11814400,94.91991424560547
2019-06-13,121.44999694824219,121.75,121.44999694824219,121.72000122070312,6665700,95.1622543334961
2019-06-14,121.55000305175781,121.81999969482422,121.45999908447266,121.7699966430664,4652300,95.20137023925781
2019-06-17,121.69000244140625,121.93000030517578,121.62000274658203,121.83000183105469,6213200,95.248260498046875
2019-06-18,122.45999908447266,122.7699966430664,122.33999633789062,122.63999938964844,19575000,95.88151550292969
2019-06-19,122.3499984741211,123.44999694824219,122.2300033569336,123.41999816894531,17597800,96.4913558959961
2019-06-20,123.9000015258789,124.16000366210938,123.69999694824219,124.08999633789062,24937900,97.01512908935547
2019-06-21,123.68000030517578,123.88999938964844,123.4800033569336,123.63999938964844,18566400,96.66333770751953
2019-06-24,123.94999694824219,124.16999816894531,123.77999877929688,123.94999694824219,15241600,96.90570068359375
2019-06-25,123.94999694824219,123.98999786376953,123.47000122070312,123.58000183105469,17843700,96.616424560546875
2019-06-26,123.83999633789062,123.83999633789062,123.27999877929688,123.33000183105469,24436700,96.42096710205078
2019-06-27,123.63999938964844,124.13999938964844,123.54000091552734,124.05000305175781,10314500,96.98387908935547
2019-06-28,124.11000061035156,124.44000244140625,124.08999633789062,124.37000274658203,9512100,97.23406982421875
2019-07-01,124.20999908447266,124.54000091552734,123.94000244140625,124.25,19129900,97.41828918457031
2019-07-02,124.31999969482422,124.6500015258789,124.19999694824219,124.58999633789062,15843800,97.68485260009766
2019-07-03,124.6500015258789,124.95999908447266,124.58999633789062,124.93000030517578,6947300,97.95146942138672
2019-07-05,124.04000091552734,124.1500015258789,123.33999633789062,123.83000183105469,7889900,97.0890121459961
2019-07-08,124,124.05000305175781,123.66000366210938,123.66000366210938,9239200,96.95569610595703
2019-07-09,123.58999633789062,123.62000274658203,123.33999633789062,123.4000015258789,15877100,96.75187683105469
2019-07-10,123.55000305175781,123.83999633789062,123.4800033569336,123.68000030517578,9551800,96.97137451171875
2019-07-11,123.44999694824219,123.63999938964844,122.8499984741211,122.94999694824219,7101300,96.39905548095703
2019-07-12,122.9000015258789,123.13999938964844,122.83999633789062,123.06999969482422,6363600,96.49312591552734
2019-07-15,123.19999694824219,123.33999633789062,123.08999633789062,123.27999877929688,7705000,96.657806396484375
2019-07-16,122.8499984741211,123.04000091552734,122.70999908447266,123.0199966430664,9867500,96.45391082763672
2019-07-17,123.1500015258789,123.68000030517578,123.1500015258789,123.66999816894531,6620400,96.96355438232422
2019-07-18,123.61000061035156,124.08999633789062,123.36000061035156,123.95999908447266,10357300,97.19095611572266
2019-07-19,123.83000183105469,124.05999755859375,123.6500015258789,123.7699966430664,8789300,97.04194641113281
2019-07-22,124.25,124.2699966430664,124.08999633789062,124.1500015258789,4464800,97.33992767333984
2019-07-23,124.23999786376953,124.23999786376953,123.97000122070312,124.22000122070312,7013600,97.3947982788086
2019-07-24,124.38999938964844,124.58000183105469,124.22000122070312,124.56999969482422,11851200,97.669219970703125
2019-07-25,124.41000366210938,124.48999786376953,123.87000274658203,124.16999816894531,9943100,97.35557556152344
2019-07-26,124.43000030517578,124.48999786376953,124.16999816894531,124.33999633789062,7285100,97.48889923095703
2019-07-29,124.48999786376953,124.51000213623047,124.25,124.26000213623047,7379600,97.426177978515625
2019-07-30,124.22000122070312,124.30999755859375,123.91999816894531,124.22000122070312,12112000,97.3947982788086
2019-07-31,124.3499984741211,124.7300033569336,123.80999755859375,124.33000183105469,17422700,97.4810562133789
2019-08-01,124.30999755859375,125.30999755859375,124.22000122070312,124.98999786376953,16216800,98.27357482910156
2019-08-02,124.94999694824219,125.1500015258789,124.83999633789062,125.12000274658203,14629500,98.37580108642578
2019-08-05,125.51000213623047,125.51000213623047,125.12999725341797,125.20999908447266,12715500,98.44654846191406
2019-08-06,125.58000183105469,126.04000091552734,125.33000183105469,125.98999786376953,14920200,99.05982971191406
2019-08-07,126.47000122070312,126.66000366210938,125.86000061035156,125.97000122070312,24644100,99.04410552978516
2019-08-08,125.77999877929688,126.36000061035156,125.52999877929688,126.30999755859375,8353800,99.311431884765625
2019-08-09,126.30999755859375,126.3499984741211,125.88999938964844,125.94000244140625,6375900,99.02052307128906
2019-08-12,126.30000305175781,126.83000183105469,126.26000213623047,126.7300033569336,8075100,99.64167785644531
2019-08-13,126.81999969482422,126.94999694824219,126.44999694824219,126.62999725341797,10955000,99.56304931640625
2019-08-14,127.0999984741211,127.19999694824219,126.83000183105469,127,9070900,99.85392761230469
2019-08-15,127.1500015258789,128,127.05000305175781,127.62000274658203,11378300,100.34142303466797
2019-08-16,127.31999969482422,127.9000015258789,127.06999969482422,127.8499984741211,10842200,100.5222396850586
2019-08-19,127.16999816894531,127.62000274658203,127,127.43000030517578,7226200,100.19202423095703
2019-08-20,127.8499984741211,128.22000122070312,127.72000122070312,128.1699981689453,11402300,100.77387237548828
2019-08-21,127.87000274658203,128.72999572753906,127.87000274658203,128.39999389648438,9344000,100.95467376708984
2019-08-22,128.25,128.5,127.87999725341797,127.93000030517578,7054000,100.58516693115234
2019-08-23,127.79000091552734,128.7100067138672,127.7699966430664,128.39999389648438,7998600,100.95467376708984
2019-08-26,128.47999572753906,128.72000122070312,128.2100067138672,128.41000366210938,6305900,100.96258544921875
2019-08-27,128.75,129.1999969482422,128.75,129.10000610351562,12644100,101.505126953125
2019-08-28,129.39999389648438,129.4600067138672,129.00999450683594,129.10000610351562,8935800,101.505126953125
2019-08-29,129.05999755859375,129.10000610351562,128.35000610351562,128.82000732421875,17900500,101.28496551513672
2019-08-30,128.6699981689453,128.83999633789062,128.4199981689453,128.8000030517578,8653700,101.26921844482422
2019-09-03,128.3699951171875,128.72000122070312,127.94000244140625,128.3300018310547,22683500,101.17379760742188
2019-09-04,128.07000732421875,128.7100067138672,128.07000732421875,128.57000732421875,8502600,101.36302185058594
2019-09-05,127.94999694824219,128.24000549316406,127.41999816894531,127.62999725341797,19042800,100.6219253540039
2019-09-06,127.83999633789062,128.19000244140625,127.77999877929688,128.08999633789062,8914800,100.98458099365234
2019-09-09,127.47000122070312,127.55999755859375,127.1500015258789,127.1500015258789,7219000,100.24349212646484
2019-09-10,126.97000122070312,126.98999786376953,126.06999969482422,126.08000183105469,9863400,99.399932861328125
2019-09-11,126,126.31999969482422,125.91000366210938,125.9800033569336,8165800,99.321075439453125
2019-09-12,126.66000366210938,126.76000213623047,125.7300033569336,125.80999755859375,11506000,99.1870346069336
2019-09-13,125.36000061035156,125.58999633789062,124.68000030517578,124.68000030517578,8984600,98.29618835449219
2019-09-16,125.12999725341797,125.43000030517578,124.93000030517578,125.30999755859375,11464700,98.79286193847656
2019-09-17,125.26000213623047,125.80999755859375,125.16000366210938,125.62999725341797,12480700,99.04512786865234
2019-09-18,126.06999969482422,126.45999908447266,125.52999877929688,125.94000244140625,9162300,99.28955841064453
2019-09-19,126.41000366210938,126.61000061035156,126.20999908447266,126.30000305175781,9042800,99.573394775390625
2019-09-20,126.69000244140625,127.2300033569336,126.55999755859375,127.16999816894531,10406200,100.25926971435547
2019-09-23,127.38999938964844,127.58000183105469,127.05000305175781,127.08000183105469,9526600,100.18828582763672
2019-09-24,127.41000366210938,127.6500015258789,127.29000091552734,127.4800033569336,12638700,100.50365447998047
2019-09-25,127.27999877929688,127.36000061035156,126.62999725341797,126.76000213623047,13852300,99.936065673828125
2019-09-26,127.19000244140625,127.2699966430664,127,127.02999877929688,8377600,100.14888000488281
2019-09-27,127.1500015258789,127.22000122070312,126.93000030517578,127.05999755859375,8627800,100.17253875732422
2019-09-30,126.95999908447266,127.51000213623047,126.86000061035156,127.4800033569336,10769500,100.50365447998047
2019-10-01,126.55999755859375,127.66000366210938,126.55999755859375,127.29000091552734,13233900,100.6190414428711
2019-10-02,127.25,127.3499984741211,126.97000122070312,127.23999786376953,11377000,100.57955169677734
2019-10-03,127.43000030517578,127.91999816894531,127.43000030517578,127.73999786376953,13985000,100.97476959228516
2019-10-04,128.02999877929688,128.27000427246094,127.94999694824219,128.27000427246094,9168500,101.39374542236328
2019-10-07,127.91000366210938,128,127.61000061035156,127.62000274658203,6989300,100.87992095947266
2019-10-08,127.91000366210938,127.98999786376953,127.4800033569336,127.51000213623047,8635500,100.79296875
2019-10-09,127.77999877929688,127.77999877929688,127.27999877929688,127.55999755859375,9929500,100.83250427246094
2019-10-10,127.13999938964844,127.19999694824219,126.66000366210938,126.80999755859375,7962200,100.23966217041016
2019-10-11,126.48999786376953,126.7699966430664,126.05000305175781,126.58000183105469,11061500,100.0578384399414
2019-10-14,126.9000015258789,127.05000305175781,126.69999694824219,127,2276500,100.38983154296875
2019-10-15,127.05000305175781,127.05000305175781,126.56999969482422,126.66000366210938,13199100,100.12106323242188
2019-10-16,126.73999786376953,126.91000366210938,126.51000213623047,126.80000305175781,7793500,100.23173522949219
2019-10-17,126.81999969482422,127.19000244140625,126.70999908447266,126.9800033569336,5795300,100.37403106689453
2019-10-18,127.13999938964844,127.33999633789062,127.05000305175781,127.13999938964844,5978200,100.50048828125
2019-10-21,126.9000015258789,127,126.80000305175781,126.8499984741211,6457700,100.27127075195312
2019-10-22,127.23999786376953,127.26000213623047,126.87999725341797,127.06999969482422,5820000,100.4451675415039
2019-10-23,127.30999755859375,127.37000274658203,127.08999633789062,127.13999938964844,4986100,100.50048828125
2019-10-24,127.2699966430664,127.55999755859375,127.2699966430664,127.41999816894531,9154900,100.72183227539062
2019-10-25,127.4800033569336,127.4800033569336,127.02999877929688,127.19999694824219,6263000,100.54792022705078
2019-10-28,126.80000305175781,126.94000244140625,126.72000122070312,126.81999969482422,9081600,100.24755859375
2019-10-29,126.7699966430664,126.87999725341797,126.4800033569336,126.48999786376953,9236700,99.98674011230469
2019-10-30,126.45999908447266,127.01000213623047,126.43000030517578,126.94000244140625,12250700,100.34239959716797
2019-10-31,127.41000366210938,127.79000091552734,127.26000213623047,127.70999908447266,18082800,100.9510726928711
2019-11-01,127.37999725341797,127.83000183105469,127.30000305175781,127.48999786376953,11238400,101.0501480102539
2019-11-04,127.1500015258789,127.18000030517578,126.8499984741211,126.88999938964844,10122100,100.5745849609375
2019-11-05,126.33999633789062,126.55999755859375,126.0199966430664,126.16000366210938,10409200,99.9959716796875
2019-11-06,126.51000213623047,126.9000015258789,126.5,126.87000274658203,8496500,100.5587387084961
2019-11-07,126.31999969482422,126.44000244140625,125.73999786376953,125.87999725341797,14799000,99.77404022216797
2019-11-08,125.86000061035156,126.16999816894531,125.70999908447266,125.70999908447266,6256300,99.6393051147461
2019-11-11,125.95999908447266,125.98999786376953,125.66000366210938,125.75,3231600,99.67100524902344
2019-11-12,125.86000061035156,125.97000122070312,125.61000061035156,125.87000274658203,9936600,99.76615905761719
2019-11-13,126.2300033569336,126.33999633789062,126.11000061035156,126.16999816894531,10280100,100.0039291381836
2019-11-14,126.63999938964844,126.91000366210938,126.63999938964844,126.83000183105469,10163800,100.52699279785156
2019-11-15,126.73999786376953,126.98999786376953,126.5999984741211,126.8499984741211,5411900,100.5428695678711
2019-11-18,127.04000091552734,127.16999816894531,126.91000366210938,126.98999786376953,9148900,100.65383911132812
2019-11-19,127.08000183105469,127.27999877929688,127.04000091552734,127.23999786376953,3818800,100.85200500488281
2019-11-20,127.41000366210938,127.55000305175781,127.30999755859375,127.41999816894531,5395800,100.99465942382812
2019-11-21,127.16999816894531,127.30000305175781,127.01000213623047,127.12000274658203,8425700,100.75690460205078
2019-11-22,127.41999816894531,127.51000213623047,127.2300033569336,127.47000122070312,5276600,101.03433990478516
2019-11-25,127.63999938964844,127.9800033569336,127.62999725341797,127.91000366210938,6808600,101.38308715820312
2019-11-26,128.0500030517578,128.3300018310547,128.02999877929688,128.24000549316406,8688800,101.64459991455078
2019-11-27,127.98999786376953,128.27999877929688,127.9800033569336,128.22999572753906,7264000,101.6366958618164
2019-11-29,128.17999267578125,128.25999450683594,127.83999633789062,127.97000122070312,5260900,101.43057250976562
2019-12-02,127.06999969482422,127.1500015258789,126.80000305175781,127.06999969482422,14911500,100.99029541015625
2019-12-03,127.63999938964844,128.1699981689453,127.51000213623047,128.0500030517578,9376800,101.76919555664062
2019-12-04,127.8499984741211,128.02000427246094,127.45999908447266,127.87999725341797,11177600,101.63406372070312
2019-12-05,127.68000030517578,127.8499984741211,127.47000122070312,127.73999786376953,5700600,101.52278137207031
2019-12-06,127.37000274658203,127.86000061035156,127.30000305175781,127.66999816894531,6149500,101.4671630859375
2019-12-09,127.9800033569336,127.98999786376953,127.62000274658203,127.6500015258789,4545300,101.45130157470703
2019-12-10,127.81999969482422,127.93000030517578,127.52999877929688,127.6500015258789,6425500,101.45130157470703
2019-12-11,127.87999725341797,128.2899932861328,127.83000183105469,128.14999389648438,4417100,101.84864807128906
2019-12-12,128.08999633789062,128.1300048828125,127.16999816894531,127.55999755859375,10375000,101.37973022460938
2019-12-13,128.0399932861328,128.4600067138672,127.69999694824219,128.38999938964844,12474100,102.03939819335938
2019-12-16,128.24000549316406,128.30999755859375,127.97000122070312,128.10000610351562,8062600,101.80889129638672
2019-12-17,128.22000122070312,128.35000610351562,127.97000122070312,128,10886800,101.72943115234375
2019-12-18,128.00999450683594,128.11000061035156,127.80999755859375,127.91000366210938,10205500,101.65789794921875
2019-12-19,127.56999969482422,127.83999633789062,127.5,127.69999694824219,9307000,101.7583236694336
2019-12-20,127.62999725341797,127.7300033569336,127.4800033569336,127.66000366210938,8336900,101.72645568847656
2019-12-23,127.80000305175781,127.86000061035156,127.47000122070312,127.72000122070312,3827500,101.7742691040039
2019-12-24,127.55999755859375,127.95999908447266,127.5,127.8499984741211,2638000,101.8778305053711
2019-12-26,128.0399932861328,128.10000610351562,127.80000305175781,128.0800018310547,3879900,102.06111145019531
2019-12-27,128.35000610351562,128.39999389648438,128.25999450683594,128.25999450683594,8752100,102.20455169677734
2019-12-30,127.9000015258789,128.5,127.77999877929688,128.49000549316406,9993800,102.38785552978516
2019-12-31,128.00999450683594,128.25,127.88999938964844,127.95999908447266,5499400,101.96549224853516
2020-01-02,128.33999633789062,128.57000732421875,128.05999755859375,128.22999572753906,15348700,102.18064880371094
2020-01-03,128.39999389648438,128.7100067138672,128.27000427246094,128.6699981689453,10110900,102.53128814697266
2020-01-06,128.69000244140625,128.86000061035156,128.13999938964844,128.24000549316406,13894300,102.18864440917969
2020-01-07,128.1699981689453,128.17999267578125,127.83999633789062,127.91000366210938,8211700,101.92566680908203
2020-01-08,128.00999450683594,128.32000732421875,127.66999816894531,127.7300033569336,12268500,101.78223419189453
2020-01-09,127.69999694824219,128.38999938964844,127.66000366210938,128.33999633789062,14415100,102.26830291748047
2020-01-10,128.47000122070312,128.85000610351562,128.41000366210938,128.6999969482422,8263500,102.55519104003906
2020-01-13,128.52000427246094,128.5500030517578,128.3300018310547,128.38999938964844,4477400,102.30814361572266
2020-01-14,128.36000061035156,128.57000732421875,128.32000732421875,128.5500030517578,11066300,102.43563842773438
2020-01-15,128.8000030517578,128.8699951171875,128.63999938964844,128.8300018310547,8712400,102.65874481201172
2020-01-16,128.89999389648438,129.11000061035156,128.75,129.00999450683594,13926100,102.80216217041016
2020-01-17,128.92999267578125,129.08999633789062,128.60000610351562,128.99000549316406,13727800,102.78627014160156
2020-01-21,129.36000061035156,129.6699981689453,129.07000732421875,129.61000061035156,16807300,103.28026580810547
2020-01-22,129.83999633789062,129.8800048828125,129.6699981689453,129.67999267578125,9928600,103.3360595703125
2020-01-23,129.91000366210938,130,129.74000549316406,129.85000610351562,13623200,103.47157287597656
2020-01-24,130.1300048828125,130.22000122070312,129.9600067138672,130.07000732421875,11604500,103.64685821533203
2020-01-27,130.19000244140625,130.4499969482422,130.13999938964844,130.32000732421875,10461200,103.8460693359375
2020-01-28,130.4499969482422,130.55999755859375,130.1199951171875,130.25,12055900,103.7903060913086
2020-01-29,130.60000610351562,130.8800048828125,130.58999633789062,130.6699981689453,11174700,104.12496948242188
2020-01-30,130.72000122070312,130.9499969482422,130.47000122070312,130.75,14619200,104.1887435913086
2020-01-31,130.9600067138672,131.16000366210938,130.77000427246094,131.08999633789062,20194800,104.45965576171875
2020-02-03,130.5800018310547,130.80999755859375,130.4199981689453,130.64999389648438,11216300,104.37737274169922
2020-02-04,130.4199981689453,130.5,130.1300048828125,130.3300018310547,16799300,104.12171936035156
2020-02-05,130.1699981689453,130.30999755859375,130.08999633789062,130.25,9587500,104.05780029296875
2020-02-06,130.2899932861328,130.44000244140625,130.17999267578125,130.19000244140625,11028900,104.00989532470703
2020-02-07,130.72000122070312,130.88999938964844,130.5800018310547,130.69000244140625,11517200,104.4093246459961
2020-02-10,130.89999389648438,131.05999755859375,130.8000030517578,131,10405800,104.65697479248047
2020-02-11,130.88999938964844,131.07000732421875,130.7899932861328,130.80999755859375,10052700,104.50521850585938
2020-02-12,130.6999969482422,130.80999755859375,130.60000610351562,130.75,7069100,104.45726013183594
2020-02-13,130.75,130.91000366210938,130.63999938964844,130.66000366210938,5437400,104.3853759765625
2020-02-14,131.05999755859375,131.13999938964844,130.85000610351562,130.97999572753906,8254500,104.64093780517578
2020-02-18,131.1300048828125,131.35000610351562,131.02999877929688,131.22999572753906,9650900,104.84071350097656
2020-02-19,131.1199951171875,131.2899932861328,131.00999450683594,131.0500030517578,10731500,104.6968994140625
2020-02-20,131.16000366210938,131.49000549316406,131.13999938964844,131.49000549316406,13706000,105.04844665527344
2020-02-21,131.77999877929688,132.0500030517578,131.6699981689453,131.75,12192700,105.25619506835938
2020-02-24,132.02000427246094,132.16000366210938,131.75999450683594,131.77000427246094,17894700,105.27214813232422
2020-02-25,131.89999389648438,132.1999969482422,131.75,131.89999389648438,19930500,105.37601470947266
2020-02-26,131.5,132.0399932861328,131.39999389648438,131.41000366210938,23073400,104.9845199584961
2020-02-27,131.6300048828125,131.89999389648438,130.69000244140625,130.7100067138672,29687900,104.42528533935547
2020-02-28,131.00999450683594,132.2899932861328,130.75999450683594,132.17999267578125,25073300,105.5997314453125
2020-03-02,131.8699951171875,132.50999450683594,131.60000610351562,131.6999969482422,15922600,105.49479675292969
2020-03-03,131.8300018310547,133.99000549316406,131.75,133.1999969482422,39141000,106.69629669189453
2020-03-04,133.61000061035156,134.05999755859375,133.25,133.38999938964844,23702000,106.84848022460938
2020-03-05,133.72000122070312,133.8699951171875,133.05999755859375,133.33999633789062,22089500,106.80842590332031
2020-03-06,134.1999969482422,134.52999877929688,133.49000549316406,134.27000427246094,30099900,107.55339050292969
2020-03-09,131.2899932861328,133.22000122070312,130.35000610351562,131.00999450683594,27166000,104.94208526611328
2020-03-10,130.91000366210938,131.36000061035156,128.05999755859375,128.05999755859375,30024700,102.57905578613281
2020-03-11,128.0800018310547,128.27000427246094,123.19999694824219,123.8499984741211,37310300,99.206756591796875
2020-03-12,121.43000030517578,125.80000305175781,115.72000122070312,117.94000244140625,41021400,94.472686767578125
2020-03-13,121.48999786376953,124,119.23999786376953,123.05000305175781,33470600,98.56591033935547
2020-03-16,116.31999969482422,122.05000305175781,115.20999908447266,121.30000305175781,19928900,97.16413879394531
2020-03-17,119.44999694824219,121.05000305175781,115.38999938964844,116.33000183105469,19074000,93.18305206298828
2020-03-18,112.72000122070312,114.70999908447266,108.31999969482422,110.51000213623047,23808700,88.5210952758789
2020-03-19,109.08000183105469,110,104.94999694824219,105.05000305175781,29077100,84.14752960205078
2020-03-20,108.87000274658203,110.63999938964844,105.80000305175781,106.73999786376953,29390100,85.50121307373047
2020-03-23,111.06999969482422,115.13999938964844,110.83000183105469,114.62999725341797,36918800,91.82130432128906
2020-03-24,115.54000091552734,118.72000122070312,114.8499984741211,116.9800033569336,43049700,93.7037124633789
2020-03-25,117.88999938964844,123.5999984741211,117.19000244140625,122.58000183105469,45181000,98.18943786621094
2020-03-26,122.5,123.33000183105469,121.25,122.68000030517578,21893500,98.26951599121094
2020-03-27,121.58000183105469,122.62000274658203,120.55999755859375,122.43000030517578,27730300,98.06927490234375
2020-03-30,122.83999633789062,125,122.83999633789062,123.91999816894531,19272700,99.26280212402344
2020-03-31,124.08999633789062,124.91000366210938,122.98999786376953,123.51000213623047,23901400,98.93444061279297
2020-04-01,122.55000305175781,122.5999984741211,121.31999969482422,121.41000366210938,21859400,97.4969482421875
2020-04-02,121.66000366210938,123.5,121.51000213623047,121.7300033569336,22929500,97.753936767578125
2020-04-03,122.0199966430664,122.23999786376953,120.68000030517578,121.0999984741211,10754100,97.2480239868164
2020-04-06,122.62999725341797,123.5,122.2300033569336,123.48999786376953,15631800,99.16727447509766
2020-04-07,124.30000305175781,124.4800033569336,123.47000122070312,123.68000030517578,17457700,99.31983184814453
2020-04-08,124.33000183105469,126.01000213623047,123.87999725341797,125.91000366210938,15484100,101.11061096191406
2020-04-09,129.41000366210938,132,129.10000610351562,131.8300018310547,53580000,105.86457061767578
2020-04-13,131.19000244140625,131.4600067138672,129.80999755859375,130.5500030517578,20599800,104.83671569824219
2020-04-14,131.39999389648438,131.5,129.83999633789062,129.91000366210938,14791600,104.32279968261719
2020-04-15,129.39999389648438,130.8800048828125,129.39999389648438,130.77999877929688,13687800,105.02140808105469
2020-04-16,130.6199951171875,131.07000732421875,130.0399932861328,130.1300048828125,12582100,104.49947357177734
2020-04-17,131.3300018310547,131.47000122070312,129.94000244140625,130.55999755859375,11187900,104.8447494506836
2020-04-20,130.02999877929688,130.1300048828125,129.22999572753906,129.82000732421875,12057500,104.25047302246094
2020-04-21,129.6999969482422,130.1300048828125,128.69000244140625,129.36000061035156,16146000,103.88109588623047
2020-04-22,129.36000061035156,129.60000610351562,128.91000366210938,129.44000244140625,19956600,103.94535827636719
2020-04-23,129.9199981689453,130.24000549316406,129.6999969482422,129.99000549316406,5833400,104.38703918457031
2020-04-24,129.77999877929688,130.1999969482422,129.2100067138672,129.89999389648438,14985500,104.31471252441406
2020-04-27,129.97999572753906,130.10000610351562,128.82000732421875,128.85000610351562,11794700,103.4715347290039
2020-04-28,129.39999389648438,129.55999755859375,129.07000732421875,129.1999969482422,9232900,103.75263214111328
2020-04-29,129.83999633789062,130.22999572753906,129.6999969482422,130.0500030517578,7399100,104.4351806640625
2020-04-30,129.72999572753906,130.14999389648438,129.11000061035156,129.1699981689453,14583200,103.7284927368164
2020-05-01,128.6999969482422,128.94000244140625,127.83000183105469,128.33999633789062,15442300,103.31794738769531
2020-05-04,128.52999877929688,128.9499969482422,128.36000061035156,128.5399932861328,9466700,103.47893524169922
2020-05-05,128.38999938964844,128.72000122070312,128.16000366210938,128.3699951171875,7268800,103.34211730957031
2020-05-06,127.88999938964844,127.94999694824219,126.70999908447266,126.93000030517578,10662900,102.182861328125
2020-05-07,127.29000091552734,127.5,126.88999938964844,127.2699966430664,11194300,102.45655822753906
2020-05-08,126.81999969482422,127.08000183105469,126.37000274658203,126.66000366210938,12286700,101.96551513671875
2020-05-11,126.37999725341797,126.52999877929688,125.5199966430664,125.55000305175781,12334800,101.0719223022461
2020-05-12,127.16999816894531,127.19999694824219,126.19000244140625,126.76000213623047,18760500,102.04602813720703
2020-05-13,127.29000091552734,127.55999755859375,126.94000244140625,127.05000305175781,13404100,102.27947998046875
2020-05-14,127.5,128.1199951171875,127,128.10000610351562,16978300,103.12477111816406
2020-05-15,128.10000610351562,128.61000061035156,127.97000122070312,128.5500030517578,17987400,103.48704528808594
2020-05-18,128.86000061035156,130,128.86000061035156,129.27999877929688,15299000,104.07467651367188
2020-05-19,129.3300018310547,129.66000366210938,128.89999389648438,129.3800048828125,13529000,104.15519714355469
2020-05-20,129.75999450683594,130.86000061035156,129.64999389648438,130.8000030517578,15068200,105.29833984375
2020-05-21,130.99000549316406,131,130.5500030517578,130.6999969482422,11059200,105.21784210205078
2020-05-22,130.72000122070312,130.97999572753906,130.52000427246094,130.6999969482422,12546900,105.21784210205078
2020-05-26,130.9199981689453,131.14999389648438,130.47000122070312,130.52000427246094,12864900,105.07290649414062
2020-05-27,130.92999267578125,131.11000061035156,130.6999969482422,131.05999755859375,10204500,105.50765228271484
2020-05-28,130.92999267578125,131.3800048828125,130.60000610351562,131.1699981689453,12360900,105.59619903564453
2020-05-29,131.36000061035156,132.0399932861328,131.16000366210938,132.02000427246094,14092500,106.28050231933594
2020-06-01,131.39999389648438,131.64999389648438,131.25,131.63999938964844,15415500,106.23365783691406
2020-06-02,131.82000732421875,132.30999755859375,131.72999572753906,132.05999755859375,11585400,106.5726089477539
2020-06-03,132.07000732421875,132.27999877929688,131.60000610351562,131.97999572753906,15198200,106.508056640625
2020-06-04,132.13999938964844,132.3000030517578,131.5,131.5800018310547,9777400,106.18528747558594
2020-06-05,132.08999633789062,132.4499969482422,131.5,132.25999450683594,22147400,106.73400115966797
2020-06-08,132.49000549316406,132.9199981689453,132.30999755859375,132.6999969482422,15872100,107.08908081054688
2020-06-09,132.77000427246094,132.85000610351562,132.35000610351562,132.4199981689453,17982200,106.86315155029297
2020-06-10,132.66000366210938,133.50999450683594,132.10000610351562,133.2899932861328,16866200,107.56523132324219
2020-06-11,132.58999633789062,132.80999755859375,131.1300048828125,131.6999969482422,28279600,106.2820816040039
2020-06-12,132.72999572753906,132.97000122070312,131.7899932861328,132.33999633789062,16202800,106.79854583740234
2020-06-15,131.88999938964844,134.8300018310547,131.82000732421875,134.22000122070312,24006200,108.31574249267578
2020-06-16,134.88999938964844,134.89999389648438,133.47999572753906,133.85000610351562,16299500,108.01713562011719
2020-06-17,134,134.11000061035156,132.80999755859375,133.58999633789062,20132900,107.80730438232422
2020-06-18,133.6199951171875,133.9199981689453,133.36000061035156,133.88999938964844,9306600,108.04943084716797
2020-06-19,133.9600067138672,134.1999969482422,133.6300048828125,133.99000549316406,13741400,108.13014221191406
2020-06-22,133.99000549316406,134.30999755859375,133.60000610351562,133.86000061035156,10134000,108.02519989013672
2020-06-23,133.6999969482422,134.07000732421875,133.55999755859375,133.61000061035156,9381300,107.82345581054688
2020-06-24,133.33999633789062,133.39999389648438,132.6999969482422,133.24000549316406,12357300,107.52485656738281
2020-06-25,133.3699951171875,133.49000549316406,133.0800018310547,133.3800048828125,19115300,107.63783264160156
2020-06-26,133.39999389648438,133.60000610351562,133.14999389648438,133.5,7304900,107.73469543457031
2020-06-29,133.50999450683594,134.1199951171875,133.17999267578125,134.1199951171875,10954600,108.23506164550781
2020-06-30,134.30999755859375,134.52999877929688,133.82000732421875,134.5,11599000,108.54168701171875
2020-07-01,134.14999389648438,134.94000244140625,133.8800048828125,134.72000122070312,11872500,108.97040557861328
2020-07-02,134.9600067138672,135.11000061035156,134.7899932861328,135.0500030517578,9733200,109.23728942871094
2020-07-06,135.16000366210938,135.50999450683594,134.9600067138672,135.39999389648438,12706800,109.52041625976562
2020-07-07,135.39999389648438,135.67999267578125,135.22999572753906,135.5800018310547,11645100,109.6659927368164
2020-07-08,135.6699981689453,135.7100067138672,135.22999572753906,135.36000061035156,10033100,109.48808288574219
2020-07-09,135.63999938964844,136.25,135.4199981689453,136.1199951171875,9809000,110.1028060913086
2020-07-10,136.30999755859375,136.4199981689453,135.67999267578125,135.8699951171875,9043100,109.90059661865234
2020-07-13,135.88999938964844,136.0800018310547,135.42999267578125,135.50999450683594,22457200,109.60940551757812
2020-07-14,135.85000610351562,136.44000244140625,135.8000030517578,136.3000030517578,12505600,110.24839782714844
2020-07-15,136.47999572753906,136.5800018310547,136.24000549316406,136.57000732421875,8815600,110.46678161621094
2020-07-16,136.72000122070312,137.02999877929688,136.60000610351562,136.9499969482422,7761800,110.77417755126953
2020-07-17,137.32000732421875,137.41000366210938,136.94000244140625,137.32000732421875,6078400,111.0734634399414
2020-07-20,137.6199951171875,137.6999969482422,137.39999389648438,137.6999969482422,7244300,111.38079833984375
2020-07-21,137.9199981689453,138.10000610351562,137.77999877929688,137.8800048828125,7712300,111.5264892578125
2020-07-22,138.27999877929688,138.33999633789062,138.10000610351562,138.3300018310547,6229900,111.8904037475586
2020-07-23,138.47000122070312,138.52000427246094,138.1699981689453,138.42999267578125,9544200,111.97132110595703
2020-07-24,138.1699981689453,138.38999938964844,137.9499969482422,138.1199951171875,9106500,111.72057342529297
2020-07-27,138.19000244140625,138.2899932861328,137.61000061035156,137.6999969482422,6347600,111.38079833984375
2020-07-28,137.9199981689453,137.99000549316406,137.50999450683594,137.55999755859375,12922600,111.26758575439453
2020-07-29,137.69000244140625,138.30999755859375,137.57000732421875,138.30999755859375,7625100,111.87420654296875
2020-07-30,138.22999572753906,138.30999755859375,137.9600067138672,138.16000366210938,8939900,111.75287628173828
2020-07-31,138.13999938964844,138.4600067138672,137.92999267578125,138.35000610351562,11788700,111.90657806396484
2020-08-03,137.9499969482422,138.33999633789062,137.80999755859375,138.24000549316406,10915900,112.05652618408203
2020-08-04,138.49000549316406,138.75,138.41000366210938,138.75,10101900,112.46995544433594
2020-08-05,138.5399932861328,138.8000030517578,138.42999267578125,138.55999755859375,11602000,112.31597137451172
2020-08-06,138.99000549316406,139.25999450683594,138.92999267578125,139.14999389648438,8067800,112.79419708251953
2020-08-07,139.2899932861328,139.3800048828125,138.72000122070312,138.75999450683594,7405300,112.4780502319336
2020-08-10,138.97999572753906,138.99000549316406,138.41000366210938,138.4600067138672,6137100,112.23487091064453
2020-08-11,138,138.08999633789062,137.49000549316406,137.58999633789062,12870500,111.52963256835938
2020-08-12,137.5,137.72999572753906,137.10000610351562,137.25,11902600,111.2540283203125
2020-08-13,137.14999389648438,137.22999572753906,135.75,136.00999450683594,20754500,110.24891662597656
2020-08-14,135.85000610351562,136.1199951171875,135.27999877929688,135.41000366210938,12409100,109.76258087158203
2020-08-17,135.75,135.9199981689453,135.57000732421875,135.69000244140625,9522800,109.98954772949219
2020-08-18,135.86000061035156,136.24000549316406,135.74000549316406,136.0800018310547,12198000,110.3056640625
2020-08-19,136.27999877929688,136.35000610351562,135.60000610351562,135.72000122070312,12168600,110.01383209228516
2020-08-20,136.24000549316406,136.35000610351562,136.02000427246094,136.1999969482422,12065300,110.40290069580078
2020-08-21,136.27999877929688,136.49000549316406,135.97999572753906,136.4499969482422,6353900,110.60553741455078
2020-08-24,136.4600067138672,136.6699981689453,136.1199951171875,136.2100067138672,13093400,110.41101837158203
2020-08-25,135.7100067138672,136,135.22999572753906,135.6199951171875,12191100,109.93278503417969
2020-08-26,135.39999389648438,135.67999267578125,135.1300048828125,135.6699981689453,6259000,109.9732894897461
2020-08-27,135.86000061035156,135.88999938964844,134.55999755859375,134.58999633789062,12251100,109.0978775024414
2020-08-28,134.8300018310547,135.07000732421875,134.6199951171875,135,7907500,109.43017578125
2020-08-31,135.1199951171875,135.7899932861328,135.05999755859375,135.60000610351562,11874000,109.91657257080078
2020-09-01,135.25,136.1999969482422,135.10000610351562,136.16000366210938,13289900,110.61115264892578
2020-09-02,136.0500030517578,136.80999755859375,136,136.6999969482422,14236600,111.0498275756836
2020-09-03,136.8699951171875,136.89999389648438,136.3300018310547,136.39999389648438,16452600,110.80612182617188
2020-09-04,136.00999450683594,136.1199951171875,134.8699951171875,134.9499969482422,13177800,109.628173828125
2020-09-08,135.13999938964844,135.42999267578125,134.99000549316406,135.0800018310547,13932300,109.73380279541016
2020-09-09,135.11000061035156,135.69000244140625,135.00999450683594,135.1699981689453,11640000,109.8068618774414
2020-09-10,135.0500030517578,135.4199981689453,134.8800048828125,135.27000427246094,12624700,109.88810729980469
2020-09-11,135.3300018310547,135.60000610351562,135.17999267578125,135.3699951171875,9773000,109.9693603515625
2020-09-14,135.60000610351562,135.97999572753906,135.5800018310547,135.7100067138672,13896200,110.24560546875
2020-09-15,135.74000549316406,135.99000549316406,135.72999572753906,135.86000061035156,9388500,110.36741638183594
2020-09-16,136.1699981689453,136.27000427246094,135.75999450683594,135.9499969482422,8868200,110.44054412841797
2020-09-17,136.27000427246094,136.3000030517578,135.7899932861328,135.97999572753906,12190400,110.46489715576172
2020-09-18,136.05999755859375,136.1199951171875,135.69000244140625,135.72999572753906,9968000,110.26180267333984
2020-09-21,135.97000122070312,135.97000122070312,135.47000122070312,135.60000610351562,12081100,110.1562271118164
2020-09-22,135.7100067138672,135.8000030517578,135.52000427246094,135.67999267578125,8295900,110.2212142944336
2020-09-23,135.66000366210938,135.72999572753906,134.6199951171875,134.6999969482422,17759900,109.42508697509766
2020-09-24,134.67999267578125,134.80999755859375,134.22999572753906,134.36000061035156,20595000,109.1489028930664
2020-09-25,134.27999877929688,134.4499969482422,134.0399932861328,134.22000122070312,9793100,109.03517150878906
2020-09-28,134.52000427246094,134.9199981689453,134.38999938964844,134.89999389648438,8579500,109.58756256103516
2020-09-29,135.05999755859375,135.17999267578125,134.7100067138672,134.72999572753906,8428600,109.449462890625
2020-09-30,134.64999389648438,134.7899932861328,134.4199981689453,134.7100067138672,11634700,109.43324279785156
2020-10-01,134.25999450683594,134.92999267578125,134.2100067138672,134.7899932861328,12642600,109.73773193359375
2020-10-02,134.66000366210938,134.88999938964844,134.39999389648438,134.80999755859375,10829600,109.75399017333984
2020-10-05,134.49000549316406,134.75999450683594,134.32000732421875,134.36000061035156,10078700,109.38764190673828
2020-10-06,134.4499969482422,134.9499969482422,133.9499969482422,134.25,22370600,109.2980728149414
2020-10-07,134.25999450683594,134.74000549316406,134.11000061035156,134.2899932861328,14745500,109.33065795898438
2020-10-08,134.66000366210938,134.85000610351562,134.50999450683594,134.6199951171875,12101600,109.5992660522461
2020-10-09,134.52000427246094,134.97999572753906,134.4499969482422,134.92999267578125,9979700,109.85166931152344
2020-10-12,135.11000061035156,135.75,135.10000610351562,135.7100067138672,5465400,110.48674774169922
2020-10-13,135.6699981689453,135.7899932861328,135.38999938964844,135.5800018310547,9228200,110.38086700439453
2020-10-14,135.7899932861328,135.89999389648438,135.5,135.7100067138672,12994600,110.48674774169922
2020-10-15,135.6999969482422,135.75999450683594,135.49000549316406,135.57000732421875,13255900,110.37274932861328
2020-10-16,135.50999450683594,135.8699951171875,135.32000732421875,135.33999633789062,8742400,110.18543243408203
2020-10-19,135.25,135.32000732421875,135.00999450683594,135.0800018310547,8634500,109.97379302978516
2020-10-20,134.97999572753906,135.00999450683594,134.77000427246094,134.8000030517578,13413100,109.74585723876953
2020-10-21,134.58999633789062,134.8800048828125,134.5399932861328,134.5800018310547,8890100,109.56671142578125
2020-10-22,134.5,134.5399932861328,134.16000366210938,134.27999877929688,9661800,109.32247161865234
2020-10-23,134.30999755859375,134.72999572753906,134.2899932861328,134.6199951171875,12010800,109.5992660522461
2020-10-26,134.77999877929688,135.00999450683594,134.72000122070312,134.89999389648438,9776600,109.82723236083984
2020-10-27,135.07000732421875,135.4600067138672,135.00999450683594,135.4499969482422,7023800,110.2750015258789
2020-10-28,135.41000366210938,135.47999572753906,134.74000549316406,134.77999877929688,13578300,109.72957611083984
2020-10-29,134.8000030517578,134.8000030517578,134.0800018310547,134.42999267578125,14744600,109.44459533691406
2020-10-30,134.27000427246094,134.5399932861328,133.72000122070312,133.72999572753906,19875600,108.87470245361328
2020-11-02,133.9600067138672,134.25,133.8800048828125,133.97000122070312,18496400,109.30144500732422
2020-11-03,133.91000366210938,134.13999938964844,133.77999877929688,134.10000610351562,11661900,109.40747833251953
2020-11-04,135.61000061035156,136.22999572753906,135.55999755859375,136.11000061035156,20019500,111.04739379882812
2020-11-05,136.5399932861328,136.82000732421875,136.35000610351562,136.6199951171875,14349900,111.46343231201172
2020-11-06,136.27000427246094,136.3300018310547,135.94000244140625,136.19000244140625,12029700,111.11262512207031
2020-11-09,136.19000244140625,136.3000030517578,135.13999938964844,135.16000366210938,21273800,110.2723388671875
2020-11-10,134.82000732421875,135.3699951171875,134.77000427246094,134.80999755859375,18849800,109.98674011230469
2020-11-11,135,135.08999633789062,134.7100067138672,135.05999755859375,3763300,110.19071960449219
2020-11-12,135.17999267578125,135.60000610351562,135.07000732421875,135.60000610351562,16891500,110.63127899169922
2020-11-13,135.77000427246094,135.94000244140625,135.6199951171875,135.75999450683594,8256800,110.7618179321289
2020-11-16,135.8000030517578,136.25,135.72999572753906,136.1999969482422,12742500,111.12081909179688
2020-11-17,136.38999938964844,136.75999450683594,136.25999450683594,136.63999938964844,11832300,111.47982025146484
2020-11-18,136.83999633789062,137.0800018310547,136.77999877929688,136.92999267578125,11878400,111.71639251708984
2020-11-19,137.1999969482422,137.85000610351562,137.11000061035156,137.69000244140625,16107800,112.33643341064453
2020-11-20,137.39999389648438,137.75,137.1699981689453,137.57000732421875,18308400,112.23854064941406
2020-11-23,137.6699981689453,137.80999755859375,137.5500030517578,137.74000549316406,8648500,112.37720489501953
2020-11-24,137.6999969482422,137.77999877929688,137.39999389648438,137.42999267578125,11204400,112.12431335449219
2020-11-25,137.60000610351562,137.6300048828125,137.3800048828125,137.50999450683594,6709800,112.18959045410156
2020-11-27,137.82000732421875,138.07000732421875,137.75,138,3404800,112.58931732177734
2020-11-30,138.10000610351562,138.52000427246094,137.9499969482422,138.47999572753906,11856200,112.9809799194336
2020-12-01,138.0500030517578,138.27000427246094,137.47999572753906,137.67999267578125,18933600,112.5525894165039
2020-12-02,137.4600067138672,137.5,136.97999572753906,137.22000122070312,15637700,112.1765365600586
2020-12-03,137.64999389648438,138.02999877929688,137.47999572753906,137.75999450683594,18888700,112.6180191040039
2020-12-04,137.13999938964844,137.33999633789062,136.83999633789062,137,12521200,111.9967269897461
2020-12-07,137.33999633789062,137.49000549316406,137.07000732421875,137.1199951171875,16697300,112.09480285644531
2020-12-08,137.3699951171875,137.4499969482422,136.89999389648438,136.9600067138672,12797700,111.9639892578125
2020-12-09,136.60000610351562,136.60000610351562,136.1199951171875,136.4600067138672,20824700,111.55526733398438
2020-12-10,136.57000732421875,137.16000366210938,136.55999755859375,137.13999938964844,13527600,112.1111831665039
2020-12-11,137.13999938964844,137.30999755859375,136.9199981689453,137.27999877929688,9023000,112.22561645507812
2020-12-14,136.97999572753906,137.32000732421875,136.8699951171875,137.17999267578125,8004000,112.14380645751953
2020-12-15,137.1699981689453,137.47999572753906,137.08999633789062,137.4499969482422,12254500,112.36454772949219
2020-12-16,137.1699981689453,137.61000061035156,136.8800048828125,137.33999633789062,12326000,112.27466583251953
2020-12-17,137.52000427246094,137.5800018310547,136.97000122070312,137.25999450683594,12338800,112.43848419189453
2020-12-18,137.47999572753906,137.52000427246094,137.00999450683594,137.16000366210938,8781900,112.3565673828125
2020-12-21,137.1300048828125,137.13999938964844,136.6699981689453,136.88999938964844,11925000,112.13536834716797
2020-12-22,137.19000244140625,137.2899932861328,136.99000549316406,137.27000427246094,10226800,112.44664001464844
2020-12-23,136.9199981689453,137.32000732421875,136.64999389648438,137.3000030517578,7553100,112.47122955322266
2020-12-24,137.47999572753906,137.8300018310547,137.47999572753906,137.77000427246094,3397000,112.85626983642578
2020-12-28,137.57000732421875,137.89999389648438,137.5,137.86000061035156,6279200,112.92996978759766
2020-12-29,137.61000061035156,137.92999267578125,137.60000610351562,137.9199981689453,6581800,112.97913360595703
2020-12-30,137.88999938964844,138.11000061035156,137.7899932861328,138.10000610351562,5343100,113.1265869140625
2020-12-31,138.0399932861328,138.22000122070312,137.9600067138672,138.1300048828125,6932300,113.151123046875
2021-01-04,137.88999938964844,137.88999938964844,137.3800048828125,137.42999267578125,14891400,112.5777587890625
2021-01-05,137.05999755859375,137.05999755859375,136.5500030517578,136.99000549316406,16294400,112.21731567382812
2021-01-06,135.77999877929688,135.97999572753906,135.39999389648438,135.8800048828125,19136500,111.30803680419922
2021-01-07,135.55999755859375,135.9499969482422,135.5399932861328,135.86000061035156,11886100,111.2916488647461
2021-01-08,135.77999877929688,135.88999938964844,135.4499969482422,135.75999450683594,13341400,111.20974731445312
2021-01-11,135.49000549316406,135.49000549316406,135.1699981689453,135.17999267578125,7557700,110.73458099365234
2021-01-12,135.11000061035156,135.5399932861328,134.74000549316406,135.47000122070312,16766200,110.97219848632812
2021-01-13,135.75999450683594,136.63999938964844,135.72999572753906,136.52000427246094,16490700,111.83229064941406
2021-01-14,136.5500030517578,136.6300048828125,135.83999633789062,135.92999267578125,22050500,111.34895324707031
2021-01-15,136.24000549316406,136.50999450683594,136.0399932861328,136.13999938964844,13680700,111.52103424072266
2021-01-19,136.08999633789062,136.47999572753906,136.0500030517578,136.3800048828125,12807500,111.71759796142578
2021-01-20,136.35000610351562,136.50999450683594,136.27000427246094,136.33999633789062,12218400,111.68482208251953
2021-01-21,135.77000427246094,135.92999267578125,135.60000610351562,135.8000030517578,25084300,111.24248504638672
2021-01-22,135.75999450683594,135.91000366210938,135.60000610351562,135.6999969482422,15998800,111.16058349609375
2021-01-25,135.9499969482422,136.3699951171875,135.92999267578125,136.27999877929688,14603700,111.63562774658203
2021-01-26,136.02000427246094,136.4499969482422,135.9600067138672,136.27000427246094,11926900,111.62754821777344
2021-01-27,136.4199981689453,136.44000244140625,135.97999572753906,136.02999877929688,13822700,111.43093872070312
2021-01-28,136.0399932861328,136.17999267578125,135.75999450683594,135.80999755859375,16896900,111.25072479248047
2021-01-29,135.4199981689453,135.89999389648438,134.9600067138672,135.60000610351562,18131600,111.07865905761719
2021-02-01,135.3699951171875,135.6999969482422,135.30999755859375,135.60000610351562,10682300,111.29779815673828
2021-02-02,135.2100067138672,135.36000061035156,135.0399932861328,135.24000549316406,12710600,111.00233459472656
2021-02-03,135,135.0800018310547,134.8699951171875,134.9199981689453,13189600,110.73966979980469
2021-02-04,134.80999755859375,135.22000122070312,134.6300048828125,135.14999389648438,10689500,110.92845153808594
2021-02-05,135.24000549316406,135.3800048828125,134.72000122070312,134.7899932861328,12016300,110.63294219970703
2021-02-08,134.92999267578125,135.41000366210938,134.8699951171875,135.3699951171875,13460300,111.1090316772461
2021-02-09,135.47000122070312,135.49000549316406,134.8800048828125,135.16000366210938,11755100,110.93670654296875
2021-02-10,135.3800048828125,135.5500030517578,135.2899932861328,135.47999572753906,9414500,111.19931030273438
2021-02-11,135.5399932861328,135.55999755859375,135.0399932861328,135.1199951171875,9241100,110.9038314819336
2021-02-12,134.61000061035156,134.94000244140625,134.57000732421875,134.67999267578125,13717100,110.54271697998047
2021-02-16,134.02000427246094,134.2899932861328,133.7100067138672,133.72999572753906,21429200,109.76292419433594
2021-02-17,134.33999633789062,134.42999267578125,134.02999877929688,134.39999389648438,16195400,110.31291198730469
2021-02-18,134.1300048828125,134.35000610351562,133.83999633789062,134.13999938964844,15414100,110.09944152832031
2021-02-19,133.7899932861328,133.89999389648438,133.14999389648438,133.1699981689453,13678500,109.3033218383789
2021-02-22,132.94000244140625,133.22000122070312,132.25,132.33999633789062,17978100,108.62207794189453
2021-02-23,131.91000366210938,132.47000122070312,131.75999450683594,132.44000244140625,23482500,108.70417022705078
2021-02-24,131.63999938964844,132.6699981689453,131.35000610351562,132.63999938964844,18120000,108.86830139160156
2021-02-25,131.72999572753906,131.91000366210938,129.77999877929688,130.5399932861328,35471200,107.1446762084961
2021-02-26,131.44000244140625,132.32000732421875,130.99000549316406,132.27000427246094,23284400,108.56461334228516
2021-03-01,131.63999938964844,132.1699981689453,131.63999938964844,132.1300048828125,23890800,108.67071533203125
2021-03-02,132.10000610351562,132.11000061035156,131.77000427246094,131.97999572753906,13633400,108.5473403930664
2021-03-03,131.2899932861328,131.85000610351562,130.94000244140625,131,24043300,107.74134826660156
2021-03-04,131.0500030517578,131.16000366210938,129.80999755859375,129.92999267578125,21771800,106.86131286621094
2021-03-05,129.58999633789062,129.92999267578125,129.27000427246094,129.75999450683594,23789400,106.72148895263672
2021-03-08,129.52999877929688,129.6199951171875,128.52999877929688,128.5500030517578,15029200,105.72633361816406
2021-03-09,129.2100067138672,129.6199951171875,129.16000366210938,129.52000427246094,21900300,106.52410888671875
2021-03-10,129.7100067138672,130.2899932861328,129.7100067138672,130.1300048828125,19440400,107.02583312988281
2021-03-11,130.2899932861328,130.5500030517578,130.05999755859375,130.2100067138672,20622100,107.09161376953125
2021-03-12,129.1300048828125,129.2899932861328,128.66000366210938,128.7100067138672,14352000,105.85795593261719
2021-03-15,128.8300018310547,129.27999877929688,128.8300018310547,129.14999389648438,10111200,106.21981811523438
2021-03-16,129.2100067138672,129.38999938964844,128.8699951171875,129.05999755859375,11356900,106.14580535888672
2021-03-17,128.47999572753906,129.4600067138672,128.30999755859375,129.17999267578125,19086100,106.24442291259766
2021-03-18,128.00999450683594,128.6199951171875,127.91000366210938,128.44000244140625,21368700,105.6358871459961
2021-03-19,128.42999267578125,128.72000122070312,128.24000549316406,128.6300048828125,19776100,105.79212188720703
2021-03-22,129.05999755859375,129.4600067138672,128.92999267578125,129.08999633789062,16677200,106.17045593261719
2021-03-23,129.08999633789062,129.58999633789062,129.08999633789062,129.47000122070312,32228000,106.48299407958984
2021-03-24,129.2100067138672,129.9199981689453,129.2100067138672,129.86000061035156,13435400,106.8037338256836
2021-03-25,129.92999267578125,130.02000427246094,129.4499969482422,129.7100067138672,12945900,106.68040466308594
2021-03-26,129.4499969482422,129.82000732421875,129.3300018310547,129.6199951171875,14315000,106.60638427734375
2021-03-29,129.6699981689453,129.7100067138672,129.11000061035156,129.30999755859375,11279900,106.35137176513672
2021-03-30,129.25999450683594,129.7899932861328,128.97999572753906,129.7100067138672,20219000,106.68040466308594
2021-03-31,129.91000366210938,130.3800048828125,129.8300018310547,130.0500030517578,23764600,106.96000671386719
2021-04-01,130.4600067138672,130.64999389648438,130.14999389648438,130.61000061035156,16390900,107.63080596923828
2021-04-05,130.19000244140625,130.3000030517578,129.9199981689453,129.97000122070312,17015500,107.10340881347656
2021-04-06,130.16000366210938,130.8800048828125,130.16000366210938,130.83999633789062,15762000,107.8203125
2021-04-07,130.7899932861328,130.9199981689453,130.41000366210938,130.5800018310547,10976500,107.6061019897461
2021-04-08,130.75,131.0800018310547,130.6699981689453,131.05999755859375,7452800,108.00162506103516
2021-04-09,130.63999938964844,131.10000610351562,130.5399932861328,130.7899932861328,7568300,107.77913665771484
2021-04-12,130.6999969482422,130.77000427246094,130.52000427246094,130.75999450683594,10579800,107.75442504882812
2021-04-13,130.61000061035156,131.35000610351562,130.55999755859375,131.33999633789062,9582100,108.23237609863281
2021-04-14,131.16000366210938,131.2899932861328,130.94000244140625,131.16000366210938,10219300,108.08403015136719
2021-04-15,131.66000366210938,132.32000732421875,131.64999389648438,131.97000122070312,17234400,108.75153350830078
2021-04-16,131.27999877929688,131.67999267578125,131.0500030517578,131.07000732421875,21100200,108.00985717773438
2021-04-19,130.77999877929688,130.89999389648438,130.6300048828125,130.72999572753906,10868200,107.72969818115234
2021-04-20,130.69000244140625,131.19000244140625,130.64999389648438,130.97999572753906,11996200,107.93569946289062
2021-04-21,131.05999755859375,131.42999267578125,130.89999389648438,131.42999267578125,10473600,108.3065185546875
2021-04-22,131.5500030517578,131.6699981689453,131.25999450683594,131.55999755859375,16487100,108.41362762451172
2021-04-23,131.72000122070312,131.88999938964844,131.49000549316406,131.6699981689453,15170600,108.5042953491211
2021-04-26,131.6999969482422,131.8800048828125,131.58999633789062,131.61000061035156,10915200,108.4548568725586
2021-04-27,131.60000610351562,131.63999938964844,131.02000427246094,131.02000427246094,10418200,107.96866607666016
2021-04-28,131.00999450683594,131.11000061035156,130.5800018310547,131.0399932861328,15731100,107.98515319824219
2021-04-29,130.6699981689453,130.92999267578125,130.36000061035156,130.8800048828125,11697300,107.85330200195312
2021-04-30,130.9600067138672,131.24000549316406,130.8699951171875,131.14999389648438,11860200,108.0757827758789
2021-05-03,131.1300048828125,131.42999267578125,130.8699951171875,131.2100067138672,9029900,108.33589172363281
2021-05-04,131.47999572753906,131.61000061035156,131.08999633789062,131.2899932861328,14006800,108.40193176269531
2021-05-05,131.1199951171875,131.5,131.1199951171875,131.4499969482422,5722300,108.5340347290039
2021-05-06,131.5,131.75999450683594,131.3699951171875,131.6999969482422,9383600,108.7404556274414
2021-05-07,132.0800018310547,132.33999633789062,131.52999877929688,131.75,11267200,108.78175354003906
2021-05-10,131.52000427246094,131.77000427246094,131.02999877929688,131.0399932861328,9705000,108.19551849365234
2021-05-11,130.5399932861328,130.7899932861328,130.4199981689453,130.55999755859375,12179400,107.79918670654297
2021-05-12,130.1300048828125,130.30999755859375,129.77999877929688,129.85000610351562,12569900,107.21295928955078
2021-05-13,130.1300048828125,130.5399932861328,130.1300048828125,130.33999633789062,9508200,107.61754608154297
2021-05-14,130.82000732421875,131.0800018310547,130.6699981689453,131.0500030517578,8987200,108.20377349853516
2021-05-17,131.0500030517578,131.05999755859375,130.82000732421875,130.89999389648438,6001600,108.07989501953125
2021-05-18,130.6699981689453,130.72999572753906,130.4499969482422,130.47000122070312,8835300,107.72489166259766
2021-05-19,130.36000061035156,130.67999267578125,129.97999572753906,130.24000549316406,20069600,107.5350112915039
2021-05-20,130.63999938964844,131.1699981689453,130.63999938964844,131.1300048828125,10498100,108.26984405517578
2021-05-21,131.32000732421875,131.4199981689453,131.08999633789062,131.22000122070312,7826100,108.34415435791016
2021-05-24,131.5,131.64999389648438,131.36000061035156,131.5800018310547,5756400,108.64137268066406
2021-05-25,131.67999267578125,132.11000061035156,131.66000366210938,132.07000732421875,11428000,109.04593658447266
2021-05-26,131.8800048828125,132.1300048828125,131.74000549316406,132,28568500,108.9881820678711
2021-05-27,131.80999755859375,131.82000732421875,131.02000427246094,131.60000610351562,15033000,108.65790557861328
2021-05-28,131.69000244140625,132.05999755859375,131.66000366210938,131.7100067138672,10432400,108.74873352050781
2021-06-01,131.44000244140625,131.5,131.11000061035156,131.47000122070312,6390600,108.76280212402344
2021-06-02,131.55999755859375,131.75999450683594,131.5500030517578,131.67999267578125,8140400,108.9365005493164
2021-06-03,131.3000030517578,131.38999938964844,131.1300048828125,131.16000366210938,10028100,108.50631713867188
2021-06-04,131.58999633789062,132.10000610351562,131.5399932861328,132.08999633789062,11427200,109.27570343017578
2021-06-07,131.97000122070312,132.0500030517578,131.86000061035156,131.97999572753906,5000100,109.18470764160156
2021-06-08,132.32000732421875,132.52999877929688,132.32000732421875,132.47999572753906,10626800,109.59834289550781
2021-06-09,132.97999572753906,133.16000366210938,132.77999877929688,132.9600067138672,12152200,109.9954833984375
2021-06-10,132.74000549316406,133.57000732421875,132.63999938964844,133.55999755859375,16424100,110.4917984008789
2021-06-11,133.6699981689453,133.8000030517578,133.42999267578125,133.6699981689453,12707000,110.58280181884766
2021-06-14,133.49000549316406,133.50999450683594,133,133.17999267578125,8327200,110.17742156982422
2021-06-15,133.05999755859375,133.32000732421875,132.9600067138672,133.27999877929688,17848200,110.2601318359375
2021-06-16,133.44000244140625,133.7100067138672,132.52999877929688,132.89999389648438,22698500,109.94577026367188
2021-06-17,133.22000122070312,134.25999450683594,133.22000122070312,133.63999938964844,22735800,110.55796813964844
2021-06-18,133.88999938964844,134.57000732421875,133.77000427246094,134.33999633789062,21169700,111.13710021972656
2021-06-21,133.75,133.9199981689453,133.47000122070312,133.55999755859375,22492000,110.4917984008789
2021-06-22,133.1300048828125,133.7899932861328,133.11000061035156,133.77999877929688,12098400,110.67379760742188
2021-06-23,133.58999633789062,133.8000030517578,133.4499969482422,133.57000732421875,12519100,110.50006866455078
2021-06-24,133.6999969482422,133.8800048828125,133.63999938964844,133.8300018310547,8241300,110.71514129638672
2021-06-25,133.83999633789062,133.92999267578125,133.13999938964844,133.47999572753906,10981600,110.42562103271484
2021-06-28,133.8000030517578,134.1199951171875,133.75999450683594,134.0500030517578,12359900,110.89715576171875
2021-06-29,133.80999755859375,134.22000122070312,133.77000427246094,134.2100067138672,11194400,111.0295181274414
2021-06-30,134.42999267578125,134.6199951171875,134.27000427246094,134.36000061035156,17381500,111.15362548828125
2021-07-01,134.0500030517578,134.16000366210938,133.74000549316406,133.99000549316406,11062700,111.05665588378906
2021-07-02,134.02999877929688,134.3800048828125,133.9499969482422,134.3699951171875,6896200,111.3716049194336
2021-07-06,134.52999877929688,135.17999267578125,134.52999877929688,134.86000061035156,11499900,111.77774047851562
2021-07-07,135.1300048828125,135.5,134.97999572753906,135.32000732421875,16902400,112.15898895263672
2021-07-08,135.27000427246094,135.60000610351562,135.16000366210938,135.38999938964844,17494900,112.2170181274414
2021-07-09,134.8000030517578,134.8800048828125,134.72000122070312,134.82000732421875,13192600,111.74458312988281
2021-07-12,134.9499969482422,135.00999450683594,134.64999389648438,134.75,12577200,111.68659973144531
2021-07-13,134.89999389648438,134.9600067138672,134.02999877929688,134.25,19922400,111.27210998535156
2021-07-14,134.6300048828125,134.89999389648438,134.6199951171875,134.8699951171875,14420100,111.78599548339844
2021-07-15,135.22000122070312,135.2899932861328,134.77000427246094,135.16000366210938,15859100,112.02642059326172
2021-07-16,134.8000030517578,135.1300048828125,134.8000030517578,134.97000122070312,9624600,111.86897277832031
2021-07-19,135.64999389648438,136.0800018310547,135.58999633789062,135.94000244140625,21808500,112.67289733886719
2021-07-20,136.3699951171875,136.5399932861328,135.57000732421875,135.75,24764800,112.5154037475586
2021-07-21,135.24000549316406,135.44000244140625,135.02999877929688,135.27000427246094,22385000,112.11756896972656
2021-07-22,135.3800048828125,135.89999389648438,135.27000427246094,135.8300018310547,6074900,112.58171081542969
2021-07-23,135.3000030517578,135.77999877929688,135.25,135.77000427246094,11455300,112.53203582763672
2021-07-26,135.88999938964844,135.88999938964844,135.3800048828125,135.47000122070312,8684600,112.28336334228516
2021-07-27,135.94000244140625,136.0500030517578,135.6699981689453,136.0500030517578,10506100,112.76407623291016
2021-07-28,135.75999450683594,136.3000030517578,135.6300048828125,136.2899932861328,12225700,112.9629898071289
2021-07-29,135.8800048828125,136.00999450683594,135.77000427246094,135.89999389648438,15828800,112.63973999023438
2021-07-30,135.9600067138672,136.17999267578125,135.92999267578125,136.00999450683594,11148100,112.73092651367188
2021-08-02,135.9199981689453,136.50999450683594,135.85000610351562,136.16000366210938,12042700,113.0572509765625
2021-08-03,136.19000244140625,136.39999389648438,136.13999938964844,136.3000030517578,13121700,113.17346954345703
2021-08-04,136.6199951171875,136.77999877929688,135.72000122070312,136.3300018310547,14426200,113.1983871459961
2021-08-05,136.11000061035156,136.13999938964844,135.74000549316406,135.77000427246094,13960900,112.73345184326172
2021-08-06,134.99000549316406,135.16000366210938,134.63999938964844,134.66000366210938,8641500,111.81175994873047
2021-08-09,134.69000244140625,134.80999755859375,134.0800018310547,134.0800018310547,14166600,111.33012390136719
2021-08-10,134.24000549316406,134.25,133.77999877929688,133.77999877929688,12103500,111.08104705810547
2021-08-11,133.77999877929688,134.3300018310547,133.57000732421875,133.99000549316406,15902200,111.25540924072266
2021-08-12,134,134.2100067138672,133.8699951171875,134.17999267578125,14593200,111.4132080078125
2021-08-13,134.50999450683594,135.1199951171875,134.39999389648438,135.0800018310547,17846600,112.16050720214844
2021-08-16,135.41000366210938,135.66000366210938,135.1300048828125,135.16000366210938,15203000,112.2269287109375
2021-08-17,134.94000244140625,135.1300048828125,134.82000732421875,134.9199981689453,15055900,112.02759552001953
2021-08-18,134.92999267578125,135.11000061035156,134.60000610351562,134.8300018310547,9134600,111.95288848876953
2021-08-19,135.0399932861328,135.25,134.83999633789062,135.13999938964844,15681600,112.21028137207031
2021-08-20,135.2899932861328,135.38999938964844,135.0500030517578,135.22999572753906,10782100,112.28501892089844
2021-08-23,135.3300018310547,135.4600067138672,135.1999969482422,135.3300018310547,12064300,112.36809539794922
2021-08-24,135.1999969482422,135.3000030517578,134.91000366210938,135.02000427246094,13782900,112.11067962646484
2021-08-25,135.02000427246094,135.1300048828125,134.50999450683594,134.6699981689453,15533600,111.82005310058594
2021-08-26,134.8300018310547,134.85000610351562,134.4499969482422,134.6300048828125,14673700,111.78687286376953
2021-08-27,134.77999877929688,135.42999267578125,134.57000732421875,135.3800048828125,11670000,112.40956115722656
2021-08-30,135.25,135.66000366210938,135.22000122070312,135.61000061035156,9119900,112.6005859375
2021-08-31,135.57000732421875,135.77999877929688,135.1999969482422,135.3000030517578,15644700,112.34315490722656
2021-09-01,135.3300018310547,135.38999938964844,134.8800048828125,135.24000549316406,16028100,112.4878921508789
2021-09-02,135.3699951171875,135.47999572753906,135.1999969482422,135.47999572753906,11822200,112.68750762939453
2021-09-03,134.91000366210938,135.08999633789062,134.82000732421875,134.99000549316406,7681300,112.27994537353516
2021-09-07,134.5,134.5,134.1199951171875,134.35000610351562,14271400,111.74765014648438
2021-09-08,134.5800018310547,134.8800048828125,134.39999389648438,134.77999877929688,16045000,112.10527038574219
2021-09-09,134.9600067138672,135.72999572753906,134.83999633789062,135.66000366210938,18014200,112.83722686767578
2021-09-10,135.52000427246094,135.60000610351562,135.08999633789062,135.27000427246094,10776600,112.51282501220703
2021-09-13,135.57000732421875,135.77999877929688,135.5399932861328,135.60000610351562,13159800,112.7873306274414
2021-09-14,135.77000427246094,136.25999450683594,135.67999267578125,136.00999450683594,16550300,113.12838745117188
2021-09-15,135.9600067138672,136,135.63999938964844,135.85000610351562,14194400,112.9952392578125
2021-09-16,135.4499969482422,135.74000549316406,135.3699951171875,135.66000366210938,16282400,112.83722686767578
2021-09-17,135.2899932861328,135.39999389648438,135.10000610351562,135.36000061035156,15769600,112.58768463134766
2021-09-20,135.3800048828125,135.8300018310547,135.3800048828125,135.77999877929688,17519900,112.93701171875
2021-09-21,135.8000030517578,135.88999938964844,135.6699981689453,135.77000427246094,15834600,112.92876434326172
2021-09-22,135.77999877929688,136.2100067138672,135.6300048828125,136.14999389648438,15898200,113.24478912353516
2021-09-23,135.7100067138672,135.7100067138672,135,135.2100067138672,14735500,112.46293640136719
2021-09-24,135.05999755859375,135.14999389648438,134.77999877929688,134.9199981689453,10797300,112.2216796875
2021-09-27,134.6300048828125,134.9600067138672,134.5399932861328,134.85000610351562,13104100,112.16351318359375
2021-09-28,134.0500030517578,134.0500030517578,133.38999938964844,133.41000366210938,19987200,110.96573638916016
2021-09-29,133.77999877929688,134.07000732421875,133.25,133.3800048828125,14956300,110.94081115722656
2021-09-30,133.30999755859375,133.3800048828125,132.97000122070312,133.02999877929688,21397100,110.6496810913086
2021-10-01,133.22999572753906,133.94000244140625,133.17999267578125,133.74000549316406,21381400,111.453857421875
2021-10-04,133.42999267578125,133.6699981689453,133.25,133.52000427246094,12931100,111.27056884765625
2021-10-05,133.39999389648438,133.50999450683594,132.97000122070312,132.97000122070312,14635200,110.81221008300781
2021-10-06,133,133.1300048828125,132.77999877929688,133.00999450683594,13855500,110.84548950195312
2021-10-07,132.72000122070312,132.82000732421875,132.3800048828125,132.4199981689453,15805500,110.35382843017578
2021-10-08,132.27999877929688,132.30999755859375,131.7100067138672,131.80999755859375,9079400,109.84548950195312
2021-10-11,131.5800018310547,131.83999633789062,131.5399932861328,131.55999755859375,4337000,109.63712310791016
2021-10-12,132.08999633789062,132.4499969482422,131.83999633789062,132.39999389648438,19870400,110.337158203125
2021-10-13,132.61000061035156,133.11000061035156,132.55999755859375,133.07000732421875,18260300,110.89552307128906
2021-10-14,133.30999755859375,133.6999969482422,133.22000122070312,133.6999969482422,15870000,111.42051696777344
2021-10-15,133.2100067138672,133.27999877929688,133,133.22000122070312,13131700,111.02052307128906
2021-10-18,133,133.2899932861328,132.7100067138672,133.11000061035156,11530300,110.9288558959961
2021-10-19,132.77999877929688,132.8300018310547,132.3800048828125,132.3800048828125,12213200,110.32051086425781
2021-10-20,132.30999755859375,132.50999450683594,132.02999877929688,132.05999755859375,13810200,110.05382537841797
2021-10-21,132,132.05999755859375,131.66000366210938,131.77999877929688,13131000,109.82048034667969
2021-10-22,132.08999633789062,132.44000244140625,131.97999572753906,132.30999755859375,13735100,110.26216125488281
2021-10-25,132.3000030517578,132.63999938964844,132.25999450683594,132.3699951171875,8206800,110.31214904785156
2021-10-26,132.72000122070312,132.9600067138672,132.39999389648438,132.94000244140625,10100600,110.78717041015625
2021-10-27,133.52999877929688,134.05999755859375,133.24000549316406,133.75,15928300,111.46221160888672
2021-10-28,133.7100067138672,133.8800048828125,133.2899932861328,133.5500030517578,18514400,111.29553985595703
2021-10-29,133.00999450683594,133.72000122070312,132.9499969482422,133.47999572753906,17367800,111.2372055053711
2021-11-01,132.61000061035156,133.07000732421875,132.61000061035156,132.97999572753906,11894200,111.03846740722656
2021-11-02,132.97999572753906,133.57000732421875,132.97999572753906,133.49000549316406,18047600,111.46434783935547
2021-11-03,133.6300048828125,133.74000549316406,132.91000366210938,133.14999389648438,11847700,111.1804428100586
2021-11-04,133.3000030517578,134.02999877929688,133.3000030517578,133.85000610351562,20135500,111.76494598388672
2021-11-05,134.33999633789062,135,134.22000122070312,134.8300018310547,15840400,112.58319091796875
2021-11-08,134.69000244140625,134.7100067138672,134.33999633789062,134.52000427246094,8494200,112.3243637084961
2021-11-09,135.2100067138672,135.30999755859375,134.86000061035156,134.8800048828125,18075300,112.62498474121094
2021-11-10,134.6699981689453,134.69000244140625,133.25,133.5,23397300,111.4726791381836
2021-11-11,133.5399932861328,133.67999267578125,133.0500030517578,133.1199951171875,6168900,111.15536499023438
2021-11-12,133.3000030517578,133.4199981689453,132.7899932861328,132.97999572753906,11897100,111.03846740722656
2021-11-15,132.85000610351562,132.89999389648438,131.9600067138672,131.97000122070312,12353400,110.19510650634766
2021-11-16,131.88999938964844,132.35000610351562,131.67999267578125,131.75,18709500,110.01142120361328
2021-11-17,131.60000610351562,132.32000732421875,131.49000549316406,132.27999877929688,14541100,110.4539566040039
2021-11-18,132.19000244140625,132.69000244140625,132.19000244140625,132.5800018310547,14086100,110.70447540283203
2021-11-19,132.89999389648438,133.2100067138672,132.88999938964844,133.0800018310547,17682900,111.12198638916016
2021-11-22,132.5500030517578,132.75999450683594,131.8699951171875,131.9199981689453,13745400,110.15340423583984
2021-11-23,131.61000061035156,131.6999969482422,130.97999572753906,130.97999572753906,10986900,109.36846160888672
2021-11-24,130.9600067138672,131.6300048828125,130.80999755859375,131.61000061035156,14019900,109.89456176757812
2021-11-26,132.02000427246094,132.74000549316406,131.80999755859375,132.67999267578125,14399300,110.78797149658203
2021-11-29,132.13999938964844,132.8699951171875,132.0500030517578,132.77000427246094,21231700,110.8631591796875
2021-11-30,133.22999572753906,133.72999572753906,132.77000427246094,133.05999755859375,28873400,111.10528564453125
2021-12-01,132.77000427246094,132.9600067138672,132.35000610351562,132.83999633789062,18070800,111.12113189697266
2021-12-02,132.8699951171875,133.22999572753906,132.60000610351562,133.14999389648438,17305900,111.38050842285156
2021-12-03,133.1199951171875,134.55999755859375,133.07000732421875,134.25999450683594,25739900,112.30897521972656
2021-12-06,134.2100067138672,134.24000549316406,133.50999450683594,133.5800018310547,25332000,111.7402114868164
2021-12-07,133.63999938964844,134.07000732421875,133.47999572753906,133.63999938964844,17338200,111.79037475585938
2021-12-08,133.3000030517578,133.36000061035156,132.5399932861328,132.75,17408000,111.04591369628906
2021-12-09,132.94000244140625,133.16000366210938,132.58999633789062,132.63999938964844,12348300,110.95386505126953
2021-12-10,133.2899932861328,133.3300018310547,132.72999572753906,132.7899932861328,12792300,111.07933807373047
2021-12-13,133.32000732421875,133.6999969482422,133.27999877929688,133.38999938964844,10264200,111.58126831054688
2021-12-14,133.02999877929688,133.1699981689453,132.61000061035156,132.7899932861328,17725400,111.07933807373047
2021-12-15,132.3699951171875,133.02999877929688,132.32000732421875,132.9600067138672,20585100,111.22156524658203
2021-12-16,132.77999877929688,133.10000610351562,132.52000427246094,132.6999969482422,9750200,111.21818542480469
2021-12-17,132.85000610351562,133.13999938964844,132.85000610351562,133.00999450683594,8753100,111.47801208496094
2021-12-20,132.77000427246094,132.91000366210938,132.35000610351562,132.42999267578125,12931400,110.99190521240234
2021-12-21,131.47999572753906,132.6999969482422,131.47999572753906,132.69000244140625,12933300,111.20977020263672
2021-12-22,132.8699951171875,132.91000366210938,132.55999755859375,132.89999389648438,7850800,111.38581848144531
2021-12-23,132.77000427246094,132.82000732421875,132.4199981689453,132.6999969482422,8401200,111.21818542480469
2021-12-27,132.74000549316406,133.1999969482422,132.67999267578125,133.08999633789062,8744200,111.54505157470703
2021-12-28,133.36000061035156,133.41000366210938,132.75,132.9199981689453,6864300,111.40255737304688
2021-12-29,132.3800048828125,132.50999450683594,132,132.19000244140625,7263000,110.79077911376953
2021-12-30,132.3800048828125,132.75,132.10000610351562,132.72000122070312,5566900,111.23493957519531
2021-12-31,132.72999572753906,133.02999877929688,132.4499969482422,132.52000427246094,8514500,111.06735229492188
2022-01-03,131.77999877929688,131.7899932861328,131.11000061035156,131.11000061035156,18199400,109.88561248779297
2022-01-04,130.94000244140625,131.24000549316406,130.69000244140625,131.22000122070312,18748000,109.97779083251953
2022-01-05,131.47999572753906,131.47999572753906,130.4199981689453,130.4499969482422,16107500,109.33242797851562
2022-01-06,130.17999267578125,130.47999572753906,130,130.27999877929688,19336300,109.18994903564453
2022-01-07,130.11000061035156,130.1999969482422,129.47000122070312,129.72000122070312,17750800,108.7206039428711
2022-01-10,129.39999389648438,129.67999267578125,129.02999877929688,129.60000610351562,14253400,108.62005615234375
2022-01-11,129.61000061035156,130.07000732421875,129.47999572753906,129.99000549316406,17231000,108.94693756103516
2022-01-12,130.22999572753906,130.3800048828125,129.88999938964844,129.89999389648438,12733100,108.8714828491211
2022-01-13,130.11000061035156,130.32000732421875,129.69000244140625,130.30999755859375,13468500,109.21510314941406
2022-01-14,129.7100067138672,129.72999572753906,129.10000610351562,129.16000366210938,14308300,108.25126647949219
2022-01-18,128.4199981689453,128.49000549316406,127.87000274658203,127.93000030517578,15266600,107.22036743164062
2022-01-19,128.27000427246094,128.69000244140625,128.10000610351562,128.1300048828125,16057900,107.38800048828125
2022-01-20,128.2899932861328,128.5,127.93000030517578,128.05999755859375,22915800,107.32933044433594
2022-01-21,128.67999267578125,129.11000061035156,128.6199951171875,128.89999389648438,21504700,108.03333282470703
2022-01-24,128.94000244140625,129,128.41000366210938,128.5,22567100,107.69812774658203
2022-01-25,128.47999572753906,128.7899932861328,128.08999633789062,128.13999938964844,17247300,107.3963623046875
2022-01-26,128.47999572753906,128.6199951171875,127.1500015258789,127.2699966430664,23220800,106.66724395751953
2022-01-27,127.70999908447266,128.05999755859375,127.31999969482422,127.55999755859375,22292800,106.91027069091797
2022-01-28,126.86000061035156,127.75,126.8499984741211,127.69999694824219,21294200,107.02763366699219
2022-01-31,127.54000091552734,127.87999725341797,127.26000213623047,127.76000213623047,20325100,107.0779037475586
2022-02-01,127.58999633789062,127.81999969482422,127.05000305175781,127.7300033569336,17587300,107.25593566894531
2022-02-02,127.94000244140625,128.3000030517578,127.61000061035156,127.73999786376953,22644800,107.2643051147461
2022-02-03,126.81999969482422,126.93000030517578,126.45999908447266,126.70999908447266,23396800,106.39940643310547
2022-02-04,125.68000030517578,125.80000305175781,125.11000061035156,125.44999694824219,26115800,105.34138488769531
2022-02-07,125.33000183105469,125.80999755859375,125.19999694824219,125.68000030517578,12756600,105.53450775146484
2022-02-08,125.54000091552734,125.68000030517578,125.20999908447266,125.20999908447266,22126100,105.13985443115234
2022-02-09,125.72000122070312,126.08000183105469,125.5999984741211,125.62999725341797,19616400,105.4925537109375
2022-02-10,124.95999908447266,125.19000244140625,123.9000015258789,123.91999816894531,39583900,104.0566177368164
2022-02-11,124.19000244140625,124.95999908447266,123.69999694824219,124.83999633789062,21553500,104.82913208007812
2022-02-14,124.1500015258789,124.30000305175781,123.66000366210938,123.7300033569336,22793600,103.8970947265625
2022-02-15,123.58999633789062,123.8499984741211,123.11000061035156,123.11000061035156,15673700,103.37645721435547
2022-02-16,123.47000122070312,123.48999786376953,122.62000274658203,123.29000091552734,27148800,103.52761840820312
2022-02-17,123.44000244140625,123.7699966430664,123.08999633789062,123.37999725341797,24384600,103.60321044921875
2022-02-18,123.76000213623047,124.13999938964844,123.26000213623047,123.68000030517578,19233800,103.8551025390625
2022-02-22,123.25,123.52999877929688,123.12000274658203,123.5199966430664,18011000,103.72071075439453
2022-02-23,123.2300033569336,123.3499984741211,122.37000274658203,122.4000015258789,16579900,102.78026580810547
2022-02-24,122.47000122070312,123.08000183105469,122.22000122070312,122.9800033569336,29245000,103.26731872558594
2022-02-25,123.31999969482422,124.08000183105469,123.0199966430664,123.4800033569336,19073700,103.68717193603516
2022-02-28,123.94000244140625,125,123.94000244140625,124.80000305175781,23474500,104.79556274414062
2022-03-01,124.83999633789062,125.83999633789062,124.80000305175781,124.97000122070312,28504600,105.15404510498047
2022-03-02,124.12999725341797,124.30000305175781,123.04000091552734,123.06999969482422,24849900,103.5552749633789
2022-03-03,123.52999877929688,123.86000061035156,123.23999786376953,123.5199966430664,14144600,103.93395233154297
2022-03-04,124.33000183105469,124.44999694824219,123.56999969482422,123.63999938964844,17402800,104.03492736816406
2022-03-07,122.88999938964844,123.29000091552734,122,122.13999938964844,16164900,102.77277374267578
2022-03-08,121.31999969482422,121.83000183105469,120.80999755859375,121.41000366210938,20045200,102.15851593017578
2022-03-09,121.55999755859375,122,121.41999816894531,121.62000274658203,27652200,102.33522033691406
2022-03-10,120.87999725341797,120.93000030517578,119.79000091552734,120.2300033569336,34185900,101.1656494140625
2022-03-11,120.30000305175781,120.41999816894531,120.06999969482422,120.18000030517578,20701300,101.12356567382812
2022-03-14,119.11000061035156,119.56999969482422,118.4000015258789,118.44000244140625,18624900,99.65948486328125
2022-03-15,119.01000213623047,119.47000122070312,118.81999969482422,119.37000274658203,24022000,100.44200134277344
2022-03-16,119.9000015258789,120.44999694824219,118.66999816894531,120.38999938964844,32561800,101.30025482177734
2022-03-17,121.01000213623047,121.87999725341797,120.83000183105469,121.56999969482422,23878300,102.29315948486328
2022-03-18,121.1500015258789,121.98999786376953,121.1500015258789,121.80999755859375,21675100,102.49507904052734
2022-03-21,120.88999938964844,121.16000366210938,119.95999908447266,120.12000274658203,17919300,101.07308197021484
2022-03-22,119.73999786376953,119.98999786376953,119.58999633789062,119.83000183105469,16780900,100.82904815673828
2022-03-23,120.05000305175781,120.33000183105469,119.6500015258789,120.16999816894531,16949300,101.11511993408203
2022-03-24,119.4000015258789,120.4000015258789,118.83999633789062,120.22000122070312,20466500,101.15724182128906
2022-03-25,119.77999877929688,119.80999755859375,118.83999633789062,119.2699966430664,23247400,100.35786437988281
2022-03-28,119.4800033569336,120.12000274658203,119.33000183105469,119.93000030517578,18691100,100.91319274902344
2022-03-29,120.55000305175781,121.01000213623047,120.29000091552734,120.94000244140625,23812400,101.7630386352539
2022-03-30,120.48999786376953,121.3499984741211,120.43000030517578,121.22000122070312,17696700,101.99864959716797
2022-03-31,121.2699966430664,121.55999755859375,120.72000122070312,120.94000244140625,19905200,101.7630386352539
2022-04-01,120.05999755859375,121.4000015258789,119.94999694824219,121.08999633789062,16506800,102.10455322265625
2022-04-04,121.16999816894531,121.55000305175781,120.77999877929688,121.51000213623047,19647900,102.45867919921875
2022-04-05,121.13999938964844,121.19000244140625,119.36000061035156,119.37999725341797,22750400,100.66262817382812
2022-04-06,118.11000061035156,119.23999786376953,117.80000305175781,118.68000030517578,25447400,100.0724105834961
2022-04-07,118.52999877929688,118.62000274658203,117.91000366210938,118.12999725341797,21292700,99.608642578125
2022-04-08,117.25,117.55999755859375,116.8499984741211,117.19999694824219,16072800,98.82444763183594
2022-04-11,116.5,116.58999633789062,115.77999877929688,116.05999755859375,20685500,97.8631820678711
2022-04-12,116.83999633789062,117.16999816894531,116.12999725341797,116.13999938964844,25029100,97.9306411743164
2022-04-13,116.1500015258789,116.80999755859375,116.0999984741211,116.73999786376953,21276200,98.43658447265625
2022-04-14,116.66999816894531,116.69999694824219,115.2699966430664,115.37999725341797,19717700,97.28981018066406
2022-04-18,115.13999938964844,115.33000183105469,114.38999938964844,114.5,16576000,96.54777526855469
2022-04-19,113.93000030517578,114.16999816894531,113.5199966430664,113.58999633789062,19775400,95.78043365478516
2022-04-20,114.33000183105469,115.08999633789062,114.30999755859375,114.7699966430664,21119400,96.77546691894531
2022-04-21,114.5,114.58000183105469,113.22000122070312,113.55000305175781,25288700,95.7467269897461
2022-04-22,113.11000061035156,113.70999908447266,112.80999755859375,113.41999816894531,19927300,95.63710021972656
2022-04-25,114.02999877929688,114.86000061035156,114.0199966430664,114.68000030517578,22261500,96.69951629638672
2022-04-26,115.23999786376953,115.2699966430664,114.4800033569336,114.62000274658203,22695300,96.64896392822266
2022-04-27,114.4000015258789,114.80999755859375,113.47000122070312,113.5199966430664,19426200,95.72142028808594
2022-04-28,113.2699966430664,113.87000274658203,113.0199966430664,113.86000061035156,19645500,96.00811004638672
2022-04-29,112.91000366210938,113.5199966430664,112.37999725341797,112.5999984741211,20257300,94.94568634033203
2022-05-02,111.69000244140625,111.91999816894531,111.30000305175781,111.68000030517578,17184100,94.38282012939453
2022-05-03,112.77999877929688,113.33999633789062,112.29000091552734,112.4000015258789,20914600,94.991302490234375
2022-05-04,112.38999938964844,113.86000061035156,111.77999877929688,113.5,34240700,95.920928955078125
2022-05-05,112.44000244140625,112.48999786376953,110.88999938964844,111.76000213623047,34356900,94.45042419433594
2022-05-06,110.8499984741211,111.5199966430664,110.66000366210938,110.80999755859375,15550400,93.64756774902344
2022-05-09,110.41999816894531,111.31999969482422,110.19000244140625,111.19999694824219,17185900,93.97716522216797
2022-05-10,112.08000183105469,112.36000061035156,111.56999969482422,111.66999816894531,25650800,94.37437438964844
2022-05-11,111.19999694824219,112.45999908447266,111.04000091552734,112.19000244140625,25053500,94.81383514404297
2022-05-12,112.45999908447266,112.87999725341797,112.16000366210938,112.23999786376953,22156400,94.85607147216797
2022-05-13,112.06999969482422,112.16000366210938,111.41999816894531,111.6500015258789,16107900,94.35747528076172
2022-05-16,111.8499984741211,112.30999755859375,111.73999786376953,111.80000305175781,11980500,94.48426818847656
2022-05-17,111.16999816894531,111.4000015258789,110.94999694824219,111.16000366210938,16562600,93.94335174560547
2022-05-18,110.88999938964844,111.62000274658203,110.88999938964844,111.56999969482422,16146400,94.28984832763672
2022-05-19,112.2699966430664,112.62000274658203,111.70999908447266,111.87000274658203,21212500,94.54339599609375
2022-05-20,112.18000030517578,112.45999908447266,111.9800033569336,112.41999816894531,13906700,95.008209228515625
2022-05-23,112.06999969482422,112.51000213623047,111.77999877929688,112.0199966430664,14892400,94.6701889038086
2022-05-24,112.48999786376953,113.61000061035156,112.41000366210938,113.48999786376953,17210400,95.91252136230469
2022-05-25,114.0199966430664,114.68000030517578,113.91999816894531,114.66000366210938,25637000,96.90129852294922
2022-05-26,114.83000183105469,115.2699966430664,114.43000030517578,114.69000244140625,34022300,96.92662811279297
2022-05-27,115.16999816894531,115.66000366210938,114.87000274658203,115.29000091552734,9246100,97.43370056152344
2022-05-31,114.26000213623047,114.66000366210938,113.70999908447266,114.44000244140625,20336900,96.715362548828125
2022-06-01,114.66000366210938,114.9000015258789,113.08999633789062,113.5,22403900,96.151123046875
2022-06-02,113.66000366210938,113.79000091552734,112.88999938964844,113.55000305175781,14823300,96.193511962890625
2022-06-03,112.73999786376953,113.19999694824219,112.73999786376953,113.19000244140625,11440900,95.88853454589844
2022-06-06,113.11000061035156,113.19000244140625,112.30999755859375,112.38999938964844,12213900,95.21082305908203
2022-06-07,112.69000244140625,113.29000091552734,112.61000061035156,112.98999786376953,11291400,95.71910858154297
2022-06-08,112.76000213623047,113.08999633789062,112.33000183105469,112.33999633789062,13730800,95.16847229003906
2022-06-09,112.05999755859375,112.33999633789062,111.54000091552734,111.5999984741211,24846700,94.5416030883789
2022-06-10,111.01000213623047,111.13999938964844,109.86000061035156,110.5199966430664,36297900,93.62665557861328
2022-06-13,108.37000274658203,108.8499984741211,107.0999984741211,107.97000122070312,34771900,91.4664306640625
2022-06-14,108.45999908447266,108.81999969482422,107.16000366210938,107.41000366210938,27320800,90.99201965332031
2022-06-15,108.66000366210938,109.19000244140625,107.73999786376953,109.08999633789062,31581500,92.41524505615234
2022-06-16,107.58999633789062,109.4800033569336,107.29000091552734,109.20999908447266,30588300,92.51689147949219
2022-06-17,109.5199966430664,109.70999908447266,108.7699966430664,109.43000030517578,17319600,92.703277587890625
2022-06-21,108.94000244140625,109.41999816894531,108.20999908447266,108.33000183105469,17031500,91.77143859863281
2022-06-22,109.45999908447266,109.66999816894531,109.05999755859375,109.12000274658203,18943300,92.4406509399414
2022-06-23,109.63999938964844,110.81999969482422,109.58999633789062,109.95999908447266,30742100,93.15225982666016
2022-06-24,109.87999725341797,110.66999816894531,109.8499984741211,110.08999633789062,18668900,93.26236724853516
2022-06-27,109.4800033569336,109.70999908447266,109.0199966430664,109.08000183105469,20847000,92.40679931640625
2022-06-28,108.9000015258789,109.11000061035156,108.5199966430664,109.05000305175781,18998400,92.38136291503906
2022-06-29,109.0999984741211,109.70999908447266,109.0199966430664,109.69999694824219,10747100,92.9319839477539
2022-06-30,109.7699966430664,110.9000015258789,109.7699966430664,110.02999877929688,16570800,93.21154022216797
2022-07-01,110.66000366210938,111.45999908447266,110.47000122070312,111.12000274658203,20179400,94.38973236083984
2022-07-05,111.19999694824219,111.30000305175781,110.83999633789062,111.08999633789062,16728000,94.364227294921875
2022-07-06,111.41000366210938,111.58000183105469,110.43000030517578,110.54000091552734,17291300,93.89704895019531
2022-07-07,110.95999908447266,111.13999938964844,110.33000183105469,110.52999877929688,15165800,93.88855743408203
2022-07-08,110.12000274658203,110.41000366210938,109.94999694824219,110.3499984741211,14384500,93.73567199707031
2022-07-11,110.81999969482422,111.16000366210938,110.5,110.66000366210938,9456900,93.99897003173828
2022-07-12,111.11000061035156,111.58000183105469,110.77999877929688,110.81999969482422,18053600,94.1348876953125
2022-07-13,109.72000122070312,111.77999877929688,109.70999908447266,111.6500015258789,25657200,94.839935302734375
2022-07-14,110.44000244140625,111.22000122070312,110.08999633789062,110.94000244140625,22978600,94.2368392944336
2022-07-15,110.86000061035156,112.05000305175781,110.86000061035156,111.83000183105469,15192500,94.99280548095703
2022-07-18,111.66000366210938,111.66999816894531,110.97000122070312,111.05000305175781,15665500,94.33026885986328
2022-07-19,111.20999908447266,111.47000122070312,110.81999969482422,111.36000061035156,15414500,94.593597412109375
2022-07-20,111.8499984741211,111.94000244140625,111.16000366210938,111.23999786376953,9888100,94.49165344238281
2022-07-21,111.51000213623047,112.7699966430664,111.51000213623047,112.76000213623047,25141900,95.78277587890625
2022-07-22,113.70999908447266,114.23999786376953,113.13999938964844,113.62999725341797,16062400,96.52180480957031
2022-07-25,112.83999633789062,113.01000213623047,112.4000015258789,112.66999816894531,25656700,95.70635223388672
2022-07-26,113.01000213623047,113.12000274658203,112.5999984741211,112.6500015258789,18514600,95.68938446044922
2022-07-27,113.16000366210938,114.05000305175781,113.12999725341797,113.4000015258789,16995200,96.32642364501953
2022-07-28,114.2300033569336,114.51000213623047,113.98999786376953,114.33999633789062,17266700,97.1249008178711
2022-07-29,114.27999877929688,115.08000183105469,114.13999938964844,114.61000061035156,14914000,97.35425567626953
2022-08-01,114.37999725341797,114.91000366210938,114.26000213623047,114.55999755859375,18348900,97.54670715332031
2022-08-02,114.52999877929688,114.68000030517578,113.06999969482422,113.16000366210938,22706500,96.35460662841797
2022-08-03,113.2300033569336,114.41999816894531,112.87000274658203,114.38999938964844,19416500,97.4019546508789
2022-08-04,114.26000213623047,114.62999725341797,113.91000366210938,114.56999969482422,22451000,97.55521392822266
2022-08-05,112.94999694824219,113.0999984741211,112.30999755859375,113.0199966430664,15893400,96.23540496826172
2022-08-08,113.58000183105469,113.94000244140625,113.41000366210938,113.47000122070312,11889800,96.618560791015625
2022-08-09,113.0199966430664,113.20999908447266,112.83000183105469,112.95999908447266,17809000,96.18431091308594
2022-08-10,113.55999755859375,114.30999755859375,113.54000091552734,114.02999877929688,25548100,97.09541320800781
2022-08-11,114.47000122070312,114.9800033569336,112.87999725341797,112.93000030517578,24970100,96.15877532958984
2022-08-12,113.54000091552734,114.26000213623047,113.2699966430664,114.23999786376953,16542900,97.27423095703125
2022-08-15,114.44000244140625,114.61000061035156,114.13999938964844,114.16000366210938,10750200,97.20611572265625
2022-08-16,113.80999755859375,113.87000274658203,113.12999725341797,113.72000122070312,15328900,96.83143615722656
2022-08-17,112.95999908447266,113.18000030517578,112.4000015258789,112.6500015258789,20836800,95.92037200927734
2022-08-18,113.01000213623047,113.31999969482422,112.87999725341797,112.94000244140625,13914300,96.16730499267578
2022-08-19,111.94000244140625,111.94000244140625,111.3499984741211,111.5999984741211,17996700,95.02631378173828
2022-08-22,111.29000091552734,111.30000305175781,110.7300033569336,110.8499984741211,10208500,94.3876724243164
2022-08-23,110.72000122070312,111.48999786376953,110.61000061035156,110.97000122070312,14517700,94.4898452758789
2022-08-24,110.7300033569336,110.80000305175781,110.43000030517578,110.63999938964844,14441000,94.20886993408203
2022-08-25,111.2300033569336,112.04000091552734,110.75,111.77999877929688,33579200,95.1795654296875
2022-08-26,111.44999694824219,111.73999786376953,111.01000213623047,111.11000061035156,13942300,94.60906219482422
2022-08-29,110.62000274658203,110.62000274658203,110.1500015258789,110.29000091552734,18371900,93.91082763671875
2022-08-30,110.58000183105469,110.80000305175781,109.8499984741211,110.43000030517578,19251300,94.0300521850586
2022-08-31,110.19999694824219,110.37000274658203,109.20999908447266,109.2699966430664,19484300,93.04230499267578
2022-09-01,108.19000244140625,108.41999816894531,107.3499984741211,108.30999755859375,26706500,92.48217010498047
2022-09-02,108.8499984741211,109.25,108.37999725341797,108.38999938964844,14458700,92.55048370361328
2022-09-06,107.86000061035156,107.94000244140625,106.91999816894531,106.91999816894531,16455700,91.295318603515625
2022-09-07,107.41000366210938,108.48999786376953,107.38999938964844,108.37999725341797,21874300,92.54193878173828
2022-09-08,108.33999633789062,108.66999816894531,108.05000305175781,108.12999725341797,16871100,92.3284912109375
2022-09-09,108.55000305175781,108.98999786376953,108.3499984741211,108.37999725341797,11911700,92.54193878173828
2022-09-12,108.80000305175781,109.0199966430664,107.91999816894531,108.13999938964844,11084600,92.3370361328125
2022-09-13,107.05999755859375,107.5199966430664,106.91000366210938,107.36000061035156,19563400,91.67101287841797
2022-09-14,107.33000183105469,108.05999755859375,107.30000305175781,107.87000274658203,19360500,92.10651397705078
2022-09-15,107.62000274658203,107.76000213623047,107.19999694824219,107.3499984741211,12947800,91.66246032714844
2022-09-16,106.75,108.16000366210938,106.7300033569336,107.0999984741211,13980900,91.44902038574219
2022-09-19,106.62000274658203,107.38999938964844,106.52999877929688,107.27999877929688,13679600,91.60270690917969
2022-09-20,106.33999633789062,106.6500015258789,106.05999755859375,106.20999908447266,30310500,90.68907928466797
2022-09-21,106.62999725341797,106.9000015258789,105.5999984741211,106.61000061035156,23883200,91.03063201904297
2022-09-22,105.62000274658203,105.62999725341797,104.80999755859375,105.11000061035156,20982600,89.74981689453125
2022-09-23,104.87999725341797,105.06999969482422,104.33000183105469,104.80999755859375,18671200,89.493621826171875
2022-09-26,104.38999938964844,104.58999633789062,102.94000244140625,102.98999786376953,27606500,87.93962860107422
2022-09-27,103.05999755859375,103.2699966430664,101.4000015258789,101.44000244140625,34683500,86.6161117553711
2022-09-28,102.48999786376953,103.56999969482422,102.2699966430664,103.4800033569336,39921300,88.35802459716797
2022-09-29,102.5199966430664,102.77999877929688,101.73999786376953,102.70999908447266,30873000,87.700531005859375
2022-09-30,103.05999755859375,103.56999969482422,102.44000244140625,102.44999694824219,24058300,87.47850799560547
2022-10-03,103.61000061035156,104.83999633789062,103.38999938964844,104,27200900,89.09683990478516
2022-10-04,104.80999755859375,105.12000274658203,104.36000061035156,104.4800033569336,21918800,89.50804901123047
2022-10-05,103.66999816894531,103.88999938964844,102.94999694824219,103.69000244140625,24999500,88.8312759399414
2022-10-06,103.68000030517578,103.94000244140625,103.19999694824219,103.44999694824219,22017200,88.62565612792969
2022-10-07,102.83999633789062,102.91000366210938,102.37000274658203,102.41999816894531,20895500,87.74327850341797
2022-10-10,102.38999938964844,102.44999694824219,101.08999633789062,101.5,6179400,86.95509338378906
2022-10-11,101.7699966430664,102.16999816894531,101.04000091552734,101.29000091552734,30332900,86.77520751953125
2022-10-12,101.16999816894531,101.4800033569336,100.83000183105469,101.16999816894531,18941200,86.6723861694336
2022-10-13,99.19999694824219,101.63999938964844,99.18000030517578,101.3499984741211,20727700,86.82658386230469
2022-10-14,101.98999786376953,101.98999786376953,100.2699966430664,100.37999725341797,20681900,85.99559783935547
2022-10-17,101.26000213623047,101.66999816894531,100.79000091552734,100.86000061035156,16585700,86.40679931640625
2022-10-18,101.47000122070312,101.61000061035156,100.51000213623047,101.45999908447266,23532600,86.92082977294922
2022-10-19,100.54000091552734,100.83999633789062,99.94000244140625,100.06999969482422,16461800,85.73003387451172
2022-10-20,99.81999969482422,100.37000274658203,99.0999984741211,99.19999694824219,21437300,84.98466491699219
2022-10-21,98.7300033569336,99.63999938964844,98.410003662109375,99.4800033569336,18871700,85.22456359863281
2022-10-24,99.37999725341797,99.9800033569336,98.83000183105469,99.43000030517578,16517100,85.1817398071289
2022-10-25,100.29000091552734,101.19000244140625,100.29000091552734,100.76000213623047,23143100,86.3211441040039
2022-10-26,101.01000213623047,101.72000122070312,100.91000366210938,101.22000122070312,22201400,86.71525573730469
2022-10-27,101.56999969482422,102.08999633789062,101.19999694824219,101.69000244140625,21002900,87.11787414550781
2022-10-28,101.29000091552734,102.05000305175781,101.23999786376953,101.9000015258789,19532300,87.29776763916016
2022-10-31,101.54000091552734,101.68000030517578,100.97000122070312,101.3499984741211,21884100,86.82658386230469
2022-11-01,102.0999984741211,102.19000244140625,101.19000244140625,101.7699966430664,26415300,87.45130157470703
2022-11-02,101.91000366210938,102.91999816894531,101.0199966430664,101.27999877929688,23174200,87.03022766113281
2022-11-03,100.33000183105469,101.18000030517578,100.01000213623047,100.91999816894531,52723900,86.72089385986328
2022-11-04,101.20999908447266,101.55000305175781,100.66000366210938,101.12000274658203,16698200,86.89276123046875
2022-11-07,101.16999816894531,101.2300033569336,100.54000091552734,100.75,13428300,86.57481384277344
2022-11-08,101,101.48999786376953,100.8499984741211,101.16999816894531,19206000,86.93573760986328
2022-11-09,100.86000061035156,101.41999816894531,100.6500015258789,100.91000366210938,12204000,86.71228790283203
2022-11-10,103.0999984741211,104.38999938964844,103.06999969482422,104.29000091552734,28447600,89.61675262451172
2022-11-11,104.12000274658203,104.73999786376953,103.9800033569336,104.56999969482422,8578600,89.85735321044922
2022-11-14,104.20999908447266,104.44999694824219,104.01000213623047,104.04000091552734,22576600,89.40192413330078
2022-11-15,105.12000274658203,105.52999877929688,104.81999969482422,105.48999786376953,25504400,90.64791107177734
2022-11-16,105.80000305175781,106.5999984741211,105.58000183105469,106.38999938964844,24648800,91.42127227783203
2022-11-17,105.5199966430664,105.91000366210938,105.22000122070312,105.81999969482422,24106600,90.931488037109375
2022-11-18,106.12999725341797,106.29000091552734,105.61000061035156,105.80999755859375,14214100,90.92288970947266
2022-11-21,106.19999694824219,106.36000061035156,105.63999938964844,105.6500015258789,9664100,90.785400390625
2022-11-22,106.19000244140625,106.7300033569336,106.05999755859375,106.58999633789062,15050400,91.59314727783203
2022-11-23,106.95999908447266,107.69999694824219,106.91999816894531,107.66000366210938,12511500,92.51261901855469
2022-11-25,107.72000122070312,107.79000091552734,107.5,107.7699966430664,4413900,92.60712432861328
2022-11-28,107.8499984741211,107.87999725341797,106.88999938964844,106.98999786376953,18815800,91.9368667602539
2022-11-29,106.51000213623047,106.80999755859375,106.23999786376953,106.45999908447266,23040000,91.4814224243164
2022-11-30,106.4000015258789,107.77999877929688,105.98999786376953,107.76000213623047,20930100,92.59850311279297
2022-12-01,107.91999816894531,108.80999755859375,107.61000061035156,108.76000213623047,30830200,93.75713348388672
2022-12-02,108,109.41999816894531,107.79000091552734,109.41999816894531,16908900,94.32609558105469
2022-12-05,108.70999908447266,108.70999908447266,108.0199966430664,108.48999786376953,19612000,93.52437591552734
2022-12-06,108.87000274658203,108.9800033569336,108.52999877929688,108.81999969482422,18220800,93.808868408203125
2022-12-07,109.38999938964844,110.08000183105469,109.27999877929688,110.02999877929688,22116700,94.8519515991211
2022-12-08,109.73999786376953,110.02999877929688,109.41000366210938,109.68000030517578,18285600,94.55022430419922
2022-12-09,109.30000305175781,109.4000015258789,108.81999969482422,108.86000061035156,15568800,93.84333801269531
2022-12-12,109.62000274658203,109.73999786376953,108.6500015258789,108.72000122070312,13988400,93.72266387939453
2022-12-13,110.76000213623047,110.88999938964844,109.4800033569336,109.66999816894531,19976000,94.54161071777344
2022-12-14,109.66000366210938,109.93000030517578,108.7699966430664,109.7699966430664,19894900,94.62779998779297
2022-12-15,109.52999877929688,109.72000122070312,109.16000366210938,109.52999877929688,16931200,94.707366943359375
2022-12-16,108.4800033569336,109.19999694824219,108.4800033569336,109.05999755859375,16643900,94.30094909667969
2022-12-19,108.43000030517578,108.44999694824219,107.69999694824219,107.95999908447266,14746200,93.3498306274414
2022-12-20,106.93000030517578,107.0199966430664,106.5199966430664,106.69000244140625,18678000,92.251708984375
2022-12-21,107.37000274658203,107.5199966430664,107.01000213623047,107.41999816894531,15087800,92.88288879394531
2022-12-22,107.37000274658203,107.54000091552734,107.13999938964844,107.38999938964844,13957300,92.856964111328125
2022-12-23,106.95999908447266,107.30999755859375,106.83000183105469,107.05999755859375,5992400,92.57164001464844
2022-12-27,106.31999969482422,106.54000091552734,105.63999938964844,105.68000030517578,10456200,91.378387451171875
2022-12-28,106.06999969482422,106.2300033569336,105.3499984741211,105.3499984741211,10050900,91.09302520751953
2022-12-29,105.7300033569336,106.13999938964844,105.66000366210938,106.0999984741211,14253300,91.74153137207031
2022-12-30,105.80999755859375,105.94000244140625,105.16999816894531,105.43000030517578,8528200,91.16223907470703
2023-01-03,106.94999694824219,106.98999786376953,105.8499984741211,106.16000366210938,15589800,91.793426513671875
2023-01-04,107.02999877929688,107.0999984741211,106.5199966430664,106.93000030517578,13951700,92.4592056274414
2023-01-05,106.08999633789062,106.95999908447266,106.08999633789062,106.8499984741211,9848100,92.39006042480469
2023-01-06,107.02999877929688,108.7699966430664,106.88999938964844,108.5999984741211,20695600,93.9031982421875
2023-01-09,108.44000244140625,109.29000091552734,108.33999633789062,109.02999877929688,20449600,94.2750244140625
2023-01-10,108.51000213623047,108.83000183105469,108.25,108.66000366210938,19225200,93.95509338378906
2023-01-11,109.31999969482422,109.63999938964844,109.16999816894531,109.58999633789062,19541700,94.75923156738281
2023-01-12,109.87999725341797,110.8499984741211,109.23999786376953,110.83000183105469,18372500,95.8314208984375
2023-01-13,110.44999694824219,110.88999938964844,110.30999755859375,110.47000122070312,21077700,95.5201187133789
2023-01-17,110.01000213623047,110.41000366210938,109.91999816894531,110.06999969482422,20745100,95.17427062988281
2023-01-18,111.68000030517578,111.94999694824219,110.87000274658203,111.36000061035156,27794600,96.28971862792969
2023-01-19,110.87000274658203,111.2300033569336,110.76000213623047,111.12999725341797,18085800,96.09083557128906
2023-01-20,110.58000183105469,110.68000030517578,110.12000274658203,110.55000305175781,15440000,95.58934783935547
2023-01-23,110.1500015258789,110.5199966430664,110.08000183105469,110.2300033569336,18814700,95.31262969970703
2023-01-24,110.29000091552734,110.94000244140625,109.91999816894531,110.80999755859375,12419700,95.81414031982422
2023-01-25,110.70999908447266,110.95999908447266,110.33000183105469,110.86000061035156,15450000,95.85738372802734
2023-01-26,110.93000030517578,111.08000183105469,110.37000274658203,110.81999969482422,13250300,95.82276916503906
2023-01-27,110.37000274658203,110.66000366210938,110.27999877929688,110.5,8924900,95.54608917236328
2023-01-30,110.16000366210938,110.62000274658203,110.01000213623047,110.08000183105469,20019800,95.18293762207031
2023-01-31,110.66999816894531,110.97000122070312,110.08000183105469,110.87000274658203,27212200,95.86602020263672
2023-02-01,110.87000274658203,111.9000015258789,110.27999877929688,111.6500015258789,29127300,96.83918762207031
2023-02-02,112.36000061035156,112.51000213623047,111.69999694824219,111.80999755859375,18958900,96.97796630859375
2023-02-03,110.69999694824219,110.9000015258789,110.29000091552734,110.54000091552734,16053900,95.87640380859375
2023-02-06,109.9800033569336,110.01000213623047,109.62000274658203,109.69000244140625,18455400,95.139190673828125
2023-02-07,109.5,110.12000274658203,109.19000244140625,109.33000183105469,25191300,94.826934814453125
2023-02-08,109.43000030517578,109.63999938964844,108.94999694824219,109.44000244140625,16484400,94.92236328125
2023-02-09,109.95999908447266,109.97000122070312,108.45999908447266,108.5199966430664,21637500,94.124359130859375
2023-02-10,108.37999725341797,108.44999694824219,107.72000122070312,107.76000213623047,16092100,93.46520233154297
2023-02-13,107.86000061035156,108.16000366210938,107.7699966430664,108.16000366210938,32223500,93.812164306640625
2023-02-14,108.11000061035156,108.3499984741211,107.22000122070312,107.88999938964844,31922200,93.57796478271484
2023-02-15,107.72000122070312,107.79000091552734,107.20999908447266,107.4800033569336,24279600,93.22235107421875
2023-02-16,106.95999908447266,107.18000030517578,106.55999755859375,106.62000274658203,27909900,92.47642517089844
2023-02-17,106.2699966430664,107.04000091552734,106.22000122070312,107.04000091552734,18528900,92.8407211303711
2023-02-21,106.18000030517578,106.25,105.4800033569336,105.5199966430664,21136000,91.5223388671875
2023-02-22,105.94000244140625,106.2699966430664,105.7699966430664,105.81999969482422,20971700,91.78255462646484
2023-02-23,106.12999725341797,106.69000244140625,106.05000305175781,106.6500015258789,21144600,92.50245666503906
2023-02-24,105.8499984741211,106.05000305175781,105.58000183105469,105.8499984741211,26721100,91.80858612060547
2023-02-27,106.12999725341797,106.29000091552734,105.80000305175781,105.87999725341797,19660700,91.8345947265625
2023-02-28,105.44000244140625,106,105.2699966430664,105.91999816894531,18239100,91.86927795410156
2023-03-01,105.26000213623047,105.36000061035156,104.76000213623047,104.88999938964844,27249600,91.29655456542969
2023-03-02,104.43000030517578,104.9800033569336,104.33000183105469,104.9800033569336,23715100,91.37488555908203
2023-03-03,105.61000061035156,106.2300033569336,105.44000244140625,106.16999816894531,27316900,92.41069793701172
2023-03-06,106.5,106.54000091552734,105.81999969482422,105.87999725341797,14688600,92.15824890136719
2023-03-07,106.08999633789062,106.19999694824219,105.33999633789062,105.58000183105469,22431700,91.89714050292969
2023-03-08,105.9000015258789,106.16999816894531,105.1500015258789,105.41000366210938,29396500,91.74919891357422
2023-03-09,105.48999786376953,105.83000183105469,105.16000366210938,105.30999755859375,24552400,91.66212463378906
2023-03-10,106.5,107.13999938964844,106.25,106.81999969482422,36906000,92.9764404296875
2023-03-13,107.41000366210938,108.26000213623047,106.4800033569336,106.91000366210938,47445400,93.0547866821289
2023-03-14,106.83999633789062,107.56999969482422,106.43000030517578,106.58999633789062,49782100,92.77625274658203
2023-03-15,107.30000305175781,108.0999984741211,106.98999786376953,107.61000061035156,50591500,93.6640625
2023-03-16,108.05999755859375,108.30000305175781,107.12999725341797,107.44999694824219,37961900,93.52479553222656
2023-03-17,107.77999877929688,108.41999816894531,107.61000061035156,107.98999786376953,32011600,93.99479675292969
2023-03-20,108.08000183105469,108.27999877929688,107.55999755859375,107.66999816894531,24035100,93.7162857055664
2023-03-21,108.12000274658203,108.25,107.69999694824219,108.19000244140625,29109400,94.16890716552734
2023-03-22,108.11000061035156,109.58999633789062,107.80999755859375,108.81999969482422,31434700,94.71724700927734
2023-03-23,108.70999908447266,109.22000122070312,108.37999725341797,109.12999725341797,28703800,94.98707580566406
2023-03-24,109.43000030517578,109.69000244140625,109.18000030517578,109.47000122070312,26204100,95.282989501953125
2023-03-27,108.4800033569336,108.98999786376953,108.12999725341797,108.16000366210938,16527900,94.14278411865234
2023-03-28,108.04000091552734,108.20999908447266,107.73999786376953,107.9800033569336,14138000,93.986114501953125
2023-03-29,107.76000213623047,108.5199966430664,107.72000122070312,108.4800033569336,17506000,94.42131805419922
2023-03-30,108.4800033569336,108.8499984741211,108.45999908447266,108.62999725341797,18267200,94.55187225341797
2023-03-31,109.0999984741211,109.69000244140625,108.86000061035156,109.61000061035156,19187400,95.40486907958984
2023-04-03,109.16999816894531,110.0199966430664,109,109.93000030517578,20093500,95.9811019897461
2023-04-04,109.41999816894531,110.19999694824219,109.29000091552734,110.06999969482422,20317700,96.1033706665039
2023-04-05,110.22000122070312,110.58000183105469,110.05000305175781,110.43000030517578,14674800,96.41768646240234
2023-04-06,110.48999786376953,110.5999984741211,110.2300033569336,110.33000183105469,14191300,96.33036804199219
2023-04-10,109.77999877929688,109.88999938964844,109.3499984741211,109.81999969482422,10825500,95.88507080078125
2023-04-11,109.83999633789062,109.94999694824219,109.55000305175781,109.79000091552734,14510100,95.85888671875
2023-04-12,110.26000213623047,110.30999755859375,109.38999938964844,109.55999755859375,20049200,95.65806579589844
2023-04-13,109.9000015258789,110.05000305175781,109.55000305175781,109.75,18589100,95.82395935058594
2023-04-14,109.44000244140625,109.56999969482422,109.02999877929688,109.38999938964844,16218900,95.50963592529297
2023-04-17,109.05999755859375,109.16999816894531,108.58000183105469,108.69999694824219,11891400,94.90718841552734
2023-04-18,108.91000366210938,109.2300033569336,108.9000015258789,109.05999755859375,10522400,95.2215347290039
2023-04-19,108.77999877929688,108.80000305175781,108.45999908447266,108.5199966430664,14023700,94.75001525878906
2023-04-20,108.7699966430664,109.0999984741211,108.75,108.93000030517578,16076100,95.10801696777344
2023-04-21,109.3499984741211,109.4000015258789,108.6500015258789,109,18480700,95.16913604736328
2023-04-24,109.0999984741211,109.51000213623047,109.0999984741211,109.4800033569336,7974300,95.58821868896484
2023-04-25,109.94999694824219,110.2300033569336,109.91000366210938,109.95999908447266,17038800,96.00732421875
2023-04-26,110.06999969482422,110.12999725341797,109.37999725341797,109.4800033569336,19635200,95.58821868896484
2023-04-27,109.30000305175781,109.38999938964844,109.02999877929688,109.08000183105469,14629500,95.2389907836914
2023-04-28,109.81999969482422,109.98999786376953,109.51000213623047,109.93000030517578,18882100,95.9811019897461
2023-05-01,108.94000244140625,108.9800033569336,107.61000061035156,107.79000091552734,20789900,94.432220458984375
2023-05-02,108.18000030517578,109.11000061035156,108.05999755859375,109.08999633789062,21547100,95.57112884521484
2023-05-03,109.30000305175781,109.55000305175781,108.83999633789062,109.2699966430664,15750800,95.7287826538086
2023-05-04,108.66000366210938,109.26000213623047,108.55000305175781,108.97000122070312,17811700,95.46599578857422
2023-05-05,108.68000030517578,108.81999969482422,108.33999633789062,108.54000091552734,12130800,95.08928680419922
2023-05-08,107.94000244140625,108.02999877929688,107.62000274658203,107.76000213623047,16424800,94.40592956542969
2023-05-09,107.77999877929688,107.98999786376953,107.69000244140625,107.72000122070312,15860300,94.37088775634766
2023-05-10,108.41999816894531,108.58999633789062,108.25,108.56999969482422,15815700,95.11555480957031
2023-05-11,109.23999786376953,109.25,108.86000061035156,108.98999786376953,12261800,95.4834976196289
2023-05-12,108.98999786376953,109.06999969482422,108.30000305175781,108.31999969482422,10797200,94.89653778076172
2023-05-15,107.7699966430664,107.8499984741211,107.5999984741211,107.73999786376953,20334800,94.38841247558594
2023-05-16,107.27999877929688,107.38999938964844,107.08999633789062,107.19999694824219,25934500,93.91535186767578
2023-05-17,107.4000015258789,107.4800033569336,107.08000183105469,107.19000244140625,25387100,93.90656280517578
2023-05-18,106.93000030517578,106.93000030517578,106.58999633789062,106.73999786376953,21383500,93.5123291015625
2023-05-19,106.7300033569336,106.9000015258789,106.5,106.61000061035156,22194600,93.3984375
2023-05-22,106.68000030517578,106.93000030517578,106.5,106.56999969482422,15526700,93.3634033203125
2023-05-23,106.44999694824219,106.88999938964844,106.29000091552734,106.79000091552734,15529300,93.55616760253906
2023-05-24,106.8499984741211,106.88999938964844,106.30999755859375,106.37000274658203,16688900,93.188201904296875
2023-05-25,106.48999786376953,106.55999755859375,105.9800033569336,106.0199966430664,18743200,92.8815689086914
2023-05-26,106.04000091552734,106.51000213623047,105.95999908447266,106.47000122070312,15848500,93.27581024169922
2023-05-30,106.94000244140625,107.2699966430664,106.87999725341797,107.2699966430664,21581400,93.9766616821289
2023-05-31,107.23999786376953,107.73999786376953,107.06999969482422,107.62000274658203,24052300,94.28328704833984
2023-06-01,107.61000061035156,107.86000061035156,107.44000244140625,107.5999984741211,26084500,94.57244110107422
2023-06-02,107.69000244140625,107.76000213623047,107.22000122070312,107.30999755859375,17086600,94.31758880615234
2023-06-05,106.97000122070312,107.48999786376953,106.8499984741211,107.08000183105469,14211100,94.11543273925781
2023-06-06,107.11000061035156,107.31999969482422,106.81999969482422,107.29000091552734,25228400,94.29999542236328
2023-06-07,107.20999908447266,107.31999969482422,106.2699966430664,106.33000183105469,26526700,93.45621490478516
2023-06-08,106.44000244140625,107.0999984741211,106.41000366210938,107.04000091552734,16579800,94.08026123046875
2023-06-09,106.80999755859375,106.91999816894531,106.58000183105469,106.76000213623047,12060000,93.83415985107422
2023-06-12,106.98999786376953,107.11000061035156,106.41999816894531,107.0999984741211,14229300,94.13298797607422
2023-06-13,107.2699966430664,107.38999938964844,106.44999694824219,106.62000274658203,19385200,93.71111297607422
2023-06-14,106.93000030517578,107.22000122070312,106.43000030517578,106.94999694824219,30280100,94.00115203857422
2023-06-15,107.51000213623047,107.9000015258789,107.2699966430664,107.87999725341797,23426200,94.81853485107422
2023-06-16,107.54000091552734,107.79000091552734,107.30000305175781,107.69000244140625,13184500,94.651580810546875
2023-06-20,107.8499984741211,108.19999694824219,107.8499984741211,108.08000183105469,22272700,94.99434661865234
2023-06-21,107.62999725341797,108.08999633789062,107.30999755859375,107.95999908447266,17521700,94.88885498046875
2023-06-22,107.55999755859375,107.80000305175781,107.22000122070312,107.4000015258789,16007900,94.39666748046875
2023-06-23,108.12000274658203,108.12000274658203,107.5,107.69999694824219,13102800,94.66034698486328
2023-06-26,107.9800033569336,108.0199966430664,107.76000213623047,107.81999969482422,14642200,94.76580810546875
2023-06-27,107.93000030517578,108.12999725341797,107.45999908447266,107.69999694824219,15749300,94.66034698486328
2023-06-28,107.8499984741211,108.19000244140625,107.62999725341797,108.16999816894531,17806000,95.073455810546875
2023-06-29,107.37000274658203,107.45999908447266,107.01000213623047,107.3499984741211,25554500,94.35272216796875
2023-06-30,107.62999725341797,108.20999908447266,107.44000244140625,108.13999938964844,20938600,95.04705810546875
2023-07-03,107.87000274658203,108.16000366210938,107.48999786376953,107.48999786376953,11810800,94.78079986572266
2023-07-05,107.30999755859375,107.37999725341797,106.58999633789062,106.72000122070312,21463300,94.10181427001953
2023-07-06,105.87999725341797,105.94000244140625,105.3499984741211,105.63999938964844,35240800,93.1495132446289
2023-07-07,105.66999816894531,105.98999786376953,105.5199966430664,105.54000091552734,17148000,93.06133270263672
2023-07-10,105.68000030517578,106.19000244140625,105.58000183105469,106.08999633789062,16360600,93.5462875366211
2023-07-11,106.33999633789062,106.66000366210938,106.20999908447266,106.58999633789062,21693900,93.98719024658203
2023-07-12,107.12000274658203,107.68000030517578,107.12000274658203,107.52999877929688,23217300,94.81603240966797
2023-07-13,107.98999786376953,108.33000183105469,107.87000274658203,108.29000091552734,21637500,95.4862060546875
2023-07-14,108.12000274658203,108.23999786376953,107.41999816894531,107.44999694824219,23784000,94.74552154541016
2023-07-17,107.43000030517578,107.72000122070312,107.3499984741211,107.62999725341797,12260100,94.90423583984375
2023-07-18,108.06999969482422,108.18000030517578,107.86000061035156,107.9000015258789,17403600,95.14229583740234
2023-07-19,108.26000213623047,108.5199966430664,108.08000183105469,108.51000213623047,20871600,95.68019104003906
2023-07-20,108.06999969482422,108.0999984741211,107.48999786376953,107.77999877929688,37868000,95.0364761352539
2023-07-21,108.18000030517578,108.20999908447266,107.87999725341797,107.97000122070312,16517800,95.20403289794922
2023-07-24,108.16000366210938,108.30000305175781,107.80999755859375,107.83999633789062,17999400,95.08940887451172
2023-07-25,107.55999755859375,107.88999938964844,107.54000091552734,107.66999816894531,15029800,94.93949127197266
2023-07-26,108.05999755859375,108.26000213623047,107.69000244140625,108.16999816894531,17816800,95.38037872314453
2023-07-27,108.04000091552734,108.12999725341797,106.72000122070312,106.8499984741211,29142600,94.21646881103516
2023-07-28,107.33000183105469,107.5999984741211,107.13999938964844,107.55000305175781,18719300,94.83367919921875
2023-07-31,107.58000183105469,108.02999877929688,107.58000183105469,107.8499984741211,24906600,95.09822082519531
2023-08-01,106.80000305175781,106.97000122070312,106.31999969482422,106.41000366210938,22977700,94.15061950683594
2023-08-02,105.80000305175781,105.87999725341797,105.38999938964844,105.76000213623047,28516700,93.57548522949219
2023-08-03,104.91000366210938,104.94999694824219,104.55999755859375,104.80999755859375,27632700,92.73493194580078
2023-08-04,105.19000244140625,106.04000091552734,105.18000030517578,105.9000015258789,19998900,93.69934844970703
2023-08-07,105.80999755859375,105.86000061035156,105.5,105.63999938964844,10726300,93.46931457519531
2023-08-08,106.12999725341797,106.30000305175781,105.91999816894531,106.05999755859375,17616200,93.8409423828125
2023-08-09,106.19999694824219,106.30999755859375,106.05999755859375,106.16000366210938,11514100,93.92940521240234
2023-08-10,106.29000091552734,106.55999755859375,105.37999725341797,105.41000366210938,22056400,93.26581573486328
2023-08-11,105.04000091552734,105.41000366210938,104.9800033569336,105.05000305175781,12803100,92.9472885131836
2023-08-14,105.0199966430664,105.30000305175781,104.70999908447266,105.01000213623047,9829300,92.911895751953125
2023-08-15,104.7699966430664,104.94999694824219,104.45999908447266,104.45999908447266,17279900,92.4252700805664
2023-08-16,104.37000274658203,104.66000366210938,103.86000061035156,103.98999786376953,20773700,92.0093994140625
2023-08-17,103.86000061035156,103.94999694824219,103.4000015258789,103.70999908447266,29797400,91.76167297363281
2023-08-18,103.7300033569336,104.20999908447266,103.62000274658203,104.0999984741211,17884100,92.10672760009766
2023-08-21,103.63999938964844,103.70999908447266,103.26000213623047,103.4800033569336,19065100,91.55815124511719
2023-08-22,103.58000183105469,103.87000274658203,103.43000030517578,103.80000305175781,18361500,91.84130096435547
2023-08-23,104.4800033569336,105.27999877929688,104.4800033569336,105.26000213623047,22620400,93.13311004638672
2023-08-24,105.08000183105469,105.22000122070312,104.87999725341797,104.9000015258789,20129900,92.81456756591797
2023-08-25,104.86000061035156,105.29000091552734,104.51000213623047,104.95999908447266,18521400,92.86766052246094
2023-08-28,105.44000244140625,105.44999694824219,105.04000091552734,105.29000091552734,15271000,93.15966033935547
2023-08-29,105.2300033569336,106.16999816894531,105.1500015258789,106.12999725341797,21843300,93.90284729003906
2023-08-30,106.18000030517578,106.26000213623047,105.94000244140625,105.9800033569336,21533500,93.7701416015625
2023-08-31,106.16000366210938,106.4000015258789,106.06999969482422,106.16000366210938,20534800,93.92940521240234
2023-09-01,105.77999877929688,105.80999755859375,104.91000366210938,105.02999877929688,16514200,93.2607650756836
2023-09-05,104.70999908447266,104.75,104.25,104.27999877929688,16272800,92.59483337402344
2023-09-06,104.41999816894531,104.44999694824219,103.94999694824219,104.18000030517578,17733800,92.50603485107422
2023-09-07,104.30999755859375,104.6500015258789,104.20999908447266,104.63999938964844,17295600,92.91448974609375
2023-09-08,104.91000366210938,105.18000030517578,104.72000122070312,104.72000122070312,18608800,92.985504150390625
2023-09-11,104.58999633789062,104.63999938964844,104.38999938964844,104.5199966430664,13686300,92.80794525146484
2023-09-12,104.52999877929688,104.55000305175781,104.30999755859375,104.48999786376953,15839800,92.781280517578125
2023-09-13,104.37999725341797,104.81999969482422,104.31999969482422,104.72000122070312,19975200,92.985504150390625
2023-09-14,104.80000305175781,104.9000015258789,104.47000122070312,104.52999877929688,16821000,92.8167953491211
2023-09-15,104.43000030517578,104.4800033569336,104.1500015258789,104.37000274658203,21796400,92.67473602294922
2023-09-18,104.16999816894531,104.5999984741211,104.16999816894531,104.56999969482422,12182200,92.852325439453125
2023-09-19,104.31999969482422,104.43000030517578,104.18000030517578,104.22000122070312,14577800,92.54154205322266
2023-09-20,104.55999755859375,104.77999877929688,104.23999786376953,104.26000213623047,23735800,92.5770492553711
2023-09-21,103.41000366210938,103.43000030517578,103.12999725341797,103.20999908447266,30183800,91.64473724365234
2023-09-22,103.44999694824219,103.94000244140625,103.31999969482422,103.83999633789062,21849000,92.20413970947266
2023-09-25,103.05999755859375,103.36000061035156,102.80000305175781,102.83000183105469,25968600,91.30729675292969
2023-09-26,103.05000305175781,103.12000274658203,102.4000015258789,102.54000091552734,39047500,91.04978942871094
2023-09-27,103.0199966430664,103.11000061035156,101.69999694824219,102.05999755859375,35741200,90.62359619140625
2023-09-28,101.62000274658203,102.26000213623047,101.30000305175781,102.23999786376953,34650100,90.783416748046875
2023-09-29,102.77999877929688,102.91999816894531,101.77999877929688,102.0199966430664,28143000,90.58807373046875
2023-10-02,101.12999725341797,101.30000305175781,100.5999984741211,100.69000244140625,18787800,89.75817108154297
2023-10-03,100.37000274658203,100.52999877929688,99.38999938964844,99.529998779296875,30830200,88.7240982055664
2023-10-04,100.08999633789062,100.44999694824219,99.66999816894531,100.4000015258789,25863600,89.49962615966797
2023-10-05,100.54000091552734,100.75,100.12000274658203,100.27999877929688,21155700,89.39266204833984
2023-10-06,99.31999969482422,100.19999694824219,99.16999816894531,99.9800033569336,21667900,89.125244140625
2023-10-09,100.4800033569336,101.25,100.30999755859375,101.22000122070312,6398600,90.2306137084961
2023-10-10,100.76000213623047,101.66000366210938,100.56999969482422,101.26000213623047,23168100,90.2662582397461
2023-10-11,101.86000061035156,101.94000244140625,101.43000030517578,101.87999725341797,22655800,90.8189697265625
2023-10-12,101.7300033569336,101.83999633789062,100.5999984741211,100.81999969482422,27899900,89.87403869628906
2023-10-13,101.6500015258789,101.7300033569336,101.18000030517578,101.37999725341797,20716300,90.37323760986328
2023-10-16,100.81999969482422,100.94999694824219,100.62999725341797,100.68000030517578,25991800,89.74922180175781
2023-10-17,99.80000305175781,100.22000122070312,99.55999755859375,99.87999725341797,24273500,89.03609466552734
2023-10-18,99.51000213623047,99.56999969482422,98.94999694824219,99.08000183105469,32144400,88.32295227050781
2023-10-19,98.91999816894531,99.2300033569336,98.2699966430664,98.279998779296875,41211800,87.60980987548828
2023-10-20,98.36000061035156,98.76000213623047,98.36000061035156,98.66999816894531,27130800,87.95745849609375
2023-10-23,98.37999725341797,99.70999908447266,98.23999786376953,99.44000244140625,21103000,88.64387512207031
2023-10-24,99.589996337890625,100.05999755859375,99.41999816894531,100,24517600,89.143035888671875
2023-10-25,99.44000244140625,99.5,98.86000061035156,99.089996337890625,20957000,88.33186340332031
2023-10-26,99.18000030517578,99.87000274658203,99.029998779296875,99.80999755859375,28046100,88.97370147705078
2023-10-27,99.69000244140625,99.81999969482422,99.30999755859375,99.61000061035156,21362800,88.79541015625
2023-10-30,99.33000183105469,99.529998779296875,99.01000213623047,99.30999755859375,20961500,88.5279769897461
2023-10-31,99.44000244140625,99.9000015258789,99.13999938964844,99.16999816894531,28805700,88.403167724609375
2023-11-01,99.2699966430664,100.26000213623047,99.220001220703125,100.22000122070312,32111800,89.66829681396484
2023-11-02,101.19999694824219,101.48999786376953,101.02999877929688,101.41000366210938,31295500,90.73301696777344
2023-11-03,102.58000183105469,102.9000015258789,101.87999725341797,101.91000366210938,38496200,91.18037414550781
2023-11-06,101.7300033569336,101.7300033569336,101.25,101.37000274658203,17827700,90.69722747802734
2023-11-07,101.75,102.4000015258789,101.68000030517578,102.18000030517578,25518200,91.42193603515625
2023-11-08,102.33999633789062,102.79000091552734,102.33000183105469,102.69999694824219,26997000,91.88719177246094
2023-11-09,102.55999755859375,102.55999755859375,101.4800033569336,101.66000366210938,23864100,90.95670318603516
2023-11-10,102.30999755859375,102.33999633789062,101.97000122070312,102.16999816894531,18498900,91.412994384765625
2023-11-13,101.83000183105469,102.25,101.6500015258789,102.18000030517578,21439200,91.42193603515625
2023-11-14,103.80999755859375,104.05000305175781,103.66000366210938,103.77999877929688,28387800,92.85347747802734
2023-11-15,103.41999816894531,103.44999694824219,102.97000122070312,103.23999786376953,23895000,92.370330810546875
2023-11-16,103.7699966430664,104.13999938964844,103.69000244140625,104.08999633789062,21223000,93.13085174560547
2023-11-17,104.44999694824219,104.58000183105469,104.1500015258789,104.38999938964844,25810200,93.3992691040039
2023-11-20,104.26000213623047,104.87999725341797,104.23999786376953,104.80999755859375,18529400,93.775054931640625
2023-11-21,104.83000183105469,104.97000122070312,104.55000305175781,104.83999633789062,20273200,93.80186462402344
2023-11-22,105.23999786376953,105.37999725341797,104.8499984741211,105.26000213623047,18588000,94.17766571044922
2023-11-24,104.86000061035156,105.0199966430664,104.69999694824219,104.72000122070312,6391400,93.69451904296875
2023-11-27,105.05999755859375,105.58999633789062,104.87999725341797,105.56999969482422,17919500,94.45501708984375
2023-11-28,105.38999938964844,106.02999877929688,105.29000091552734,105.98999786376953,21320800,94.830810546875
2023-11-29,106.54000091552734,106.91000366210938,106.4000015258789,106.8499984741211,20661800,95.60025787353516
2023-11-30,106.61000061035156,106.63999938964844,106.08000183105469,106.29000091552734,41950900,95.0992202758789
2023-12-01,106.04000091552734,107.22000122070312,105.9000015258789,107.16999816894531,27733500,96.2442398071289
2023-12-04,106.80999755859375,106.94999694824219,106.44999694824219,106.68000030517578,28914300,95.80418395996094
2023-12-05,107.16000366210938,107.66999816894531,107.02999877929688,107.52999877929688,33315200,96.56752014160156
2023-12-06,107.8499984741211,108.19000244140625,107.72000122070312,107.93000030517578,22544300,96.92674255371094
2023-12-07,107.79000091552734,108.2300033569336,107.68000030517578,107.94000244140625,20253300,96.93575286865234
2023-12-08,107.33999633789062,107.62999725341797,107.18000030517578,107.36000061035156,21624200,96.41487884521484
2023-12-11,107.22000122070312,107.36000061035156,106.77999877929688,107.33000183105469,17714600,96.38793182373047
2023-12-12,107.31999969482422,107.9800033569336,107.13999938964844,107.94000244140625,22111100,96.93575286865234
2023-12-13,108.3499984741211,109.94999694824219,108.12999725341797,109.75,33623500,98.56122589111328
2023-12-14,110.23999786376953,110.87000274658203,110.12000274658203,110.5199966430664,28202300,99.60939025878906
2023-12-15,110.41999816894531,110.56999969482422,110.13999938964844,110.36000061035156,17904100,99.46520233154297
2023-12-18,110.04000091552734,110.16000366210938,109.83999633789062,109.9000015258789,19714500,99.05060577392578
2023-12-19,110.11000061035156,110.37000274658203,109.95999908447266,110.04000091552734,18086800,99.176788330078125
2023-12-20,110.25,110.41999816894531,109.91000366210938,110.33000183105469,23942000,99.43817138671875
2023-12-21,110.58999633789062,110.70999908447266,110.02999877929688,110.29000091552734,24168300,99.40210723876953
2023-12-22,110.44000244140625,110.5,109.94000244140625,110.0999984741211,11037100,99.23088073730469
2023-12-26,110.13999938964844,110.4000015258789,110.08999633789062,110.33000183105469,5816000,99.43817138671875
2023-12-27,110.88999938964844,111.4000015258789,110.72000122070312,111.36000061035156,13646400,100.36649322509766
2023-12-28,111.20999908447266,111.38999938964844,110.91999816894531,111.06999969482422,14288800,100.10509490966797
2023-12-29,110.69999694824219,111.01000213623047,110.55999755859375,110.66000366210938,17956700,99.735595703125
2024-01-02,109.94000244140625,110.16999816894531,109.79000091552734,109.91000366210938,20622000,99.05962371826172
2024-01-03,109.0999984741211,109.7699966430664,108.91999816894531,109.66000366210938,35384900,98.83428955078125
2024-01-04,109,109.25,108.87000274658203,109.05000305175781,43111300,98.284515380859375
2024-01-05,108.72000122070312,109.56999969482422,108.58000183105469,108.66000366210938,24385500,97.93302917480469
2024-01-08,108.76000213623047,109.55000305175781,108.73999786376953,109.48999786376953,29182300,98.68107604980469
2024-01-09,109.31999969482422,109.79000091552734,109.2699966430664,109.68000030517578,55126300,98.85233306884766
2024-01-10,110.05000305175781,110.16000366210938,109.47000122070312,109.54000091552734,32323500,98.72615051269531
2024-01-11,109.7300033569336,110.33999633789062,109.38999938964844,110.19999694824219,50960900,99.32098388671875
2024-01-12,110.55000305175781,110.8499984741211,110.12999725341797,110.44000244140625,30479000,99.53730773925781
2024-01-16,109.8499984741211,109.98999786376953,109.0999984741211,109.31999969482422,27124600,98.527862548828125
2024-01-17,109.06999969482422,109.25,108.69999694824219,109.08999633789062,34414000,98.32056427001953
2024-01-18,109.26000213623047,109.33000183105469,108.76000213623047,108.87999725341797,28325100,98.13127136230469
2024-01-19,108.83999633789062,109.0199966430664,108.44999694824219,108.98999786376953,25621500,98.230438232421875
2024-01-22,109.48999786376953,109.56999969482422,109.16000366210938,109.29000091552734,17679900,98.5008316040039
2024-01-23,109.04000091552734,109.04000091552734,108.66999816894531,108.88999938964844,25439500,98.140289306640625
2024-01-24,109.38999938964844,109.44999694824219,108.58999633789062,108.68000030517578,26828300,97.9510498046875
2024-01-25,109.26000213623047,109.44000244140625,109.05000305175781,109.4000015258789,39484000,98.59998321533203
2024-01-26,109.44000244140625,109.44999694824219,109.05999755859375,109.08999633789062,26642300,98.32056427001953
2024-01-29,109.52999877929688,109.77999877929688,109.31999969482422,109.54000091552734,27060700,98.72615051269531
2024-01-30,109.81999969482422,109.91000366210938,109.33999633789062,109.88999938964844,30459200,99.04158020019531
2024-01-31,110.36000061035156,110.63999938964844,109.87000274658203,110.16999816894531,44733000,99.2939453125
2024-02-01,110.51000213623047,110.91000366210938,110.0999984741211,110.62999725341797,42478500,100.06183624267578
2024-02-02,109.47000122070312,109.70999908447266,109.22000122070312,109.62000274658203,39604900,99.1483383178711
2024-02-05,108.8499984741211,108.86000061035156,108.31999969482422,108.56999969482422,39266800,98.1986312866211
2024-02-06,108.75,109.36000061035156,108.72000122070312,109.18000030517578,26095200,98.75037384033203
2024-02-07,108.91999816894531,109.30999755859375,108.76000213623047,108.86000061035156,23574200,98.46092224121094
2024-02-08,108.54000091552734,108.58000183105469,108.19000244140625,108.30000305175781,26063900,97.95442199707031
2024-02-09,108.0199966430664,108.23999786376953,108,108.16000366210938,19029200,97.827789306640625
2024-02-12,108.22000122070312,108.2699966430664,107.86000061035156,108.16999816894531,30378900,97.83685302734375
2024-02-13,107.19999694824219,107.38999938964844,106.87000274658203,106.9800033569336,41494100,96.76053619384766
2024-02-14,107.0999984741211,107.5199966430664,107.08000183105469,107.4800033569336,41932200,97.212738037109375
2024-02-15,108.08000183105469,108.0999984741211,107.62000274658203,107.87000274658203,33255200,97.565521240234375
2024-02-16,107.36000061035156,107.58999633789062,107.23999786376953,107.4800033569336,26189800,97.212738037109375
2024-02-20,107.83999633789062,107.94999694824219,107.62000274658203,107.83999633789062,22386600,97.538360595703125
2024-02-21,107.91999816894531,107.91999816894531,107.41999816894531,107.56999969482422,23606200,97.29417419433594
2024-02-22,107.7300033569336,107.93000030517578,107.5999984741211,107.73999786376953,28705900,97.44791412353516
2024-02-23,107.79000091552734,108.22000122070312,107.7300033569336,108.05999755859375,29856300,97.737335205078125
2024-02-26,108.08999633789062,108.08999633789062,107.4800033569336,107.72000122070312,26696200,97.4298324584961
2024-02-27,107.6500015258789,107.83999633789062,107.51000213623047,107.56999969482422,33453800,97.29417419433594
2024-02-28,107.44000244140625,107.62999725341797,107.4000015258789,107.55999755859375,32713500,97.28509521484375
2024-02-29,107.72000122070312,108.1500015258789,107.5199966430664,107.66000366210938,45656400,97.37554931640625
2024-03-01,107.04000091552734,108.02999877929688,106.75,107.91999816894531,42971500,97.968353271484375
2024-03-04,107.62999725341797,107.87000274658203,107.55000305175781,107.72000122070312,31472000,97.78678131103516
2024-03-05,108.29000091552734,108.5999984741211,108.13999938964844,108.30999755859375,33394200,98.32238006591797
2024-03-06,108.55000305175781,108.95999908447266,108.5199966430664,108.5999984741211,33176900,98.58564758300781
2024-03-07,108.98999786376953,109.02999877929688,108.5999984741211,108.87000274658203,22875700,98.83072662353516
2024-03-08,109.08999633789062,109.30000305175781,108.91999816894531,109.0199966430664,29591100,98.96691131591797
2024-03-11,109.04000091552734,109.29000091552734,108.87000274658203,109.04000091552734,25360200,98.98506164550781
2024-03-12,108.87000274658203,108.95999908447266,108.58999633789062,108.69000244140625,30852100,98.66736602783203
2024-03-13,108.72000122070312,108.94000244140625,108.54000091552734,108.58000183105469,31089900,98.56748962402344
2024-03-14,108.25,108.25,107.69999694824219,107.77999877929688,48815400,97.84126281738281
2024-03-15,107.83000183105469,107.95999908447266,107.62999725341797,107.80999755859375,34525600,97.86848449707031
2024-03-18,107.87000274658203,107.91999816894531,107.61000061035156,107.62999725341797,18279900,97.70509338378906
2024-03-19,107.80999755859375,108.18000030517578,107.75,107.94000244140625,22721000,97.98650360107422
2024-03-20,107.9800033569336,108.33000183105469,107.52999877929688,108.13999938964844,41915400,98.16805267333984
2024-03-21,108.47000122070312,108.55000305175781,108.12999725341797,108.30000305175781,26546700,98.31331634521484
2024-03-22,108.88999938964844,108.91999816894531,108.62000274658203,108.66999816894531,20877600,98.64918518066406
2024-03-25,108.66000366210938,108.66000366210938,108.23999786376953,108.30000305175781,23291000,98.31331634521484
2024-03-26,108.48999786376953,108.48999786376953,108.12999725341797,108.2699966430664,27266700,98.28607177734375
2024-03-27,108.41999816894531,109.0199966430664,108.3499984741211,109.0199966430664,30600500,98.96691131591797
2024-03-28,108.88999938964844,109.19000244140625,108.80000305175781,108.91999816894531,23066200,98.876129150390625
2024-04-01,108.0199966430664,108.02999877929688,107.37999725341797,107.47000122070312,20817100,97.92936706542969
2024-04-02,106.93000030517578,107.36000061035156,106.68000030517578,107.30999755859375,32433900,97.78357696533203
2024-04-03,106.91999816894531,107.55999755859375,106.75,107.37999725341797,25198700,97.84736633300781
2024-04-04,107.77999877929688,107.77999877929688,107.29000091552734,107.5,31423800,97.95670318603516
2024-04-05,107.08000183105469,107.37999725341797,106.9800033569336,107.02999877929688,25134900,97.52842712402344
2024-04-08,106.93000030517578,107.22000122070312,106.86000061035156,107.0199966430664,37054400,97.51930236816406
2024-04-09,107.44999694824219,107.62999725341797,107.38999938964844,107.56999969482422,21967300,98.02049255371094
2024-04-10,106.73999786376953,106.73999786376953,105.87999725341797,106.04000091552734,45351600,96.626312255859375
2024-04-11,106.30999755859375,106.4000015258789,105.61000061035156,105.81999969482422,38047900,96.42585754394531
2024-04-12,106.29000091552734,106.33000183105469,106.0199966430664,106.05999755859375,35119700,96.64453125
2024-04-15,105.48999786376953,105.48999786376953,104.75,104.88999938964844,27018500,95.57842254638672
2024-04-16,104.45999908447266,104.66000366210938,104.18000030517578,104.54000091552734,34191600,95.25947570800781
2024-04-17,105.04000091552734,105.27999877929688,104.80999755859375,105.11000061035156,26726300,95.77886962890625
2024-04-18,105.18000030517578,105.20999908447266,104.7300033569336,104.9000015258789,25997900,95.58751678466797
2024-04-19,105.2699966430664,105.29000091552734,104.91000366210938,105.01000213623047,20265600,95.68772888183594
2024-04-22,104.97000122070312,105.30999755859375,104.91999816894531,105.2699966430664,26642400,95.924652099609375
2024-04-23,105.16999816894531,105.87000274658203,105.0199966430664,105.44999694824219,26338800,96.08869934082031
2024-04-24,105.22000122070312,105.27999877929688,104.73999786376953,105.04000091552734,24538400,95.71510314941406
2024-04-25,104.30000305175781,104.77999877929688,104.13999938964844,104.7300033569336,29826400,95.4326171875
2024-04-26,105.12999725341797,105.31999969482422,105.05999755859375,105.12999725341797,11784100,95.797119140625
2024-04-29,105.43000030517578,105.66999816894531,105.30000305175781,105.56999969482422,18052100,96.19804382324219
2024-04-30,105.13999938964844,105.4000015258789,104.9000015258789,104.98999786376953,26008100,95.66954803466797
2024-05-01,104.87999725341797,105.55000305175781,104.6500015258789,105.01000213623047,30342900,96.067474365234375
2024-05-02,105.08999633789062,105.72000122070312,104.93000030517578,105.66000366210938,28044200,96.6621322631836
2024-05-03,106.43000030517578,106.79000091552734,106,106.4000015258789,24166800,97.3391342163086
2024-05-06,106.5199966430664,106.70999908447266,106.44999694824219,106.69999694824219,18519800,97.61356353759766
2024-05-07,107,107.16000366210938,106.6500015258789,106.75,28680400,97.6593017578125
2024-05-08,106.5,106.6500015258789,106.41000366210938,106.4800033569336,19916700,97.412322998046875
2024-05-09,106.4000015258789,106.7699966430664,106.29000091552734,106.6500015258789,25583500,97.567840576171875
2024-05-10,106.44000244140625,106.5199966430664,106.19000244140625,106.30999755859375,16291500,97.25678253173828
2024-05-13,106.55999755859375,106.6500015258789,106.31999969482422,106.3499984741211,20464200,97.29338073730469
2024-05-14,106.62999725341797,106.77999877929688,106.5,106.66000366210938,25440400,97.57697296142578
2024-05-15,107.5,107.77999877929688,107.25,107.61000061035156,33780900,98.4460678100586
2024-05-16,107.76000213623047,107.77999877929688,107.38999938964844,107.44000244140625,23586600,98.2905502319336
2024-05-17,107.25,107.44999694824219,107.16000366210938,107.19000244140625,21862800,98.06184387207031
2024-05-20,107.11000061035156,107.2300033569336,107.05999755859375,107.13999938964844,17885200,98.01611328125
2024-05-21,107.44000244140625,107.4800033569336,107.26000213623047,107.31999969482422,17411900,98.18077087402344
2024-05-22,107.01000213623047,107.31999969482422,107,107.16000366210938,26735600,98.03438568115234
2024-05-23,107.30000305175781,107.33000183105469,106.56999969482422,106.69000244140625,24876100,97.60440826416016
2024-05-24,106.70999908447266,106.98999786376953,106.62000274658203,106.9800033569336,11189500,97.8697280883789
2024-05-28,107.12999725341797,107.12999725341797,106.2699966430664,106.33999633789062,15989600,97.28423309326172
2024-05-29,105.95999908447266,105.97000122070312,105.55000305175781,105.7699966430664,30015700,96.76274108886719
2024-05-30,106.19999694824219,106.44999694824219,106.12999725341797,106.41999816894531,21036300,97.35741424560547
2024-05-31,106.83999633789062,107.0199966430664,106.66999816894531,106.88999938964844,19901400,97.78739929199219
2024-06-03,106.80999755859375,107.23999786376953,106.76000213623047,107.22000122070312,20154900,98.46236419677734
2024-06-04,107.5199966430664,107.80000305175781,107.3499984741211,107.63999938964844,24545200,98.8480453491211
2024-06-05,107.81999969482422,108.02999877929688,107.43000030517578,108,26584700,99.17864227294922
2024-06-06,107.83000183105469,108.02999877929688,107.79000091552734,107.93000030517578,22687100,99.11437225341797
2024-06-07,107.02999877929688,107.19999694824219,106.87000274658203,106.95999908447266,26228700,98.22357940673828
2024-06-10,106.75,106.83999633789062,106.6500015258789,106.73999786376953,19415700,98.02156829833984
2024-06-11,106.80000305175781,107.2699966430664,106.7300033569336,107.19999694824219,19042600,98.44396209716797
2024-06-12,108.27999877929688,108.55999755859375,107.81999969482422,107.86000061035156,27209400,99.05008697509766
2024-06-13,108.3499984741211,108.55000305175781,108.05999755859375,108.37000274658203,26782700,99.51841735839844
2024-06-14,108.43000030517578,108.58000183105469,108.25,108.45999908447266,28561900,99.60105895996094
2024-06-17,107.81999969482422,108.01000213623047,107.7300033569336,107.94999694824219,24678700,99.13272857666016
2024-06-18,108.18000030517578,108.55000305175781,108.13999938964844,108.44999694824219,25576600,99.59187316894531
2024-06-20,107.83999633789062,108.11000061035156,107.77999877929688,108.08999633789062,21206300,99.26129150390625
2024-06-21,108.19000244140625,108.3499984741211,107.86000061035156,108.12000274658203,21091200,99.2888412475586
2024-06-24,108.2300033569336,108.41999816894531,108.16999816894531,108.2300033569336,18597600,99.3898696899414
2024-06-25,108.1500015258789,108.29000091552734,108.0199966430664,108.19000244140625,16251600,99.353118896484375
2024-06-26,107.5,107.69999694824219,107.38999938964844,107.5999984741211,26381300,98.81132507324219
2024-06-27,107.93000030517578,107.9800033569336,107.77999877929688,107.80999755859375,19939400,99.004150390625
2024-06-28,108.08000183105469,108.11000061035156,107.08999633789062,107.12000274658203,27395800,98.37052917480469
2024-07-01,106.33999633789062,106.69999694824219,106.05000305175781,106.11000061035156,22429100,97.78624725341797
2024-07-02,106.6500015258789,106.81999969482422,106.41000366210938,106.79000091552734,19845700,98.41291046142578
2024-07-03,107.1500015258789,107.58000183105469,107.04000091552734,107.58000183105469,14318900,99.14093780517578
2024-07-05,107.98999786376953,108.19999694824219,107.69999694824219,108.13999938964844,18800300,99.65702056884766
2024-07-08,108.22000122070312,108.30999755859375,107.9800033569336,108.12999725341797,18136600,99.647796630859375
2024-07-09,107.94999694824219,108.12000274658203,107.69000244140625,107.93000030517578,20384700,99.4635009765625
2024-07-10,108.05999755859375,108.20999908447266,107.9000015258789,108.19000244140625,17263200,99.703094482421875
2024-07-11,108.86000061035156,109.0199966430664,108.68000030517578,108.7699966430664,31411700,100.23759460449219
2024-07-12,108.83000183105469,109.16999816894531,108.7300033569336,109.16999816894531,20301300,100.606201171875
2024-07-15,108.80000305175781,108.95999908447266,108.55000305175781,108.56999969482422,18291500,100.05326843261719
2024-07-16,108.83000183105469,109.22000122070312,108.73999786376953,109.19999694824219,20090700,100.63385772705078
2024-07-17,108.9000015258789,109.30000305175781,108.83999633789062,109.25,21313500,100.679931640625
2024-07-18,108.98999786376953,109.23999786376953,108.73999786376953,108.77999877929688,28091700,100.2468032836914
2024-07-19,108.56999969482422,108.58000183105469,108.30999755859375,108.37999725341797,16576600,99.87818145751953
2024-07-22,108.72000122070312,108.76000213623047,108.19999694824219,108.31999969482422,22556800,99.82289123535156
2024-07-23,108.45999908447266,108.56999969482422,108.23999786376953,108.23999786376953,24425700,99.74916076660156
2024-07-24,108.37000274658203,108.47000122070312,107.58000183105469,107.58000183105469,28026100,99.14093780517578
2024-07-25,107.79000091552734,108.27999877929688,107.7699966430664,108.01000213623047,29760400,99.537200927734375
2024-07-26,108.61000061035156,108.66000366210938,108.3499984741211,108.61000061035156,21119900,100.09012603759766
2024-07-29,108.93000030517578,108.97000122070312,108.62000274658203,108.83999633789062,24734600,100.30209350585938
2024-07-30,108.91999816894531,108.98999786376953,108.69000244140625,108.93000030517578,14952000,100.38504791259766
2024-07-31,109.38999938964844,109.58999633789062,109.08999633789062,109.55999755859375,29226900,100.96560668945312
2024-08-01,109.55999755859375,109.83999633789062,109.44999694824219,109.52999877929688,34564600,101.30043029785156
2024-08-02,110.11000061035156,110.69000244140625,110.11000061035156,110.5999984741211,46697900,102.29002380371094
2024-08-05,110.55999755859375,110.66000366210938,110.01000213623047,110.31999969482422,56991100,102.03106689453125
2024-08-06,110.19999694824219,110.23999786376953,109.58000183105469,109.5999984741211,47432500,101.36516571044922
2024-08-07,109.54000091552734,109.7699966430664,108.94000244140625,109.0999984741211,46819000,100.90272521972656
2024-08-08,109.04000091552734,109.22000122070312,108.83999633789062,109.1500015258789,23536800,100.948974609375
2024-08-09,109.88999938964844,109.91999816894531,109.61000061035156,109.70999908447266,23199700,101.46691131591797
2024-08-12,109.66000366210938,110.05999755859375,109.55000305175781,109.94000244140625,24281800,101.67961883544922
2024-08-13,110.45999908447266,110.70999908447266,110.30000305175781,110.70999908447266,31245000,102.39175415039062
2024-08-14,110.83999633789062,111.33999633789062,110.83000183105469,111.19999694824219,28985600,102.84493255615234
2024-08-15,110.51000213623047,111.01000213623047,110.44000244140625,110.86000061035156,29546000,102.53048706054688
2024-08-16,110.9800033569336,111.26000213623047,110.41999816894531,111.19000244140625,21411500,102.83570861816406
2024-08-19,111.16999816894531,111.56999969482422,111.1500015258789,111.44999694824219,16004100,103.07616424560547
2024-08-20,111.63999938964844,111.80000305175781,111.44999694824219,111.73999786376953,27114000,103.34436798095703
2024-08-21,111.83000183105469,112.27999877929688,111.66999816894531,111.98999786376953,23819100,103.57557678222656
2024-08-22,111.73999786376953,111.81999969482422,111.29000091552734,111.52999877929688,17926300,103.150146484375
2024-08-23,111.8499984741211,112.30000305175781,111.70999908447266,112.16999816894531,22650200,103.74205780029297
2024-08-26,112.4000015258789,112.4000015258789,111.98999786376953,112.02999877929688,15312500,103.61257934570312
2024-08-27,111.58000183105469,111.98999786376953,111.54000091552734,111.94000244140625,15922700,103.52935791015625
2024-08-28,111.87000274658203,111.95999908447266,111.63999938964844,111.70999908447266,22104600,103.31661987304688
2024-08-29,111.48999786376953,111.63999938964844,111.33999633789062,111.5199966430664,20079400,103.14088439941406
2024-08-30,111.66000366210938,111.80999755859375,111.16999816894531,111.20999908447266,25275500,102.85418701171875
2024-09-03,111.29000091552734,111.5199966430664,110.97000122070312,111.13999938964844,27734500,103.1651611328125
2024-09-04,111.20999908447266,111.87000274658203,111.19000244140625,111.83000183105469,31915900,103.80565643310547
2024-09-05,112.16000366210938,112.41000366210938,111.73999786376953,112.37999725341797,35538500,104.3161849975586
2024-09-06,112.4000015258789,113.05999755859375,112.12999725341797,112.33000183105469,42004600,104.26976776123047
2024-09-09,112.30999755859375,112.69000244140625,112.18000030517578,112.58000183105469,35440300,104.50182342529297
2024-09-10,112.62999725341797,112.91000366210938,112.51000213623047,112.88999938964844,30489500,104.78958129882812
2024-09-11,112.66000366210938,113.11000061035156,112.56999969482422,112.94000244140625,36948000,104.83599853515625
2024-09-12,112.86000061035156,112.94999694824219,112.55999755859375,112.86000061035156,30255700,104.76175689697266
2024-09-13,113.22000122070312,113.37000274658203,113.0999984741211,113.20999908447266,25536600,105.08660888671875
2024-09-16,113.3499984741211,113.79000091552734,113.22000122070312,113.70999908447266,25722000,105.55075073242188
2024-09-17,113.9000015258789,113.91999816894531,113.54000091552734,113.72000122070312,31732800,105.5600357055664
2024-09-18,113.44000244140625,114.06999969482422,113.22000122070312,113.25,35015500,105.1237564086914
2024-09-19,113.30000305175781,113.55999755859375,113.13999938964844,113.3499984741211,31216900,105.21656799316406
2024-09-20,113.18000030517578,113.5,112.98999786376953,113.44999694824219,29958900,105.30939483642578
2024-09-23,113.0999984741211,113.5199966430664,112.95999908447266,113.29000091552734,22919400,105.16088104248047
2024-09-24,113,113.56999969482422,112.9000015258789,113.4800033569336,24719900,105.33724975585938
2024-09-25,113.16000366210938,113.19999694824219,112.77999877929688,112.80999755859375,32881300,104.71532440185547
2024-09-26,113.01000213623047,113.08999633789062,112.5199966430664,112.80999755859375,20877100,104.71532440185547
2024-09-27,113.12999725341797,113.3499984741211,113.05000305175781,113.26000213623047,25232000,105.1330337524414
2024-09-30,113.19999694824219,113.31999969482422,112.83000183105469,112.9800033569336,22728400,104.87313842773438
2024-10-01,113.0999984741211,113.29000091552734,112.87000274658203,113.11000061035156,36591300,105.37713623046875
2024-10-02,112.44000244140625,112.87999725341797,112.38999938964844,112.86000061035156,29446700,105.14423370361328
2024-10-03,112.58000183105469,112.62999725341797,112.12999725341797,112.12999725341797,24163200,104.46415710449219
2024-10-04,111.55000305175781,111.63999938964844,111.38999938964844,111.5199966430664,33618100,103.8958511352539
2024-10-07,111.12000274658203,111.33000183105469,110.87999725341797,110.94999694824219,27106300,103.36481475830078
2024-10-08,110.81999969482422,111.16999816894531,110.66999816894531,111.16999816894531,27316000,103.56975555419922
2024-10-09,110.93000030517578,111.06999969482422,110.75,110.94999694824219,29951900,103.36481475830078
2024-10-10,110.7300033569336,110.88999938964844,110.5,110.83000183105469,25932500,103.25301361083984
2024-10-11,110.66999816894531,111.0199966430664,110.56999969482422,110.80999755859375,20079000,103.234375
2024-10-14,110.5,110.83999633789062,110.37000274658203,110.81999969482422,4335400,103.24369812011719
2024-10-15,111.05000305175781,111.47000122070312,111.05000305175781,111.36000061035156,28673200,103.74676513671875
2024-10-16,111.66999816894531,111.79000091552734,111.48999786376953,111.70999908447266,20474300,104.0728530883789
2024-10-17,111.27999877929688,111.31999969482422,110.83000183105469,110.87999725341797,31476700,103.29959869384766
2024-10-18,111.05999755859375,111.1500015258789,110.7300033569336,110.75,27372400,103.1784896850586
2024-10-21,110.20999908447266,110.27999877929688,109.58000183105469,109.62000274658203,28320400,102.125732421875
2024-10-22,109.72000122070312,109.73999786376953,109.3499984741211,109.61000061035156,26001200,102.11642456054688
2024-10-23,109.23999786376953,109.45999908447266,109.08000183105469,109.23999786376953,25425800,101.77171325683594
2024-10-24,109.41000366210938,109.7699966430664,109.2699966430664,109.56999969482422,21021100,102.07915496826172
2024-10-25,109.87999725341797,109.94000244140625,109.25,109.30999755859375,16040900,101.83692932128906
2024-10-28,109.43000030517578,109.48999786376953,108.97000122070312,109.22000122070312,20935200,101.75308990478516
2024-10-29,108.73999786376953,109.37999725341797,108.66000366210938,109.3499984741211,24075800,101.87420654296875
2024-10-30,109.68000030517578,109.94999694824219,109.16000366210938,109.20999908447266,25259100,101.7437744140625
2024-10-31,109.02999877929688,109.31999969482422,108.72000122070312,108.98999786376953,29424400,101.53881072998047
2024-11-01,108.9000015258789,109.06999969482422,107.95999908447266,108.01000213623047,25142200,100.9825210571289
2024-11-04,108.9000015258789,109.08000183105469,108.5199966430664,108.80999755859375,24713500,101.73046875
2024-11-05,108.76000213623047,109.3499984741211,108.5,109.33000183105469,23732500,102.21664428710938
2024-11-06,108.06999969482422,108.6500015258789,107.91000366210938,108.19000244140625,38097900,101.15080261230469
2024-11-07,108.83000183105469,109.58999633789062,108.72000122070312,109.47000122070312,24596700,102.34751892089844
2024-11-08,109.70999908447266,110.08000183105469,109.58999633789062,109.8499984741211,21113600,102.70280456542969
2024-11-11,109.6500015258789,109.7300033569336,109.45999908447266,109.63999938964844,7971100,102.50647735595703
2024-11-12,109.16999816894531,109.4000015258789,108.55999755859375,108.6500015258789,36203300,101.58088684082031
2024-11-13,109.23999786376953,109.25,108.16999816894531,108.23999786376953,22942500,101.19754791259766
2024-11-14,108.52999877929688,108.72000122070312,108.0999984741211,108.20999908447266,26889100,101.16950988769531
2024-11-15,107.91000366210938,108.5199966430664,107.5999984741211,108.26000213623047,27276300,101.21624755859375
2024-11-18,108.12999725341797,108.63999938964844,108.04000091552734,108.45999908447266,19399100,101.40322875976562
2024-11-19,108.72000122070312,108.91000366210938,108.61000061035156,108.69000244140625,21473200,101.6182632446289
2024-11-20,108.30999755859375,108.5999984741211,108.2699966430664,108.43000030517578,24792000,101.37520599365234
2024-11-21,108.47000122070312,108.75,108.20999908447266,108.30000305175781,22507400,101.2536392211914
2024-11-22,108.4800033569336,108.58999633789062,108.22000122070312,108.4000015258789,13813000,101.3471450805664
2024-11-25,109.55999755859375,109.80999755859375,109.41999816894531,109.75,21678000,102.60930633544922
2024-11-26,109.48999786376953,109.5199966430664,109.11000061035156,109.47000122070312,25005000,102.34751892089844
2024-11-27,109.79000091552734,109.9800033569336,109.55999755859375,109.87000274658203,23584000,102.72151947021484
2024-11-29,110.33999633789062,110.56999969482422,110.29000091552734,110.55000305175781,11838900,103.35726928710938
2024-12-02,110.3499984741211,110.43000030517578,109.80999755859375,110.33999633789062,33409400,103.51956176757812
2024-12-03,110.45999908447266,110.54000091552734,109.88999938964844,109.94999694824219,27394800,103.15367126464844
2024-12-04,109.75,110.58999633789062,109.69999694824219,110.4800033569336,22704100,103.65090942382812
2024-12-05,110.20999908447266,110.54000091552734,110.16999816894531,110.44999694824219,16792500,103.62277221679688
2024-12-06,110.91999816894531,110.93000030517578,110.44000244140625,110.69999694824219,16668800,103.85731506347656
2024-12-09,110.54000091552734,110.5999984741211,110.33000183105469,110.41999816894531,21149300,103.5946044921875
2024-12-10,110.16999816894531,110.4000015258789,110.11000061035156,110.25,19497500,103.43514251708984
2024-12-11,110.44999694824219,110.58999633789062,109.93000030517578,109.94999694824219,24516500,103.15367126464844
2024-12-12,109.69000244140625,109.72000122070312,109.25,109.33000183105469,24747600,102.57199096679688
2024-12-13,109.18000030517578,109.19000244140625,108.6500015258789,108.72000122070312,13195000,101.99970245361328
2024-12-16,109.02999877929688,109.05999755859375,108.69999694824219,108.86000061035156,18893000,102.13106536865234
2024-12-17,108.83999633789062,109.0199966430664,108.75,108.87000274658203,29945700,102.14043426513672
2024-12-18,108.36000061035156,108.58999633789062,107.05000305175781,107.13999938964844,36753900,100.87409210205078
2024-12-19,106.86000061035156,107,106.33000183105469,106.55999755859375,40479900,100.3280029296875
2024-12-20,107.08999633789062,107.47000122070312,106.80999755859375,106.9800033569336,27608300,100.72346496582031
2024-12-23,107.01000213623047,107.08000183105469,106.55000305175781,106.66999816894531,13091800,100.43157196044922
2024-12-24,106.45999908447266,107.01000213623047,106.41999816894531,107,6215300,100.74227142333984
2024-12-26,106.5,107.13999938964844,106.5,107.0999984741211,12454800,100.83642578125
2024-12-27,106.91000366210938,107.04000091552734,106.61000061035156,106.6500015258789,13908400,100.41275787353516
2024-12-30,107.02999877929688,107.18000030517578,106.97000122070312,107.11000061035156,9141400,100.8458480834961
2024-12-31,107.29000091552734,107.38999938964844,106.66999816894531,106.83999633789062,10768700,100.59163665771484
2025-01-02,107.12000274658203,107.30999755859375,106.62000274658203,106.8499984741211,19098100,100.6010513305664
2025-01-03,107,107.05999755859375,106.54000091552734,106.5999984741211,22610500,100.36567687988281
2025-01-06,106.5199966430664,106.58999633789062,106.2699966430664,106.33000183105469,24302200,100.1114501953125
2025-01-07,106.19000244140625,106.30999755859375,105.66999816894531,105.83999633789062,25115700,99.650115966796875
2025-01-08,105.70999908447266,106.11000061035156,105.62999725341797,106.01000213623047,30143800,99.81017303466797
2025-01-10,105.3499984741211,105.73999786376953,105.22000122070312,105.4000015258789,24613500,99.23584747314453
2025-01-13,105.3499984741211,105.37000274658203,105.02999877929688,105.0999984741211,18873300,98.953399658203125
2025-01-14,105.19999694824219,105.27999877929688,104.94000244140625,105.22000122070312,27585200,99.06636810302734
2025-01-15,106.41999816894531,106.63999938964844,106.22000122070312,106.4800033569336,32123600,100.25270080566406
2025-01-16,106.43000030517578,106.91000366210938,106.20999908447266,106.69000244140625,24583300,100.45043182373047
2025-01-17,106.9800033569336,107.01000213623047,106.70999908447266,106.77999877929688,18912000,100.53515625
2025-01-21,107.2300033569336,107.41999816894531,107.12000274658203,107.4000015258789,20670600,101.11888885498047
2025-01-22,107.4000015258789,107.51000213623047,107.05000305175781,107.05999755859375,18418900,100.79876708984375
2025-01-23,106.58999633789062,106.91999816894531,106.56999969482422,106.91000366210938,18118300,100.65756225585938
2025-01-24,106.87000274658203,107.23999786376953,106.76000213623047,107.12000274658203,13020200,100.85528564453125
2025-01-27,107.6500015258789,107.88999938964844,107.51000213623047,107.86000061035156,18954300,101.55199432373047
2025-01-28,107.58000183105469,107.7699966430664,107.4800033569336,107.70999908447266,22253100,101.4107666015625
2025-01-29,107.88999938964844,107.91999816894531,107.2300033569336,107.56999969482422,24969100,101.27896118164062
2025-01-30,107.86000061035156,108.01000213623047,107.66000366210938,107.80999755859375,22709300,101.50491333007812
2025-01-31,107.9000015258789,108.0199966430664,107.23999786376953,107.45999908447266,28454600,101.17537689208984
2025-02-03,107.36000061035156,107.68000030517578,107.0199966430664,107.23999786376953,21155000,101.33506774902344
2025-02-04,106.9800033569336,107.56999969482422,106.94000244140625,107.44999694824219,25086200,101.53350067138672
2025-02-05,108.04000091552734,108.43000030517578,107.7699966430664,108.19999694824219,30119200,102.24221801757812
2025-02-06,108.12999725341797,108.29000091552734,107.88999938964844,108,22557700,102.05322265625
2025-02-07,107.63999938964844,107.72000122070312,107.4000015258789,107.52999877929688,23911000,101.60910034179688
2025-02-10,107.62999725341797,107.8499984741211,107.44999694824219,107.55999755859375,15302300,101.63745880126953
2025-02-11,107.2300033569336,107.4000015258789,107.19999694824219,107.31999969482422,19478800,101.41067504882812
2025-02-12,106.56999969482422,106.87000274658203,106.36000061035156,106.73999786376953,31480600,100.86258697509766
2025-02-13,107.31999969482422,107.76000213623047,107.27999877929688,107.56999969482422,20735100,101.64691925048828
2025-02-14,108.12999725341797,108.3499984741211,107.98999786376953,107.98999786376953,14409400,102.04376220703125
2025-02-18,107.8499984741211,107.95999908447266,107.47000122070312,107.55000305175781,17640000,101.62801361083984
2025-02-19,107.51000213623047,107.7699966430664,107.4000015258789,107.61000061035156,26007400,101.68470764160156
2025-02-20,107.77999877929688,107.94999694824219,107.70999908447266,107.87000274658203,23814800,101.93038940429688
2025-02-21,108.0199966430664,108.58000183105469,107.98999786376953,108.25,30130700,102.28945922851562
2025-02-24,108.30999755859375,108.68000030517578,108.18000030517578,108.52999877929688,23399500,102.5540542602539
2025-02-25,109.20999908447266,109.4000015258789,109.05999755859375,109.36000061035156,26835200,103.3383560180664
2025-02-26,109.4000015258789,109.63999938964844,109.19000244140625,109.58999633789062,22983100,103.55567932128906
2025-02-27,109.27999877929688,109.44999694824219,109.06999969482422,109.12999725341797,27258200,103.12100219726562
2025-02-28,109.51000213623047,109.66000366210938,109.1500015258789,109.61000061035156,29596100,103.57456970214844
2025-03-03,108.94000244140625,109.54000091552734,108.87000274658203,109.54000091552734,42545300,103.90181732177734
2025-03-04,109.36000061035156,109.55000305175781,109.05000305175781,109.18000030517578,46053300,103.56035614013672
2025-03-05,109.33000183105469,109.44999694824219,108.7300033569336,108.83000183105469,45483500,103.2283706665039
2025-03-06,108.69000244140625,108.83999633789062,108.29000091552734,108.48999786376953,40519900,102.90586853027344
2025-03-07,109.02999877929688,109.02999877929688,108.19999694824219,108.31999969482422,30747100,102.74461364746094
2025-03-10,108.81999969482422,109.05999755859375,108.55000305175781,108.69000244140625,34294800,103.09556579589844
2025-03-11,108.61000061035156,108.68000030517578,107.94999694824219,107.9800033569336,42262600,102.42211151123047
2025-03-12,108.02999877929688,108.05999755859375,107.62000274658203,107.66000366210938,35875600,102.11859893798828
2025-03-13,107.29000091552734,108.02999877929688,107.18000030517578,108,43907900,102.44107818603516
2025-03-14,108,108.20999908447266,107.87000274658203,107.94999694824219,31358100,102.39366149902344
2025-03-17,108.3499984741211,108.55999755859375,108.12000274658203,108.16999816894531,17561400,102.60234832763672
2025-03-18,108.13999938964844,108.66000366210938,108.0199966430664,108.43000030517578,27948100,102.84895324707031
2025-03-19,108.44999694824219,109.18000030517578,108.27999877929688,109.06999969482422,27469800,103.45600891113281
2025-03-20,109.63999938964844,109.6500015258789,108.9000015258789,108.91000366210938,26937300,103.30422973632812
2025-03-21,108.9800033569336,109.0999984741211,108.69000244140625,108.76000213623047,26447400,103.1619644165039
2025-03-24,108.63999938964844,108.63999938964844,108.20999908447266,108.29000091552734,25243300,102.71615600585938
2025-03-25,108.29000091552734,108.62000274658203,108.19000244140625,108.4000015258789,22744000,102.82049560546875
2025-03-26,108.22000122070312,108.22000122070312,107.91000366210938,107.95999908447266,17115600,102.40314483642578
2025-03-27,107.7699966430664,107.87000274658203,107.63999938964844,107.83000183105469,22028900,102.27983093261719
2025-03-28,108.30000305175781,108.52999877929688,108.1500015258789,108.4800033569336,27257000,102.8963851928711
2025-03-31,108.75,108.81999969482422,108.30000305175781,108.69000244140625,29834300,103.09556579589844
2025-04-01,108.52999877929688,108.9000015258789,108.4800033569336,108.66000366210938,22059200,103.46407318115234
2025-04-02,109.01000213623047,109.01000213623047,108.3499984741211,108.91000366210938,24769000,103.70211791992188
2025-04-03,109.11000061035156,109.54000091552734,108.75,108.9000015258789,41675700,103.69258880615234
2025-04-04,109.12999725341797,109.47000122070312,108.5,108.77999877929688,60793800,103.57833862304688
2025-04-07,107.7699966430664,108.2699966430664,106.36000061035156,106.66000366210938,62583200,101.55970001220703
2025-04-08,106.83999633789062,106.91000366210938,104.97000122070312,105.30999755859375,56747700,100.27424621582031
2025-04-09,104.08999633789062,107.11000061035156,103.7699966430664,107.06999969482422,77380700,101.95008087158203
2025-04-10,105.95999908447266,106.3499984741211,105.05999755859375,105.25,55825000,100.21712493896484
2025-04-11,104.52999877929688,105.43000030517578,103.44999694824219,105.2300033569336,41686900,100.19808197021484
2025-04-14,105.98999786376953,106.08999633789062,105.4800033569336,105.87999725341797,28111900,100.81700134277344
2025-04-15,105.93000030517578,106.61000061035156,105.87999725341797,106.44999694824219,20502600,101.35972595214844
2025-04-16,106.55000305175781,106.91000366210938,106.27999877929688,106.9000015258789,24639800,101.78822326660156
2025-04-17,106.91000366210938,107,106.56999969482422,106.75,11483700,101.6454086303711
2025-04-21,106.20999908447266,106.37999725341797,105.51000213623047,105.5999984741211,23506700,100.55038452148438
2025-04-22,106.18000030517578,106.2300033569336,105.81999969482422,105.86000061035156,20939300,100.7979507446289
2025-04-23,107.55000305175781,107.66999816894531,106.30999755859375,106.33000183105469,31155900,101.24547576904297
2025-04-24,107.05999755859375,107.4800033569336,106.87000274658203,107.41999816894531,23838700,102.28337097167969
2025-04-25,107.83000183105469,108.04000091552734,107.6500015258789,107.98999786376953,14575300,102.82608032226562
2025-04-28,107.88999938964844,108.3499984741211,107.87999725341797,108.23999786376953,18297900,103.06413269042969
2025-04-29,108.05999755859375,108.5,108.05000305175781,108.48999786376953,19346200,103.30218505859375
2025-04-30,108.12999725341797,108.29000091552734,107.80999755859375,107.9800033569336,35129300,102.81656646728516
2025-05-01,107.76000213623047,107.76000213623047,107.08999633789062,107.16999816894531,28056300,102.45520782470703
2025-05-02,106.83999633789062,107.04000091552734,106.69999694824219,106.91000366210938,20302100,102.2066421508789
2025-05-05,106.63999938964844,106.80999755859375,106.30000305175781,106.76000213623047,20005800,102.06324768066406
2025-05-06,106.45999908447266,106.9800033569336,106.37000274658203,106.97000122070312,29906500,102.26400756835938
2025-05-07,107.19000244140625,107.30000305175781,107,107.19000244140625,19892000,102.47431945800781
2025-05-08,107.3499984741211,107.43000030517578,106.6500015258789,106.6500015258789,25149700,101.95808410644531
2025-05-09,106.93000030517578,107.02999877929688,106.58000183105469,106.61000061035156,18254700,101.91985321044922
2025-05-12,106.58999633789062,106.83000183105469,106.48999786376953,106.58999633789062,28270900,101.90071868896484
2025-05-13,106.69000244140625,106.81999969482422,106.47000122070312,106.68000030517578,32005700,101.98676300048828
2025-05-14,106.58000183105469,106.70999908447266,106.0999984741211,106.13999938964844,25340600,101.47051239013672
2025-05-15,106.38999938964844,106.95999908447266,106.31999969482422,106.9000015258789,30008300,102.19708251953125
2025-05-16,107.38999938964844,107.4000015258789,106.94999694824219,107.0999984741211,21888400,102.3882827758789
2025-05-19,106.16000366210938,107.16999816894531,106.05999755859375,107.11000061035156,33615600,102.3978500366211
2025-05-20,106.80000305175781,106.9800033569336,106.61000061035156,106.8499984741211,23036200,102.1492691040039
2025-05-21,106.36000061035156,106.54000091552734,105.56999969482422,105.66000366210938,35452800,101.01164245605469
2025-05-22,105.54000091552734,106.25,105.38999938964844,106.19999694824219,34010700,101.52787780761719
2025-05-23,106.41000366210938,106.56999969482422,106.08999633789062,106.27999877929688,21447200,101.60436248779297
2025-05-27,106.91999816894531,107.33000183105469,106.5199966430664,107.23999786376953,29208400,102.52212524414062
2025-05-28,107.02999877929688,107.0999984741211,106.66999816894531,106.9800033569336,29079800,102.27356719970703
2025-05-29,107.33000183105469,107.55999755859375,107.19999694824219,107.45999908447266,31012800,102.7324447631836
2025-05-30,107.44999694824219,107.7699966430664,107.3499984741211,107.7699966430664,29890800,103.02880859375
2025-06-02,106.98999786376953,107.08000183105469,106.69000244140625,107.06999969482422,24225900,102.73711395263672
2025-06-03,107.23999786376953,107.41000366210938,106.98999786376953,107.12000274658203,24080000,102.78508758544922
2025-06-04,107.62999725341797,108.05000305175781,107.5199966430664,107.9000015258789,28006400,103.53353118896484
2025-06-05,107.94000244140625,107.98999786376953,107.51000213623047,107.56999969482422,29760700,103.21687316894531
2025-06-06,107.22000122070312,107.3499984741211,106.91000366210938,106.91999816894531,31093100,102.59317779541016
2025-06-09,106.98999786376953,107.37999725341797,106.94000244140625,107.23999786376953,18850000,102.90023040771484
2025-06-10,107.6500015258789,107.69000244140625,107.26000213623047,107.5,20359000,103.14971160888672
2025-06-11,107.68000030517578,107.97000122070312,107.55999755859375,107.83999633789062,20584700,103.4759521484375
2025-06-12,108.2300033569336,108.44000244140625,108.08000183105469,108.44000244140625,26497300,104.05167388916016
2025-06-13,108.12000274658203,108.19000244140625,107.5,107.79000091552734,34794500,103.42797088623047
2025-06-16,107.80000305175781,108.12000274658203,107.58000183105469,107.5999984741211,21286000,103.24566650390625
2025-06-17,107.87999725341797,108.04000091552734,107.6500015258789,107.97000122070312,27241300,103.60067749023438
2025-06-18,108.22000122070312,108.41999816894531,107.8499984741211,108.05000305175781,29762000,103.67745971679688
2025-06-20,107.86000061035156,108.30999755859375,107.72000122070312,108.13999938964844,20437500,103.7638168334961
2025-06-23,108.38999938964844,108.69999694824219,108.30999755859375,108.41000366210938,34072400,104.02288818359375
2025-06-24,108.27999877929688,109.0199966430664,108.2699966430664,108.91999816894531,38185300,104.51223754882812
2025-06-25,108.70999908447266,108.8499984741211,108.52999877929688,108.79000091552734,30675200,104.38751220703125
2025-06-26,108.91000366210938,109.19999694824219,108.69000244140625,109.19000244140625,31026000,104.77132415771484
2025-06-27,109,109.4000015258789,108.87999725341797,109.01000213623047,24704800,104.59860229492188
2025-06-30,109.37000274658203,109.72000122070312,109.23999786376953,109.61000061035156,40575000,105.17432403564453
2025-07-01,109.26000213623047,109.41000366210938,109.02999877929688,109.33999633789062,28691300,105.30142974853516
2025-07-02,108.9800033569336,109.31999969482422,108.9000015258789,109.31999969482422,24284500,105.28218841552734
2025-07-03,109.1500015258789,109.27999877929688,108.9800033569336,109.05999755859375,17340500,105.03178405761719
2025-07-07,108.86000061035156,108.86000061035156,108.29000091552734,108.41000366210938,18303300,104.40580749511719
2025-07-08,108.16000366210938,108.19000244140625,108.01000213623047,108.0999984741211,29374900,104.10724639892578
2025-07-09,108.3499984741211,108.73999786376953,108.25,108.72000122070312,33182900,104.704345703125
2025-07-10,108.68000030517578,108.83999633789062,108.47000122070312,108.73999786376953,29758900,104.72359466552734
2025-07-11,108.26000213623047,108.29000091552734,108,108.08000183105469,23776000,104.0879898071289
2025-07-14,108.0199966430664,108.19000244140625,107.86000061035156,108.05000305175781,18216500,104.05908966064453
2025-07-15,108.27999877929688,108.27999877929688,107.62000274658203,107.66000366210938,31329400,103.68350982666016
2025-07-16,107.91000366210938,108.0999984741211,107.33999633789062,107.83000183105469,41794100,103.84722137451172
2025-07-17,108.04000091552734,108.20999908447266,107.94999694824219,108.08999633789062,19396900,104.09760284423828
2025-07-18,108.38999938964844,108.43000030517578,108.16000366210938,108.29000091552734,17446200,104.29022216796875
2025-07-21,108.86000061035156,108.98999786376953,108.68000030517578,108.70999908447266,17147100,104.69470977783203
2025-07-22,108.76000213623047,109.02999877929688,108.72000122070312,108.97000122070312,19568700,104.94512176513672
2025-07-23,108.76000213623047,108.87999725341797,108.6500015258789,108.80000305175781,20810400,104.7813949584961
2025-07-24,108.44000244140625,108.86000061035156,108.41999816894531,108.63999938964844,23064800,104.6272964477539
2025-07-25,108.69000244140625,109.04000091552734,108.5999984741211,108.98999786376953,26008500,104.96437072753906
2025-07-28,108.86000061035156,108.94000244140625,108.7300033569336,108.7699966430664,21887900,104.75250244140625
2025-07-29,108.94999694824219,109.5,108.93000030517578,109.48999786376953,26131300,105.44590759277344
2025-07-30,109.08999633789062,109.44999694824219,108.9800033569336,109.08000183105469,23313300,105.0510482788086
2025-07-31,109.41000366210938,109.5,109.08999633789062,109.11000061035156,31745000,105.07994842529297
2025-08-01,109.31999969482422,109.69999694824219,109.12000274658203,109.62999725341797,46073800,106.01213073730469
2025-08-04,109.77999877929688,109.88999938964844,109.58000183105469,109.81999969482422,31779600,106.19584655761719
2025-08-05,109.62999725341797,109.93000030517578,109.61000061035156,109.9000015258789,25922900,106.2732162475586
2025-08-06,109.6500015258789,109.91999816894531,109.2300033569336,109.87000274658203,31825300,106.24420928955078
2025-08-07,109.91000366210938,110.08000183105469,109.69000244140625,109.76000213623047,29018100,106.1378402709961
2025-08-08,109.63999938964844,109.63999938964844,109.38999938964844,109.41000366210938,16946300,105.79939270019531
2025-08-11,109.56999969482422,109.72000122070312,109.44999694824219,109.58000183105469,24444300,105.96378326416016
2025-08-12,109.38999938964844,109.69999694824219,109.2699966430664,109.68000030517578,26380500,106.06047821044922
2025-08-13,110.05999755859375,110.31999969482422,110.05000305175781,110.26000213623047,27701400,106.62133026123047
2025-08-14,110,110.05999755859375,109.75,109.87999725341797,18817700,106.25387573242188
2025-08-15,109.83999633789062,109.93000030517578,109.62999725341797,109.73999786376953,20932000,106.11849975585938
2025-08-18,109.81999969482422,109.83999633789062,109.44000244140625,109.54000091552734,19579900,105.92509460449219
2025-08-19,109.68000030517578,109.77999877929688,109.61000061035156,109.70999908447266,26744200,106.08949279785156
2025-08-20,109.66999816894531,109.87000274658203,109.58999633789062,109.76000213623047,25054700,106.1378402709961
2025-08-21,109.55999755859375,109.56999969482422,109.19000244140625,109.33999633789062,25157900,105.731689453125
2025-08-22,109.6500015258789,110.30999755859375,109.55999755859375,110.19999694824219,34562900,106.56330871582031
2025-08-25,109.97000122070312,110.13999938964844,109.87999725341797,109.91000366210938,18983100,106.28287506103516
2025-08-26,109.88999938964844,110.01000213623047,109.66000366210938,109.98999786376953,23246400,106.36024475097656
2025-08-27,109.68000030517578,110.05999755859375,109.58999633789062,110.02999877929688,25171700,106.39892578125
2025-08-28,110.08000183105469,110.30999755859375,110,110.19999694824219,26892700,106.56330871582031
2025-08-29,109.98999786376953,110.01000213623047,109.75,109.80000305175781,32201100,106.17652893066406
2025-09-02,108.87999725341797,109.08999633789062,108.80999755859375,109.05000305175781,31044800,105.82134246826172
2025-09-03,109.26000213623047,109.83000183105469,109.23999786376953,109.69999694824219,34520600,106.45211029052734
2025-09-04,110.08000183105469,110.45999908447266,109.97000122070312,110.44999694824219,43026600,107.17990112304688
2025-09-05,111.20999908447266,111.30999755859375,111.05999755859375,111.16999816894531,36249000,107.87858581542969
2025-09-08,111.51000213623047,111.62999725341797,111.41999816894531,111.55999755859375,28998000,108.25703430175781
2025-09-09,111.44000244140625,111.55000305175781,111.12000274658203,111.36000061035156,24412500,108.0629653930664
2025-09-10,111.58000183105469,111.98999786376953,111.55000305175781,111.69000244140625,30188100,108.38319396972656
2025-09-11,111.88999938964844,112.33000183105469,111.87000274658203,112.20999908447266,28405600,108.88777923583984
2025-09-12,111.97000122070312,112.04000091552734,111.70999908447266,112.01000213623047,26728500,108.69371032714844
2025-09-15,112.2300033569336,112.41999816894531,112.2300033569336,112.36000061035156,21863600,109.0333480834961
2025-09-16,112.29000091552734,112.4000015258789,112.16000366210938,112.26000213623047,28232600,108.93631744384766
2025-09-17,112.45999908447266,112.63999938964844,111.81999969482422,112.05999755859375,34969800,108.74224090576172
2025-09-18,111.72000122070312,111.87999725341797,111.5199966430664,111.83000183105469,37159300,108.51904296875
2025-09-19,111.73999786376953,111.83999633789062,111.55999755859375,111.73999786376953,26845400,108.43170166015625
2025-09-22,111.63999938964844,111.69999694824219,111.43000030517578,111.48999786376953,25908600,108.18910217285156
2025-09-23,111.6500015258789,111.75,111.48999786376953,111.70999908447266,31575400,108.40260314941406
2025-09-24,111.48999786376953,111.5199966430664,111.16999816894531,111.26000213623047,34756700,107.9659194946289
2025-09-25,111,111.08000183105469,110.68000030517578,111.05999755859375,36991200,107.77184295654297
2025-09-26,111.1500015258789,111.38999938964844,110.98999786376953,111.20999908447266,31962100,107.91738891601562
2025-09-29,111.45999908447266,111.69999694824219,111.41999816894531,111.58000183105469,31961900,108.27643585205078
2025-09-30,111.6500015258789,111.86000061035156,111.37999725341797,111.47000122070312,34939700,108.1697006225586
2025-10-01,111.44000244140625,111.51000213623047,111.2300033569336,111.51000213623047,30262700,108.60408020019531
2025-10-02,111.48999786376953,111.7300033569336,111.41000366210938,111.69000244140625,18259400,108.7793960571289
2025-10-03,111.69000244140625,111.7699966430664,111.4800033569336,111.55000305175781,19971200,108.6430435180664
2025-10-06,111.23999786376953,111.47000122070312,111.16000366210938,111.19000244140625,19553600,108.29241943359375
2025-10-07,111.33999633789062,111.48999786376953,111.16999816894531,111.4000015258789,29459500,108.4969482421875
2025-10-08,111.61000061035156,111.62000274658203,111.25,111.26000213623047,22462100,108.360595703125
2025-10-09,111.16999816894531,111.20999908447266,110.94999694824219,111.04000091552734,29660700,108.14632415771484
2025-10-10,111.4800033569336,111.55000305175781,111.27999877929688,111.3499984741211,39146400,108.44824981689453
2025-10-13,111.4000015258789,111.80000305175781,111.33000183105469,111.7300033569336,11235900,108.81835174560547
2025-10-14,111.5199966430664,112.12999725341797,111.4800033569336,112.0999984741211,43975300,109.17870330810547
2025-10-15,112.26000213623047,112.5,111.91000366210938,112.0999984741211,45017200,109.17870330810547
2025-10-16,112.05000305175781,112.44000244140625,111.9800033569336,112.41999816894531,39858400,109.49037170410156
2025-10-17,112.29000091552734,112.31999969482422,112.11000061035156,112.19999694824219,35433500,109.2761001586914
2025-10-20,112.45999908447266,112.55999755859375,112.41999816894531,112.54000091552734,26361100,109.60724639892578
2025-10-21,112.81999969482422,112.88999938964844,112.55000305175781,112.55999755859375,27353800,109.62671661376953
2025-10-22,112.55000305175781,112.68000030517578,112.41000366210938,112.66999816894531,41003600,109.73385620117188
2025-10-23,112.5199966430664,112.69000244140625,112.45999908447266,112.52999877929688,27558500,109.59748840332031
2025-10-24,112.77999877929688,112.79000091552734,112.55000305175781,112.72000122070312,29474600,109.78255462646484
2025-10-27,112.70999908447266,112.93000030517578,112.55000305175781,112.91000366210938,23513400,109.96760559082031
2025-10-28,112.8499984741211,112.93000030517578,112.69999694824219,112.91999816894531,34236300,109.97734069824219
2025-10-29,112.86000061035156,112.88999938964844,112.19000244140625,112.27999877929688,36236000,109.35401153564453
2025-10-30,111.62000274658203,112.01000213623047,111.5199966430664,111.68000030517578,46045200,108.7696533203125
2025-10-31,111.77999877929688,111.77999877929688,111.19000244140625,111.2300033569336,57255300,108.33137512207031
2025-11-03,110.58999633789062,110.62000274658203,110.4000015258789,110.52999877929688,53372100,108.04008483886719
2025-11-04,110.45999908447266,110.95999908447266,110.44999694824219,110.68000030517578,62636700,108.18671417236328
2025-11-05,110.6500015258789,110.72000122070312,110.33000183105469,110.3499984741211,43258300,107.8641357421875
2025-11-06,110.80000305175781,110.93000030517578,110.7300033569336,110.93000030517578,37814800,108.43108367919922
2025-11-07,110.6500015258789,110.83999633789062,110.58999633789062,110.70999908447266,42671600,108.2160415649414
2025-11-10,110.7699966430664,110.9000015258789,110.70999908447266,110.7699966430664,45229000,108.2746810913086
2025-11-11,111.05000305175781,111.29000091552734,110.9800033569336,111.20999908447266,11282600,108.70478057861328
2025-11-12,111.13999938964844,111.19000244140625,111,111.0999984741211,39067900,108.59724426269531
2025-11-13,110.79000091552734,110.91000366210938,110.55000305175781,110.55000305175781,34125900,108.05964660644531
2025-11-14,110.63999938964844,110.7300033569336,110.23999786376953,110.25,31437600,107.76640319824219
2025-11-17,110.30999755859375,110.58000183105469,110.25,110.31999969482422,34343300,107.83483123779297
2025-11-18,110.51000213623047,110.58000183105469,110.26000213623047,110.37000274658203,30566000,107.88370513916016
2025-11-19,110.5999984741211,110.66999816894531,110.31999969482422,110.37999725341797,29144800,107.89346313476562
2025-11-20,110.66999816894531,110.80999755859375,110.43000030517578,110.52999877929688,49362200,108.04008483886719
2025-11-21,110.9000015258789,110.95999908447266,110.61000061035156,110.91999816894531,41000500,108.42131042480469
2025-11-24,111.18000030517578,111.36000061035156,111.08999633789062,111.36000061035156,28437900,108.85140228271484
2025-11-25,111.43000030517578,111.9000015258789,111.4000015258789,111.66999816894531,47560900,109.15441131591797
2025-11-26,111.66999816894531,112.05999755859375,111.54000091552734,112.05000305175781,24585400,109.5258560180664
2025-11-28,111.9800033569336,112.0199966430664,111.68000030517578,111.86000061035156,25471200,109.34013366699219
2025-12-01,110.7699966430664,110.88999938964844,110.66000366210938,110.8499984741211,24610100,108.75440979003906
2025-12-02,110.83999633789062,111.05000305175781,110.75,110.91999816894531,34955000,108.82308959960938
2025-12-03,111,111.2699966430664,110.94999694824219,111.16999816894531,20997800,109.068359375
2025-12-04,111.04000091552734,111.05999755859375,110.86000061035156,110.97000122070312,29846500,108.87214660644531
2025-12-05,111.0199966430664,111.02999877929688,110.69999694824219,110.86000061035156,25470000,108.76422882080078
2025-12-08,110.87999725341797,110.88999938964844,110.41000366210938,110.62999725341797,28815200,108.53857421875
2025-12-09,110.86000061035156,110.87999725341797,110.4000015258789,110.48999786376953,29239900,108.4012222290039
2025-12-10,110.45999908447266,111.05999755859375,110.43000030517578,111,34019300,108.90157318115234
2025-12-11,111.19000244140625,111.30999755859375,110.79000091552734,110.83999633789062,41927200,108.74459075927734
2025-12-12,110.30000305175781,110.41000366210938,110.0999984741211,110.16999816894531,39040100,108.0872573852539
2025-12-15,110.52999877929688,110.61000061035156,110.22000122070312,110.30000305175781,22151200,108.21481323242188
2025-12-16,110.18000030517578,110.58999633789062,110.12000274658203,110.55000305175781,31692600,108.4600830078125
2025-12-17,110.43000030517578,110.58000183105469,110.3499984741211,110.43000030517578,22248000,108.34235382080078
2025-12-18,110.8499984741211,110.94000244140625,110.63999938964844,110.8499984741211,31844300,108.75440979003906
2025-12-19,110.27999877929688,110.33999633789062,110.0999984741211,110.12999725341797,28594900,108.47468566894531
2025-12-22,110.18000030517578,110.20999908447266,110.01000213623047,110.11000061035156,17335000,108.4549789428711
2025-12-23,109.91000366210938,110.2699966430664,109.8499984741211,110.22000122070312,16137300,108.56332397460938
2025-12-24,110.43000030517578,110.6500015258789,110.33999633789062,110.6500015258789,6400600,108.98686981201172
2025-12-26,110.75,110.80000305175781,110.47000122070312,110.63999938964844,10589300,108.97702026367188
2025-12-29,110.69000244140625,110.79000091552734,110.58999633789062,110.79000091552734,18943900,109.12477111816406
2025-12-30,110.56999969482422,110.76000213623047,110.4800033569336,110.66000366210938,21486400,108.99671936035156
2025-12-31,110.52999877929688,110.62999725341797,110.19000244140625,110.19000244140625,19124600,108.53378295898438
2026-01-02,110.31999969482422,110.4000015258789,110.04000091552734,110.16000366210938,25676200,108.50424194335938
2026-01-05,110.30000305175781,110.51000213623047,110.16999816894531,110.47000122070312,27771000,108.8095703125
2026-01-06,110.30999755859375,110.4800033569336,110.12999725341797,110.47000122070312,31037300,108.8095703125
2026-01-07,110.75,110.80000305175781,110.52999877929688,110.55000305175781,28107400,108.88836669921875
2026-01-08,110.19999694824219,110.38999938964844,110.19000244140625,110.23999786376953,26395600,108.5830307006836
2026-01-09,110.31999969482422,110.68000030517578,110.22000122070312,110.63999938964844,29660300,108.97702026367188
2026-01-12,110.37000274658203,110.6500015258789,110.31999969482422,110.51000213623047,28990100,108.84896850585938
2026-01-13,110.70999908447266,110.79000091552734,110.52999877929688,110.75,31139200,109.08536529541016
2026-01-14,110.80000305175781,111.04000091552734,110.7699966430664,111.02999877929688,27251900,109.36115264892578
2026-01-15,111.18000030517578,111.19999694824219,110.83999633789062,110.88999938964844,34534800,109.22325897216797
2026-01-16,110.81999969482422,110.87000274658203,110.55000305175781,110.56999969482422,38762100,108.90806579589844
2026-01-20,109.8499984741211,110.1500015258789,109.80999755859375,109.9000015258789,43500200,108.24813842773438
2026-01-21,110.12999725341797,110.66000366210938,110.02999877929688,110.55999755859375,38616500,108.8982162475586
2026-01-22,110.58000183105469,110.87000274658203,110.4800033569336,110.7699966430664,36342900,109.10505676269531
2026-01-23,110.76000213623047,110.86000061035156,110.51000213623047,110.83999633789062,30615300,109.17400360107422
2026-01-26,111.05000305175781,111.12000274658203,110.88999938964844,110.93000030517578,23629800,109.26266479492188
2026-01-27,110.83999633789062,111,110.73999786376953,110.80999755859375,27166000,109.14446258544922
2026-01-28,110.70999908447266,110.73999786376953,110.45999908447266,110.6500015258789,31045900,108.98686981201172
2026-01-29,110.43000030517578,110.70999908447266,110.31999969482422,110.68000030517578,45815500,109.01641845703125
2026-01-30,110.5999984741211,110.73999786376953,110.5199966430664,110.56999969482422,39631400,108.90806579589844
2026-02-02,110.1500015258789,110.31999969482422,110.02999877929688,110.05999755859375,35480300,108.80722045898438
2026-02-03,110.04000091552734,110.13999938964844,109.9000015258789,110.11000061035156,32761700,108.85665893554688
2026-02-04,109.97000122070312,110.05000305175781,109.83000183105469,109.97000122070312,31344400,108.71826171875
2026-02-05,110.19000244140625,110.54000091552734,110.12000274658203,110.5,23929700,109.24221801757812
2026-02-06,110.47000122070312,110.5999984741211,110.30999755859375,110.55999755859375,29022200,109.3015365600586
2026-02-09,110.37000274658203,110.61000061035156,110.29000091552734,110.55999755859375,27356900,109.3015365600586
2026-02-10,110.9000015258789,111.04000091552734,110.7699966430664,110.81999969482422,34509800,109.55857849121094
2026-02-11,110.62999725341797,110.91000366210938,110.5999984741211,110.69999694824219,29955300,109.43994140625
2026-02-12,110.98999786376953,111.29000091552734,110.97000122070312,111.22000122070312,39724200,109.95402526855469
2026-02-13,111.55000305175781,111.5999984741211,111.41999816894531,111.58999633789062,33609900,110.31981658935547
2026-02-17,111.56999969482422,111.73999786376953,111.48999786376953,111.69999694824219,33132600,110.42855834960938
2026-02-18,111.56999969482422,111.7300033569336,111.51000213623047,111.58999633789062,40087000,110.31981658935547
2026-02-19,111.41000366210938,111.68000030517578,111.4000015258789,111.68000030517578,30394400,110.40878295898438
2026-02-20,111.62000274658203,111.69000244140625,111.4000015258789,111.58999633789062,44837400,110.31981658935547
2026-02-23,111.62000274658203,111.83000183105469,111.58000183105469,111.70999908447266,33323600,110.43844604492188
2026-02-24,111.62999725341797,111.73999786376953,111.47000122070312,111.68000030517578,37797100,110.40878295898438
2026-02-25,111.5999984741211,111.7699966430664,111.56999969482422,111.6500015258789,33682200,110.3791275024414
2026-02-26,111.63999938964844,111.73999786376953,111.54000091552734,111.72000122070312,33031800,110.44833374023438
2026-02-27,111.69999694824219,111.93000030517578,111.66000366210938,111.68000030517578,48343700,110.40878295898438
2026-03-02,110.83999633789062,110.9800033569336,110.68000030517578,110.91999816894531,54854600,110.0347900390625
2026-03-03,110.16999816894531,111.12999725341797,110.16999816894531,110.87000274658203,78775000,109.98519897460938
2026-03-04,110.93000030517578,111.16999816894531,110.83000183105469,110.97000122070312,49023300,110.08439636230469
2026-03-05,110.41999816894531,110.5999984741211,110.29000091552734,110.52999877929688,47318400,109.64790344238281
2026-03-06,109.95999908447266,110.5199966430664,109.7699966430664,110.16000366210938,58242900,109.28086853027344
2026-03-09,109.83999633789062,110.87000274658203,109.83999633789062,110.81999969482422,44312100,109.93559265136719
2026-03-10,110.4000015258789,110.69999694824219,110.05000305175781,110.05999755859375,71501200,109.18165588378906
2026-03-11,109.63999938964844,109.76000213623047,109.01000213623047,109.16000366210938,66523500,108.2888412475586
2026-03-12,108.95999908447266,108.9800033569336,108.3499984741211,108.56999969482422,72750200,107.70354461669922
2026-03-13,108.79000091552734,108.98999786376953,108.0199966430664,108.16999816894531,54605100,107.3067398071289
2026-03-16,108.9000015258789,109.02999877929688,108.55999755859375,108.69000244140625,65430000,107.82259368896484
2026-03-17,109.01000213623047,109.33000183105469,108.98999786376953,109.30000305175781,53953900,108.42772674560547
2026-03-18,109.12999725341797,109.31999969482422,108.70999908447266,108.70999908447266,60360000,107.8424301147461
2026-03-19,108.30999755859375,109.3499984741211,108.30999755859375,109.19000244140625,60271200,108.318603515625
2026-03-20,108.69000244140625,108.80000305175781,107.75,107.8499984741211,66608900,106.98929595947266
2026-03-23,108.19999694824219,108.91000366210938,108.05000305175781,108.55999755859375,54512800,107.6936264038086
2026-03-24,108.06999969482422,108.62999725341797,107.94999694824219,108.33999633789062,46515300,107.47537994384766
2026-03-25,109,109.05000305175781,108.69000244140625,108.7300033569336,48616300,107.86227416992188
2026-03-26,108.27999877929688,108.58000183105469,107.83999633789062,107.87999725341797,42072700,107.01905822753906
2026-03-27,107.47000122070312,107.87000274658203,107.36000061035156,107.62000274658203,42578500,106.7611312866211
2026-03-30,108.44000244140625,108.58999633789062,108.19999694824219,108.30999755859375,42677000,107.44561767578125
2026-03-31,108.72000122070312,109.19999694824219,108.5999984741211,108.98999786376953,57883800,108.12019348144531
2026-04-01,108.48999786376953,108.94999694824219,108.48999786376953,108.66000366210938,37445300,108.23574829101562
2026-04-02,108.41000366210938,109.25,108.37000274658203,109.12000274658203,27148600,108.6939468383789
2026-04-06,108.87000274658203,109.26000213623047,108.87000274658203,108.94999694824219,29080500,108.52460479736328
2026-04-07,108.86000061035156,109.1500015258789,108.2699966430664,109.06999969482422,41258900,108.6441421508789
2026-04-08,109.9800033569336,110,109.29000091552734,109.48999786376953,63694700,109.0625
2026-04-09,109.30999755859375,109.79000091552734,109.16000366210938,109.48999786376953,39122000,109.0625
2026-04-10,109.47000122070312,109.55000305175781,109.1500015258789,109.19999694824219,22857000,108.77362823486328
2026-04-13,109.13999938964844,109.68000030517578,109.11000061035156,109.62000274658203,19904200,109.1919937133789
2026-04-14,109.72000122070312,110.08000183105469,109.66999816894531,109.9800033569336,29507800,109.55059051513672
2026-04-15,109.8499984741211,109.95999908447266,109.76000213623047,109.94000244140625,30074300,109.5107421875
2026-04-16,110.01000213623047,110.0199966430664,109.41000366210938,109.43000030517578,25833300,109.00273132324219
2026-04-17,110.12999725341797,110.29000091552734,109.97000122070312,110.04000091552734,44767700,109.6103515625
2026-04-20,110.04000091552734,110.12000274658203,109.80000305175781,110.02999877929688,19935900,109.60038757324219
2026-04-21,109.94000244140625,110.02999877929688,109.58000183105469,109.61000061035156,26008100,109.1820297241211
2026-04-22,109.95999908447266,110.11000061035156,109.77999877929688,109.81999969482422,17815000,109.3912124633789
2026-04-23,109.80000305175781,109.94999694824219,109.26000213623047,109.5199966430664,25668600,109.09237670898438
2026-04-24,109.5,109.7300033569336,109.31999969482422,109.5999984741211,23212600,109.17206573486328
2026-04-27,109.5199966430664,109.58999633789062,109.19999694824219,109.29000091552734,21833200,108.86328125
2026-04-28,109.06999969482422,109.33999633789062,108.94999694824219,109.33999633789062,25603500,108.9130859375
2026-04-29,109.04000091552734,109.04000091552734,108.56999969482422,108.7300033569336,21800900,108.30547332763672
2026-04-30,108.88999938964844,109.06999969482422,108.73999786376953,108.8499984741211,45530700,108.42499542236328
2026-05-01,108.55000305175781,109.01000213623047,108.45999908447266,108.5999984741211,34755500,108.5999984741211
2026-05-04,108.45999908447266,108.47000122070312,107.91999816894531,108.25,21983900,108.25
2026-05-05,108.47000122070312,108.79000091552734,108.41000366210938,108.6500015258789,33609700,108.6500015258789
2026-05-06,109.18000030517578,109.31999969482422,109.0999984741211,109.19000244140625,28417400,109.19000244140625
2026-05-07,109.37000274658203,109.38999938964844,108.68000030517578,108.73999786376953,24184900,108.73999786376953
2026-05-08,109.1500015258789,109.29000091552734,109.08999633789062,109.19999694824219,17502000,109.19999694824219
